variable,bin,model,n_flights,small_sample_warning,mae_mah,mean_signed_error_mah,mean_underprediction_mah,p95_underprediction_mah
true_wind_speed,high,training_mean,13,False,392.3680980082919,-57.636181059049996,225.00213953367094,851.6867445644807
true_wind_speed,mid,training_mean,17,False,393.72643930657057,-51.63877846181042,222.6826088841905,688.4778749355746
true_wind_speed,low,training_mean,9,False,398.8269306516292,230.9387716233988,83.9440795141152,361.803502376981
true_wind_speed,high,nominal_time_x_current,13,False,173.02904920452073,-102.79174313185537,137.91039616818804,457.97708607204635
true_wind_speed,mid,nominal_time_x_current,17,False,192.82949637393187,-177.5476832672265,185.18858982057918,371.6904212757398
true_wind_speed,low,nominal_time_x_current,9,False,113.27849431018215,-112.98699205799748,113.13274318408982,218.9711074316203
true_wind_speed,high,px4_style_multicopter_time_x_current,13,False,217.79438953216183,-217.79438953216183,217.79438953216183,517.2146179200438
true_wind_speed,mid,px4_style_multicopter_time_x_current,17,False,124.8497730942105,-124.8497730942105,124.8497730942105,242.24035303989717
true_wind_speed,low,px4_style_multicopter_time_x_current,9,False,113.67493939317545,-113.67493939317545,113.67493939317545,162.79294962170064
true_wind_speed,high,ridge__f0_route_and_wind,13,False,113.11411020891968,5.108316840157503,54.002896684381085,219.04719004950812
true_wind_speed,mid,ridge__f0_route_and_wind,17,False,43.23711224772526,-4.091698632902528,23.664405440313892,103.5174353002535
true_wind_speed,low,ridge__f0_route_and_wind,9,False,59.634944544690974,16.146991674360986,21.743976435164996,71.7712577098253
true_wind_speed,high,neural_network__f0_route_and_wind,13,False,58.56678796750888,10.71435943869899,23.926214264404944,125.97497695999724
true_wind_speed,mid,neural_network__f0_route_and_wind,17,False,30.56616659101347,21.902688718882843,4.331738936065315,36.56984693677974
true_wind_speed,low,neural_network__f0_route_and_wind,9,False,25.95400766939651,12.77527310671318,6.589367281341664,33.83539305253596
true_wind_speed,high,xgboost__f0_route_and_wind,13,False,82.4502021571291,-15.438554771311775,48.94437846422044,209.61415283203104
true_wind_speed,mid,xgboost__f0_route_and_wind,17,False,55.61567484290492,-20.26539743708124,37.94053613999308,111.78602539062464
true_wind_speed,low,xgboost__f0_route_and_wind,9,False,34.49698164198138,-4.3678109063042205,19.4323962741428,44.704276733398416
true_wind_speed,high,ridge__f1_vehicle_symptoms,13,False,123.17143488463745,43.06726279803367,40.052086043301884,193.86365436656524
true_wind_speed,mid,ridge__f1_vehicle_symptoms,17,False,39.82228391824933,-10.161026774667175,24.991655346458256,103.58763046537044
true_wind_speed,low,ridge__f1_vehicle_symptoms,9,False,47.06337429054916,-0.0006666756436415097,23.532020483096403,62.81282442254263
true_wind_speed,high,neural_network__f1_vehicle_symptoms,13,False,90.49913149776741,18.172290795417787,36.163420351174814,162.76926789915134
true_wind_speed,mid,neural_network__f1_vehicle_symptoms,17,False,35.75590124204007,2.301294251143103,16.72730349544848,46.19083715976598
true_wind_speed,low,neural_network__f1_vehicle_symptoms,9,False,20.116247951844166,-1.1950613194059718,10.65565463562507,44.34561675061698
true_wind_speed,high,xgboost__f1_vehicle_symptoms,13,False,92.13153854535024,10.012837769253128,41.05935038804856,180.95292236328103
true_wind_speed,mid,xgboost__f1_vehicle_symptoms,17,False,61.26008732211082,-31.681696696042636,46.470892009076735,167.85645996093734
true_wind_speed,low,xgboost__f1_vehicle_symptoms,9,False,28.618843756781708,5.327874586317307,11.6454845852322,45.80553131103515
true_wind_speed,high,ridge__f2_physics_informed,13,False,54.68701092290015,1.2505136089297717,26.71824865698519,117.02226926575568
true_wind_speed,mid,ridge__f2_physics_informed,17,False,17.031170680954794,-5.14451424447949,11.087842462717143,34.67046012920024
true_wind_speed,low,ridge__f2_physics_informed,9,False,23.28239240827007,-6.0340706294172035,14.658231518843637,43.85167714712527
true_wind_speed,high,neural_network__f2_physics_informed,13,False,40.094900231429854,-23.51149117121004,31.803195701319947,107.35090037085007
true_wind_speed,mid,neural_network__f2_physics_informed,17,False,34.173441741183204,1.0989439901324043,16.5372488755254,53.932133955540195
true_wind_speed,low,neural_network__f2_physics_informed,9,False,29.136101321812564,-3.161967738296236,16.1490345300544,40.10091786406956
true_wind_speed,high,xgboost__f2_physics_informed,13,False,56.124837824196376,-5.179404192886295,30.652121008541336,113.38161376953096
true_wind_speed,mid,xgboost__f2_physics_informed,17,False,44.890547387137495,-11.358099068515063,28.12432322782628,113.68602050781234
true_wind_speed,low,xgboost__f2_physics_informed,9,False,33.22795121934679,-9.089768642849357,21.158859931098075,87.47593505859365
true_wind_speed,high,neural_network_true_wind_oracle,13,False,55.23148017243027,-0.6709519553059565,27.951216063868113,120.34678079772375
true_wind_speed,mid,neural_network_true_wind_oracle,17,False,26.106830693495823,-2.248826199548148,14.177828446521985,36.36980110069297
true_wind_speed,low,neural_network_true_wind_oracle,9,False,20.346232247816587,4.468200986566217,7.939015630625186,28.305292158555268
true_wind_speed,high,xgboost_true_wind_oracle,13,False,72.1363246406026,-3.64275492906418,37.88953978483339,138.93759521484347
true_wind_speed,mid,xgboost_true_wind_oracle,17,False,42.58176018210019,-17.650453876649255,30.11610702937472,104.58726562499979
true_wind_speed,low,xgboost_true_wind_oracle,9,False,26.636736212836354,-8.893866136338943,17.76530117458765,61.11148925781243
wind_route_regime,tailwind,training_mean,19,False,465.18131557426676,-56.36270395098717,260.7720097626269,745.8188783535433
wind_route_regime,headwind,training_mean,16,False,320.20418774470807,23.362423648977142,148.42088204786546,594.1940941128207
wind_route_regime,crosswind,training_mean,4,True,355.4662795894403,287.10298841932104,34.18164558505964,69.40491716433662
wind_route_regime,tailwind,nominal_time_x_current,19,False,253.06530182541863,-253.06530182541863,253.06530182541863,459.55669030241296
wind_route_regime,headwind,nominal_time_x_current,16,False,81.23874578839275,-7.770038161623809,44.50439197500828,142.83552630894837
wind_route_regime,crosswind,nominal_time_x_current,4,True,109.73121487750308,-109.73121487750308,109.73121487750308,126.5101320489678
wind_route_regime,tailwind,px4_style_multicopter_time_x_current,19,False,97.8518306365068,-97.8518306365068,97.8518306365068,132.67233816397112
wind_route_regime,headwind,px4_style_multicopter_time_x_current,16,False,227.65239817868448,-227.65239817868448,227.65239817868448,465.7834285185174
wind_route_regime,crosswind,px4_style_multicopter_time_x_current,4,True,118.80612702642023,-118.80612702642023,118.80612702642023,148.87250515040947
wind_route_regime,tailwind,ridge__f0_route_and_wind,19,False,59.52967900863146,-1.9718834901968099,30.750781249414132,102.34315737153187
wind_route_regime,headwind,ridge__f0_route_and_wind,16,False,91.4420244304381,19.333257393761382,36.054383518338355,180.16750691925984
wind_route_regime,crosswind,ridge__f0_route_and_wind,4,True,37.02313744462418,-32.42354118862232,34.72333931662325,80.12867172537432
wind_route_regime,tailwind,neural_network__f0_route_and_wind,19,False,29.628834179775488,21.95141578822203,3.8387091957767288,36.41612687751934
wind_route_regime,headwind,neural_network__f0_route_and_wind,16,False,54.77572754754112,8.394580277204653,23.190573635168235,102.96103232533528
wind_route_regime,crosswind,neural_network__f0_route_and_wind,4,True,18.8049136182552,18.8049136182552,0.0,0.0
wind_route_regime,tailwind,xgboost__f0_route_and_wind,19,False,49.641100453646025,-2.238300823594968,25.939700638620497,103.62611572265591
wind_route_regime,headwind,xgboost__f0_route_and_wind,16,False,77.56380904331675,-35.92634127750865,56.745075160412696,200.22350921630843
wind_route_regime,crosswind,xgboost__f0_route_and_wind,4,True,35.897520459388005,8.206477368567645,13.84552154541018,47.07477325439459
wind_route_regime,tailwind,ridge__f1_vehicle_symptoms,19,False,58.81273382568014,6.734123319063063,26.03930525330854,101.97242148993219
wind_route_regime,headwind,ridge__f1_vehicle_symptoms,16,False,90.28756420071235,22.107573290381488,34.089995455165436,157.3098121066746
wind_route_regime,crosswind,ridge__f1_vehicle_symptoms,4,True,34.93371970653686,-23.634638645999758,29.28417917626831,73.42398959755769
wind_route_regime,tailwind,neural_network__f1_vehicle_symptoms,19,False,43.575871978016735,20.841651490700052,11.36711024365834,35.78787729518097
wind_route_regime,headwind,neural_network__f1_vehicle_symptoms,16,False,68.6000315632478,-9.886086497804548,39.24305903052617,131.10586113473693
wind_route_regime,crosswind,neural_network__f1_vehicle_symptoms,4,True,9.96079738949311,6.698059094195514,1.6313691476487975,4.829918109800131
wind_route_regime,tailwind,xgboost__f1_vehicle_symptoms,19,False,60.913337549555585,-4.383757238068651,32.648547393812116,154.30164306640594
wind_route_regime,headwind,xgboost__f1_vehicle_symptoms,16,False,76.12988837376108,-24.903071624188335,50.5164799989747,169.75781097412096
wind_route_regime,crosswind,xgboost__f1_vehicle_symptoms,4,True,30.317362988684835,30.317362988684835,0.0,0.0
wind_route_regime,tailwind,ridge__f2_physics_informed,19,False,25.09702500411281,2.440651950775604,11.328186526668603,31.81163526419539
wind_route_regime,headwind,ridge__f2_physics_informed,16,False,40.03417836665923,-6.0930583815512875,23.06361837410526,104.12891019564296
wind_route_regime,crosswind,ridge__f2_physics_informed,4,True,23.153061575918258,-18.59753846618375,20.875300021051004,42.90526470873858
wind_route_regime,tailwind,neural_network__f2_physics_informed,19,False,32.41157962524075,0.5898155747139048,15.91088202526342,51.97683939739748
wind_route_regime,headwind,neural_network__f2_physics_informed,16,False,40.390310131483716,-19.836672915725643,30.11349152360468,84.6875538837171
wind_route_regime,crosswind,neural_network__f2_physics_informed,4,True,25.585537380425507,-2.311194076524913,13.94836572847521,28.50308173828582
wind_route_regime,tailwind,xgboost__f2_physics_informed,19,False,41.82958890193957,-28.35350307482852,35.09154598838405,114.6053112792968
wind_route_regime,headwind,xgboost__f2_physics_informed,16,False,45.97979586735246,2.095623749346821,21.94208605900282,91.97479095458971
wind_route_regime,crosswind,xgboost__f2_physics_informed,4,True,65.34370881388006,40.73968049356765,12.302014160156205,41.82684814453108
wind_route_regime,tailwind,neural_network_true_wind_oracle,19,False,24.88069352103431,2.4979942522137972,11.191349634410257,34.72817847964784
wind_route_regime,headwind,neural_network_true_wind_oracle,16,False,48.12628569958522,-5.422856454157007,26.774571076871112,91.54216840729327
wind_route_regime,crosswind,neural_network_true_wind_oracle,4,True,25.546926542089096,8.141300135562489,8.702813203263304,22.06731713021986
wind_route_regime,tailwind,xgboost_true_wind_oracle,19,False,45.08500084862495,-22.81951934230385,33.952260095464396,102.79489013671848
wind_route_regime,headwind,xgboost_true_wind_oracle,16,False,63.20847476139539,0.07152249202260208,31.568476134686392,117.80381276784851
wind_route_regime,crosswind,xgboost_true_wind_oracle,4,True,8.360539258215994,1.2420456058723346,3.5592468261718295,12.101439208984216
payload_mass,mid,training_mean,14,False,351.83825047687975,-48.49884897037616,200.168549723628,705.6742201504185
payload_mass,high,training_mean,11,False,472.6638470116819,-93.92589509382225,283.29487105275206,864.0478767666293
payload_mass,low,training_mean,14,False,375.6099495985242,154.53486347210523,110.5375430632095,356.01114703030146
payload_mass,mid,nominal_time_x_current,14,False,144.77015184192712,-126.2136644980706,135.49190816999885,333.7327904313029
payload_mass,high,nominal_time_x_current,11,False,162.10854204190906,-78.862314840608,120.48542844125853,350.2822860823562
payload_mass,low,nominal_time_x_current,14,False,195.50067418280508,-195.50067418280508,195.50067418280508,454.61531625895094
payload_mass,mid,px4_style_multicopter_time_x_current,14,False,170.49259609322328,-170.49259609322328,170.49259609322328,327.3255707371505
payload_mass,high,px4_style_multicopter_time_x_current,11,False,183.9365398326179,-183.9365398326179,183.9365398326179,465.9905287096128
payload_mass,low,px4_style_multicopter_time_x_current,14,False,111.90352697102422,-111.90352697102422,111.90352697102422,191.82607477623472
payload_mass,mid,ridge__f0_route_and_wind,14,False,46.55234223832408,-25.279883455619395,35.916112846971735,113.77139043694636
payload_mass,high,ridge__f0_route_and_wind,11,False,101.64904176462561,8.33309673245414,46.657972516085735,211.07774257936106
payload_mass,low,ridge__f0_route_and_wind,14,False,69.45404222014893,28.88760511097353,20.2832185545877,90.75213589254102
payload_mass,mid,neural_network__f0_route_and_wind,14,False,22.940551974315593,14.420884822164444,4.259833576075574,22.126442036634934
payload_mass,high,neural_network__f0_route_and_wind,11,False,70.42663449024191,23.128622361923508,23.649006064159206,130.06953335287562
payload_mass,low,neural_network__f0_route_and_wind,14,False,29.908459829738117,12.1644718137895,8.871994007974308,41.90254344600308
payload_mass,mid,xgboost__f0_route_and_wind,14,False,63.914143003173216,-41.597355870738895,52.75574943695606,162.6102282714843
payload_mass,high,xgboost__f0_route_and_wind,11,False,80.68237235329363,-18.47711084539239,49.57974159934301,172.78151550292955
payload_mass,low,xgboost__f0_route_and_wind,14,False,38.96341694423139,14.363423919677757,12.299996512276818,47.36605529785149
payload_mass,mid,ridge__f1_vehicle_symptoms,14,False,37.06491437029024,-20.35392376180203,28.709419066046134,103.42963788189658
payload_mass,high,ridge__f1_vehicle_symptoms,11,False,100.64657355015324,20.56923824769434,40.03866765122945,198.22679604845098
payload_mass,low,ridge__f1_vehicle_symptoms,14,False,76.83976703497991,31.84459093320669,22.497588050886616,86.98897203674127
payload_mass,mid,neural_network__f1_vehicle_symptoms,14,False,31.64821906979395,-14.139478133286811,22.89384860154038,63.43295479282525
payload_mass,high,neural_network__f1_vehicle_symptoms,11,False,83.5485635301924,8.70640735324418,37.42107808847411,174.08861010748012
payload_mass,low,neural_network__f1_vehicle_symptoms,14,False,43.091142595930236,26.199174551109973,8.44598402241013,26.228029294854412
payload_mass,mid,xgboost__f1_vehicle_symptoms,14,False,56.20345190649465,-37.909834072468804,47.05664298948172,144.3701892089843
payload_mass,high,xgboost__f1_vehicle_symptoms,11,False,93.06543398770413,-13.253317122025909,53.15937555486502,251.01418151855455
payload_mass,low,xgboost__f1_vehicle_symptoms,14,False,49.00949848720014,22.575220271519274,13.217139107840435,65.81822814941401
payload_mass,mid,ridge__f2_physics_informed,14,False,22.563884295072366,-14.408464590686549,18.486174442879456,74.03891129021625
payload_mass,high,ridge__f2_physics_informed,11,False,44.35840273185271,-3.5171763649392047,23.93778954839596,123.23311402197578
payload_mass,low,ridge__f2_physics_informed,14,False,29.011840361926513,8.2071959556517,10.402322203137405,42.38179281252387
payload_mass,mid,neural_network__f2_physics_informed,14,False,26.99198107634439,-8.445090015898911,17.71853554612165,41.2761680924447
payload_mass,high,neural_network__f2_physics_informed,11,False,58.03513820809621,-15.767473391177408,36.90130579963681,133.78938837003238
payload_mass,low,neural_network__f2_physics_informed,14,False,24.866633510509708,-1.6965413937578222,13.281587452133765,47.83668929667268
payload_mass,mid,xgboost__f2_physics_informed,14,False,47.878342614292144,5.172960116984322,21.35269124865391,68.66108642578129
payload_mass,high,xgboost__f2_physics_informed,11,False,74.42174668745555,-29.772049366344092,52.09689802689982,163.04299011230455
payload_mass,low,xgboost__f2_physics_informed,14,False,21.634124864850737,-6.2254825047084035,13.92980368477957,52.175682373046705
payload_mass,mid,neural_network_true_wind_oracle,14,False,23.93165150653144,-7.720765392620486,15.826208449575963,41.86167982118495
payload_mass,high,neural_network_true_wind_oracle,11,False,58.30164433350806,2.6583609047381844,27.82164171438494,144.90760944217186
payload_mass,low,neural_network_true_wind_oracle,14,False,26.327160392953065,5.15072382945477,10.588218281749148,31.100788769226043
payload_mass,mid,xgboost_true_wind_oracle,14,False,49.04092421548567,-27.66731087910943,38.35411754729755,95.77101364766271
payload_mass,high,xgboost_true_wind_oracle,11,False,77.13207383589305,-1.6181852860884087,39.375129560990736,161.15468444824205
payload_mass,low,xgboost_true_wind_oracle,14,False,26.169072723388663,-1.593995339529832,13.881534031459248,57.16066131591796
distance_home,far,training_mean,14,False,417.2013907907155,-405.98650486493824,411.5939478278269,840.6420976528599
distance_home,near,training_mean,14,False,519.4523466280797,512.3952590256761,3.528543801201766,17.289864625888633
distance_home,mid,training_mean,11,False,206.40225402918412,-94.40029102346972,150.40127252632692,499.2264198574496
distance_home,far,nominal_time_x_current,14,False,288.76864912586956,-250.60753380055243,269.68809146321104,470.3238107265184
distance_home,near,nominal_time_x_current,14,False,100.5577731575668,-77.3251631254254,88.94146814149612,169.3770035926072
distance_home,mid,nominal_time_x_current,11,False,99.67414680355827,-70.94804071047794,85.31109375701811,177.62794442537188
distance_home,far,px4_style_multicopter_time_x_current,14,False,155.27753591385053,-155.27753591385053,155.27753591385053,373.605756299439
distance_home,near,px4_style_multicopter_time_x_current,14,False,116.4597461413039,-116.4597461413039,116.4597461413039,198.56212095862685
distance_home,mid,px4_style_multicopter_time_x_current,11,False,197.50233748055453,-197.50233748055453,197.50233748055453,339.49615737841714
distance_home,far,ridge__f0_route_and_wind,14,False,82.87721252738963,7.684494646330444,37.59635894052959,190.72735492688395
distance_home,near,ridge__f0_route_and_wind,14,False,80.79115324444426,11.961079405449945,34.415036919497155,105.27885219333591
distance_home,mid,ridge__f0_route_and_wind,11,False,40.988338274893586,-12.078715408452002,26.533526841672792,98.61905680335053
distance_home,far,neural_network__f0_route_and_wind,14,False,52.0381270987452,9.65651036037668,21.19080836918426,114.79463614785132
distance_home,near,neural_network__f0_route_and_wind,14,False,30.716894628211882,24.26844097242982,3.224226827891033,18.419496856729555
distance_home,mid,neural_network__f0_route_and_wind,11,False,32.36444004291035,13.787320020474805,9.288560011217772,43.90234592735544
distance_home,far,xgboost__f0_route_and_wind,14,False,62.475837669687834,-38.20248700246621,50.339162336077024,184.52173004150387
distance_home,near,xgboost__f0_route_and_wind,14,False,58.5682685437704,31.445808696183885,13.56122992379326,43.45655296325682
distance_home,mid,xgboost__f0_route_and_wind,11,False,57.56131346922538,-44.53907002965632,51.05019174944085,143.30443115234345
distance_home,far,ridge__f1_vehicle_symptoms,14,False,81.3643728424487,13.671414006346042,33.84647941805133,155.67112784114727
distance_home,near,ridge__f1_vehicle_symptoms,14,False,83.09527531621688,18.104746133578733,32.49526459131908,106.01044392852778
distance_home,mid,ridge__f1_vehicle_symptoms,11,False,36.30388859128634,-5.2486618940585315,20.776275242672433,77.761144071942
distance_home,far,neural_network__f1_vehicle_symptoms,14,False,60.75353493122413,-4.36852151080289,32.56102822101351,129.82401242513282
distance_home,near,neural_network__f1_vehicle_symptoms,14,False,53.52137261638444,36.54407837257873,8.488647121902854,38.04283136956505
distance_home,mid,neural_network__f1_vehicle_symptoms,11,False,33.23059604415773,-16.895596848150138,25.06309644615393,66.87154596233768
distance_home,far,xgboost__f1_vehicle_symptoms,14,False,85.60193019898472,-37.16952801809121,61.385729108537966,243.42993743896474
distance_home,near,xgboost__f1_vehicle_symptoms,14,False,51.56044130381617,36.33540917748969,7.612516063163241,37.36132286071787
distance_home,mid,xgboost__f1_vehicle_symptoms,11,False,52.402534394296374,-31.70849252610519,42.055513460200785,144.63585205078095
distance_home,far,ridge__f2_physics_informed,14,False,40.147489470622304,-4.6443116684232075,22.395900569522755,109.62433656470631
distance_home,near,ridge__f2_physics_informed,14,False,24.875682609690234,8.12901371494276,8.373334447373736,31.911173462908778
distance_home,mid,ridge__f2_physics_informed,11,False,27.243469647635326,-15.84477541419026,21.544122530912794,76.02377293373286
distance_home,far,neural_network__f2_physics_informed,14,False,40.952375666256835,-13.21212067645487,27.08224817135585,114.52491898522715
distance_home,near,neural_network__f2_physics_informed,14,False,32.044154386105916,0.46188922046381514,15.791132582821051,48.00249202376102
distance_home,mid,neural_network__f2_physics_informed,11,False,31.13233670653974,-12.44743696857009,21.789886837554914,42.470768483573124
distance_home,far,xgboost__f2_physics_informed,14,False,54.56673209630613,-51.15310084175193,52.85991646902903,152.87882110595683
distance_home,near,xgboost__f2_physics_informed,14,False,32.54616139219388,15.79060501314817,8.377778189522855,39.70284805297855
distance_home,mid,xgboost__f2_physics_informed,11,False,52.0212044937283,13.895189558411857,19.06300746765822,83.40439453124986
distance_home,far,neural_network_true_wind_oracle,14,False,39.964509928001384,-12.489132370299703,26.226821149150542,117.71032316698924
distance_home,near,neural_network_true_wind_oracle,14,False,31.270796705728067,20.82940013621479,5.220698284756638,27.83625077106792
distance_home,mid,neural_network_true_wind_oracle,11,False,31.604287399014495,-11.227487332273746,21.41588736564412,42.247710883198124
distance_home,far,xgboost_true_wind_oracle,14,False,63.74482796228764,-48.94015790090371,56.34249293159568,154.75947418212888
distance_home,near,xgboost_true_wind_oracle,14,False,35.14709610201531,24.918543419956205,5.1142763410295515,19.32618621826151
distance_home,mid,xgboost_true_wind_oracle,11,False,46.991439312620265,-8.286883861332461,27.639161586976364,80.05979790805782
altitude,high,training_mean,12,False,371.399286410862,-191.0018342607294,281.2005603357956,714.544273861356
altitude,low,training_mean,12,False,451.16608329341346,337.85688236560867,56.6546004639024,297.45664263576987
altitude,mid,training_mean,15,False,367.5195121155235,-87.39608135109263,227.45779673330804,815.9780244717072
altitude,high,nominal_time_x_current,12,False,158.13567002647721,-139.23125400417845,148.68346201532782,334.46838047162805
altitude,low,nominal_time_x_current,12,False,118.98356271032326,-118.98356271032326,118.98356271032326,194.19357092697976
altitude,mid,nominal_time_x_current,15,False,214.77031559770967,-151.52722694699514,183.14877127235243,468.1703866416973
altitude,high,px4_style_multicopter_time_x_current,12,False,126.49367284968348,-126.49367284968348,126.49367284968348,221.37690771233545
altitude,low,px4_style_multicopter_time_x_current,12,False,143.8015900323138,-143.8015900323138,143.8015900323138,240.62299510889252
altitude,mid,px4_style_multicopter_time_x_current,15,False,182.2203004316196,-182.2203004316196,182.2203004316196,482.92715831902603
altitude,high,ridge__f0_route_and_wind,12,False,70.44614021260487,30.363507046610778,20.04131658299705,95.98154207997905
altitude,low,ridge__f0_route_and_wind,12,False,57.569966031168974,-13.046343889480795,35.308154960324885,97.6389625025989
altitude,mid,ridge__f0_route_and_wind,15,False,80.40237112694786,-4.375586043573758,42.3889785852608,193.1274012960091
altitude,high,neural_network__f0_route_and_wind,12,False,33.00872827372359,19.257971698297865,6.875378287712863,36.849089699837045
altitude,low,neural_network__f0_route_and_wind,12,False,26.124441690383065,17.696382657294738,4.214029516544163,22.755759389338447
altitude,mid,neural_network__f0_route_and_wind,15,False,53.66540700534221,12.210505774493503,20.727450615424353,103.52397699157575
altitude,high,xgboost__f0_route_and_wind,12,False,61.7535343170166,-49.748046239217125,55.75079027811686,123.9730249023435
altitude,low,xgboost__f0_route_and_wind,12,False,32.760202022163696,3.575707415115744,14.592247303523976,43.88760726928715
altitude,mid,xgboost__f0_route_and_wind,15,False,79.57513993864873,-2.03034671499704,40.802743326822885,203.3537237548826
altitude,high,ridge__f1_vehicle_symptoms,12,False,54.66165893143667,28.415852202762192,13.122903364337239,58.95243948862324
altitude,low,ridge__f1_vehicle_symptoms,12,False,49.98935599083618,-13.206301695737105,31.597828843286646,96.31406480740598
altitude,mid,ridge__f1_vehicle_symptoms,15,False,96.39771131054626,13.641090336000131,41.37831048727306,169.49442619330466
altitude,high,neural_network__f1_vehicle_symptoms,12,False,36.1248546815726,6.810618063485028,14.657118309043787,50.57683029637824
altitude,low,neural_network__f1_vehicle_symptoms,12,False,38.33813644341431,18.345179842961084,9.996478300226613,47.752987131445394
altitude,mid,neural_network__f1_vehicle_symptoms,15,False,71.45529124349414,-2.484222942809537,36.96975709315184,125.61357126515031
altitude,high,xgboost__f1_vehicle_symptoms,12,False,54.930530166625964,-46.68846575419108,50.80949796040852,139.33089843749977
altitude,low,xgboost__f1_vehicle_symptoms,12,False,25.886334320993132,5.4860925469516815,10.200120887020725,36.77232214557239
altitude,mid,xgboost__f1_vehicle_symptoms,15,False,101.79324703500289,8.93049312875296,46.43137695312497,240.90185607910144
altitude,high,ridge__f2_physics_informed,12,False,22.947216903812176,11.735966511388776,5.6056251962117,19.5088724604731
altitude,low,ridge__f2_physics_informed,12,False,26.31202660352571,-6.398696317205473,16.35536146036559,56.645326000273
altitude,mid,ridge__f2_physics_informed,15,False,41.259443544020634,-12.636929549001252,26.948186546510943,108.42669655234715
altitude,high,neural_network__f2_physics_informed,12,False,26.581387075146058,0.7811535591052726,12.900116758020394,36.23736565357161
altitude,low,neural_network__f2_physics_informed,12,False,34.10586895345208,8.01449533725912,13.045686808096482,39.09887034704829
altitude,mid,neural_network__f2_physics_informed,15,False,42.41067014412253,-28.06485558630123,35.23776286521188,108.10342919029199
altitude,high,xgboost__f2_physics_informed,12,False,37.29305076599129,-16.634795506795246,26.963923136393266,98.58809692382806
altitude,low,xgboost__f2_physics_informed,12,False,40.07144266343973,1.533471086990745,19.268985788224494,69.86609664916995
altitude,mid,xgboost__f2_physics_informed,15,False,57.562655807789284,-10.73413089468454,34.14839335123691,149.49076477050755
altitude,high,neural_network_true_wind_oracle,12,False,25.614424414503343,1.5623590469891064,12.026032683757117,32.19645464813223
altitude,low,neural_network_true_wind_oracle,12,False,31.68199564471764,11.210667915571634,10.235663864573004,36.67893915457619
altitude,mid,neural_network_true_wind_oracle,15,False,43.825627570048,-10.667662365528592,27.246644967788296,108.6445610752616
altitude,high,xgboost_true_wind_oracle,12,False,42.86320355733236,-4.683496475219727,23.773350016276044,82.13141723632785
altitude,low,xgboost_true_wind_oracle,12,False,38.069639074572535,-15.358756085860819,26.714197580216677,79.73549780475201
altitude,mid,xgboost_true_wind_oracle,15,False,62.013243850413694,-12.463419631663706,37.2383317410387,137.09381652832002
ekf_wind_error,low,training_mean,13,False,427.2446367496858,-107.94653325304846,267.5955850013671,851.6867445644807
ekf_wind_error,mid,training_mean,12,False,332.5752871594811,181.77040296842083,75.4024420955301,253.99785854183446
ekf_wind_error,high,training_mean,14,False,417.03524246603354,-23.33003902423269,220.18264074513309,607.6299769863558
ekf_wind_error,low,nominal_time_x_current,13,False,167.3941577379813,-95.44510658729541,131.41963216263832,394.05279935609286
ekf_wind_error,mid,nominal_time_x_current,12,False,110.87685163689207,-90.86338021444318,100.87011592566762,250.61127845341156
ekf_wind_error,high,nominal_time_x_current,14,False,217.16708975505637,-217.16708975505637,217.16708975505637,439.5413476652034
ekf_wind_error,low,px4_style_multicopter_time_x_current,13,False,219.02481941568345,-219.02481941568345,219.02481941568345,517.2146179200438
ekf_wind_error,mid,px4_style_multicopter_time_x_current,12,False,135.5266065132358,-135.5266065132358,135.5266065132358,200.17436110238788
ekf_wind_error,high,px4_style_multicopter_time_x_current,14,False,107.37183789253909,-107.37183789253909,107.37183789253909,161.46620261171466
ekf_wind_error,low,ridge__f0_route_and_wind,13,False,97.0030731764331,-29.68833773674328,63.34570545658819,219.04719004950812
ekf_wind_error,mid,ridge__f0_route_and_wind,12,False,51.166933075113455,20.153511828243932,15.506710623434762,49.93192805837357
ekf_wind_error,high,ridge__f0_route_and_wind,14,False,61.94183525960801,20.448458276477783,20.746688491565116,90.75213589254102
ekf_wind_error,low,neural_network__f0_route_and_wind,13,False,49.35223043178825,0.15580939012528022,24.598210520831483,125.97497695999724
ekf_wind_error,mid,neural_network__f0_route_and_wind,12,False,27.950314568862627,21.744258292832473,3.103028138015077,16.756351945281388
ekf_wind_error,high,neural_network__f0_route_and_wind,14,False,38.39974101498673,25.97522980706396,6.212255603961386,41.36101973648962
ekf_wind_error,low,xgboost__f0_route_and_wind,13,False,100.00507753036314,-38.05652884782225,69.0308031890927,209.61415283203104
ekf_wind_error,mid,xgboost__f0_route_and_wind,12,False,41.77855652948386,-3.2423953137778674,22.51047592163086,69.18989624023428
ekf_wind_error,high,xgboost__f0_route_and_wind,14,False,37.598803492954815,-3.634260559082033,20.616532026018426,74.84329101562484
ekf_wind_error,low,ridge__f1_vehicle_symptoms,13,False,96.94328050723726,-7.378529250680379,52.16090487895882,205.9371907237773
ekf_wind_error,mid,ridge__f1_vehicle_symptoms,12,False,47.955801799039754,22.893642477140087,12.531079660949834,45.182280226534886
ekf_wind_error,high,ridge__f1_vehicle_symptoms,14,False,61.86039861020762,14.880580832676205,23.489908888765708,86.98897203674127
ekf_wind_error,low,neural_network__f1_vehicle_symptoms,13,False,80.56025842009493,-7.062378479706571,43.81131844990075,162.76926789915134
ekf_wind_error,mid,neural_network__f1_vehicle_symptoms,12,False,31.270079109915304,2.904079325408001,14.182999892253653,45.627884276532306
ekf_wind_error,high,neural_network__f1_vehicle_symptoms,14,False,38.775782383716944,22.96915707617855,7.903312653769198,26.93293885203237
ekf_wind_error,low,xgboost__f1_vehicle_symptoms,13,False,103.00234747011794,-26.83772720269004,64.920037336404,180.95292236328103
ekf_wind_error,mid,xgboost__f1_vehicle_symptoms,12,False,33.88387981236145,13.693777171573695,10.095051320393878,44.66847640991215
ekf_wind_error,high,xgboost__f1_vehicle_symptoms,14,False,53.64742889404299,-12.564710998535158,33.106069946289075,141.88793640136697
ekf_wind_error,low,ridge__f2_physics_informed,13,False,40.59448586251429,-19.474637952649836,30.034561907582063,117.02226926575568
ekf_wind_error,mid,ridge__f2_physics_informed,12,False,22.290907127501907,8.719340775939912,6.785783175780996,24.02563381125791
ekf_wind_error,high,ridge__f2_physics_informed,14,False,29.627383821832534,1.6451073691678413,13.991138226332348,57.2869527278274
ekf_wind_error,low,neural_network__f2_physics_informed,13,False,42.663008801471236,-29.9841732161005,36.32359100878587,107.35090037085007
ekf_wind_error,mid,neural_network__f2_physics_informed,12,False,23.56709297302852,0.49720097108773115,11.534946000970393,39.792769326116236
ekf_wind_error,high,neural_network__f2_physics_informed,14,False,37.64163531496767,4.88591379415057,16.37786076040855,54.68022025017209
ekf_wind_error,low,xgboost__f2_physics_informed,13,False,65.39257307010176,-9.665650317173213,37.52911169363749,132.4099487304686
ekf_wind_error,mid,xgboost__f2_physics_informed,12,False,35.15935944696424,12.044678457380988,11.557340494791626,41.16518783569335
ekf_wind_error,high,xgboost__f2_physics_informed,14,False,37.12842821393697,-25.793610273088728,31.46101924351285,118.64895446777332
ekf_wind_error,low,neural_network_true_wind_oracle,13,False,45.168163741550714,-19.871290621035506,32.519727181293106,120.34678079772375
ekf_wind_error,mid,neural_network_true_wind_oracle,12,False,31.24409402937589,12.88363421424082,9.180229907567536,29.717903778724665
ekf_wind_error,high,neural_network_true_wind_oracle,14,False,27.34472837633584,6.927468255026554,10.208630060654643,39.240344863759326
ekf_wind_error,low,xgboost_true_wind_oracle,13,False,77.9277828432387,-33.75455036975735,55.84116660649803,159.8785034179686
ekf_wind_error,mid,xgboost_true_wind_oracle,12,False,36.040424903890624,11.7206580716388,12.159883416125913,47.95567671342337
ekf_wind_error,high,xgboost_true_wind_oracle,14,False,32.560463823590965,-9.23550480433873,20.897984313964848,65.58319580078108
