scenario_id,run_id,raw_log_path,rtl_start_boot_s,disarm_boot_s,decision_window_s,decision_battery_sample_count,distance_home_m,relative_altitude_m,route_bearing_sin,route_bearing_cos,battery_voltage_v,voltage_mean_v,voltage_min_v,voltage_std_v,ekf_wind_north_m_s,ekf_wind_east_m_s,ekf_wind_north_mean_m_s,ekf_wind_north_std_m_s,ekf_wind_east_mean_m_s,ekf_wind_east_std_m_s,current_mean_a,current_std_a,current_q25_a,current_median_a,current_q75_a,current_q90_a,throttle_mean,throttle_std,active_motor_count,motor_output_mean,motor_output_std,motor_output_max,motor_saturation_fraction,roll_abs_mean_rad,pitch_abs_mean_rad,roll_rate_std_rad_s,pitch_rate_std_rad_s,vertical_speed_mean_m_s,vertical_speed_std_m_s,horizontal_speed_mean_m_s,horizontal_speed_std_m_s,planned_rtl_climb_m,headwind_m_s,crosswind_abs_m_s,nominal_horizontal_time_s,nominal_climb_time_s,nominal_descent_time_s,nominal_total_rtl_time_s,required_air_velocity_north_m_s,required_air_velocity_east_m_s,required_airspeed_m_s,required_airspeed_squared_m2_s2,current_time_charge_baseline_mah,payload_mass_kg,true_wind_north_m_s,true_wind_east_m_s,requested_distance_m,requested_outbound_bearing_deg,rtl_charge_mah,rtl_energy_wh,rtl_duration_s,rtl_charge_integrated_mah,rtl_charge_runner_mah,charge_crosscheck_error_mah,charge_crosscheck_tolerance_mah,charge_crosscheck_passed,scenario_family_id,split,seed,ardupilot_commit,patch_hash,parameter_file_hash,scenario_fingerprint,requested_decision_altitude_m,sitl_speedup
train-h-0001,train-h-0001-run-001,data/raw/train-h-0001-run-001/logs/00000001.BIN,156.727284,314.761545,10.0,100,629.494068234596,72.75015258789062,-0.9820691842386499,-0.18852086719732822,12.23632526397705,12.233559122085572,12.217854499816895,0.00546178591281508,0.09,4.18,0.1429,0.03516518164321066,4.2432,0.04324072154809621,36.641912879943845,0.5446582738032966,36.36211585998535,36.38802719116211,36.46178436279297,37.69751052856445,0.4692391094565391,0.0068532800041424665,4,0.6864675,0.005617289715690263,0.704,0.0,0.024957219220054217,0.16608366281306444,0.002419825125845926,0.0709212293187876,0.0055784098329604605,0.0060019564134464794,0.5026176510111362,1.0717165823255106,0.0,4.194055594483937,0.659594057264,108.42233825672386,0.0,61.83343505859375,175.2557733153176,-2.028108671973282,-14.063891842386498,14.209372911556608,201.9062785396787,1783.8074382019597,0.7541090659092166,0.13564776165624154,4.1669813108089855,629.4504354787418,79.1360178469352,1638.9377319335938,20.034149973259414,158.03426100000001,1639.3084922637738,1640.0,0.3707603301800191,16.38937731933594,True,train-h-0001-family,train,6510935715788361982,d12a8f8997634cee977581cbaa5548c04facc1f5,6c58c27282539d3519962692d87bdfaba41ce01b094a18e3956a3473bb14fe20,2f5ce03671f92bfca42dabff69a505058fb52e27086fafbd86a866f5b4af27cf,5ae8dc6b20f1c57972aa618099633e7208ea495ec4dfbecd7bec4d6b277c3ce0,72.75576787232927,2.0
train-h-0002,train-h-0002-run-001,data/raw/train-h-0002-run-001/logs/00000001.BIN,118.721659,240.417128,10.0,100,207.81403012369432,84.62118530273438,-0.6720832064082274,0.7404756334033119,12.259540557861328,12.256851949691772,12.23855209350586,0.0055030813668928025,-2.98,5.08,-2.8968000000000003,0.08553221615274566,5.1575,0.049140105819991904,34.31612232208252,0.551117845661929,34.039926528930664,34.05908393859863,34.20790672302246,35.25893630981445,0.44146129429340364,0.007072112210160736,4,0.6645725,0.009259305792012711,0.685,0.0,0.1457512765648475,0.15029736124684648,0.00541477019715603,0.06610486773990407,0.01062662663985975,0.018250194770975836,0.5398121104956041,1.0682760832479279,0.0,5.611278951893146,1.8721124469542276,47.35184301889916,0.0,69.74745686848959,122.09929988738875,10.301556334033119,-11.878332064082272,15.723130589289873,247.2168355278629,1163.8818084378524,0.5001672033858946,-2.898390233285451,5.08453788784882,207.71846304029046,137.78175264577,1139.8164337158203,13.975301747512889,121.69546899999999,1140.196916614105,1140.0,0.3804828982847539,11.398164337158203,True,train-h-0002-family,train,8127236741807644243,d12a8f8997634cee977581cbaa5548c04facc1f5,6c58c27282539d3519962692d87bdfaba41ce01b094a18e3956a3473bb14fe20,2f5ce03671f92bfca42dabff69a505058fb52e27086fafbd86a866f5b4af27cf,1565e57471ab25844a70e65c320bf48b308e80430a96da503976ff8860b8b967,84.62730495133675,2.0
train-h-0003,train-h-0003-run-001,data/raw/train-h-0003-run-001/logs/00000001.BIN,166.909043,380.651845,10.0,100,586.539862947775,113.45940399169922,0.240106209824412,0.9707466239981242,12.28019905090332,12.277271566390992,12.259903907775879,0.005517303164848376,-6.07,-1.05,-5.9653,0.10322262348923324,-0.9537,0.06803903291493789,32.27490919113159,0.5540284088148772,31.98050832748413,31.999183654785156,32.12190818786621,33.26982307434082,0.4158125627040863,0.007093195843844597,4,0.6450175,0.009578736542467391,0.665,0.0,0.07860593147762443,0.22554357985391063,0.007897214069856112,0.06340463222920237,0.008498216596490239,0.011878161937624525,0.5837682427718286,1.1465223885519682,0.0,6.0197841284455516,0.5065045181585539,147.3638319819838,0.0,88.97293599446614,241.33676797644995,15.672766239981243,3.35476209824412,16.02778931571385,256.89003034891107,2163.645075255866,0.28892265817024354,-5.904286949809278,-0.9877660653082146,586.4963429128203,193.90440884459838,1943.7562255859375,23.850966513145607,213.74280199999998,1944.0446044622656,1944.0,0.28837887632812453,19.437562255859376,True,train-h-0003-family,train,8268239186442111237,d12a8f8997634cee977581cbaa5548c04facc1f5,6c58c27282539d3519962692d87bdfaba41ce01b094a18e3956a3473bb14fe20,2f5ce03671f92bfca42dabff69a505058fb52e27086fafbd86a866f5b4af27cf,0d52db9692b755dd41ffbc448d3bd43097d03bf6e35ffea95c73043ab5891e32,113.46677964601514,2.0
train-h-0004,train-h-0004-run-001,data/raw/train-h-0004-run-001/logs/00000001.BIN,165.287192,368.681635,10.0,100,765.2510440289036,58.66613006591797,0.5553633731560056,-0.8316077944300325,12.273430824279785,12.270676851272583,12.254715919494629,0.005450484203773184,4.47,-2.86,4.396100000000001,0.06839437111341844,-2.8269,0.027191726682945335,32.93023349761963,0.5444234903425151,32.64582824707031,32.67017364501953,32.76852607727051,33.990309143066405,0.4235886010527611,0.006936516783620708,4,0.6496500000000001,0.005524717187331859,0.669,0.0,0.0026223576647258066,0.2292719340572386,0.0020533283944709066,0.06483068201214978,0.0001224773232752341,0.0037753040025955637,0.5017526697316212,1.0251202496661989,0.0,5.225787744668579,0.09056085065685737,160.28844196743418,0.0,52.44408671061198,217.73252867804615,-12.712177944300326,8.380533731560057,15.226057063907634,231.83281371337156,1991.6619470542284,0.36917473332205347,4.3726338705236785,-2.8798148045219185,765.1986956868933,326.2658661909797,1913.4447021484375,23.458087720328436,203.39444300000002,1913.75243887192,1914.0,0.30773672348254877,19.134447021484377,True,train-h-0004-family,train,2572453497837766635,d12a8f8997634cee977581cbaa5548c04facc1f5,6c58c27282539d3519962692d87bdfaba41ce01b094a18e3956a3473bb14fe20,2f5ce03671f92bfca42dabff69a505058fb52e27086fafbd86a866f5b4af27cf,dc1d51e9eff2c02831b00647d41091fe07d4066a505e46f99edd0d9d0c3fb27f,58.66510045073025,2.0
train-h-0005,train-h-0005-run-001,data/raw/train-h-0005-run-001/logs/00000001.BIN,153.904247,302.369837,10.0,100,605.0841659564097,71.0696792602539,0.44900117617164303,-0.8935311655429156,12.212008476257324,12.208913173675537,12.19151496887207,0.005949266781494127,4.73,-0.47,4.8660000000000005,0.0871320836431679,-0.49729999999999996,0.04683705797763134,39.107741851806644,0.5964797796684506,38.784661293029785,38.8109073638916,38.91132831573486,40.23942451477051,0.5000208607316017,0.007430143045859556,4,0.7100775,0.0072808992404784795,0.73,0.0,0.08889951356271956,0.14194390633036494,0.003485343843525288,0.07010140414035439,0.0024212094007089037,0.006589977761439706,0.5353766586029889,1.126093885766731,0.0,4.571210936441985,1.7404866746267231,111.45840423570243,0.0,60.71311950683594,177.17152374253837,-13.801311655429156,4.98731176171643,14.67479069761609,215.3494820188397,1924.660615004006,0.9922402275222726,4.781398690536833,-0.4681759629262897,605.0403740243769,333.3195132962238,1653.0457641601563,20.15948169393054,148.46559000000002,1653.4517136087507,1653.0,0.405949448594356,16.530457641601565,True,train-h-0005-family,train,5421164048123008038,d12a8f8997634cee977581cbaa5548c04facc1f5,6c58c27282539d3519962692d87bdfaba41ce01b094a18e3956a3473bb14fe20,2f5ce03671f92bfca42dabff69a505058fb52e27086fafbd86a866f5b4af27cf,db614104a722f6713e02c1cd6f0eb9062b753f008ff95d14e3b2c22595157acc,71.07084407437075,2.0
train-h-0006,train-h-0006-run-001,data/raw/train-h-0006-run-001/logs/00000001.BIN,120.479289,229.87468,10.0,100,342.7578192006703,51.233856201171875,-0.6455338649929289,-0.7637316473390972,12.217142105102539,12.21402801513672,12.195866584777832,0.0063017255532692665,3.56,3.76,3.6962,0.11028853068202514,3.8209,0.04543335778918398,38.5951708984375,0.6317368373881346,38.25559997558594,38.29390907287598,38.402289390563965,39.79261932373047,0.49429463148117064,0.007942763648141187,4,0.7047599999999999,0.0068871184104819985,0.725,0.0,0.03239627590372191,0.20684828995200444,0.0029366467789623215,0.06619907288120676,0.004276032842462882,0.00504997755445436,0.5223973747816184,1.0590993782482339,0.0,5.2894252596462525,0.5321199795310925,72.76348176038715,0.0,47.48923746744792,125.25271922783507,-11.333516473390972,-10.276238649929288,15.29868217994364,234.0496764429251,1342.819473358973,0.9340763934330966,3.6989803017167366,3.847503787176597,342.7375266250186,40.2097126162519,1183.9676025390627,14.452421794591668,109.39539100000002,1184.4034773677101,1185.0,0.4358748286474565,11.839676025390627,True,train-h-0006-family,train,2510062083109858353,d12a8f8997634cee977581cbaa5548c04facc1f5,6c58c27282539d3519962692d87bdfaba41ce01b094a18e3956a3473bb14fe20,2f5ce03671f92bfca42dabff69a505058fb52e27086fafbd86a866f5b4af27cf,9ee7205c4375db31d12fda3ac384a85e0938af3f176464ddf1380315f5d12149,51.24055524383637,2.0
train-h-0007,train-h-0007-run-001,data/raw/train-h-0007-run-001/logs/00000001.BIN,200.104093,408.139179,10.0,100,1194.3017569603992,35.824092864990234,0.5277421577563398,0.8494046237963875,12.214049339294434,12.210687160491943,12.193570137023926,0.00626346285463778,-2.79,-4.39,-2.8714999999999997,0.06771078200700395,-4.5068,0.06413859992235563,38.928696937561035,0.6255554935713136,38.5828971862793,38.607913970947266,38.73818492889404,40.144202423095706,0.49900864213705065,0.007892808251008156,4,0.707325,0.00809594806060415,0.727,0.0,0.12468778406261757,0.13047827639139573,0.003211405212045326,0.06880606475903736,0.004988141761859879,0.003816465114470903,0.5448860839360224,1.1388335375016383,0.0,4.8174937338075985,2.3126851525282293,230.44868556190966,0.0,37.216061909993485,272.6647474719031,11.365546237963875,9.784221577563398,14.996887449272664,224.90663316615198,2948.4675888584247,0.9667422686713202,-2.7833547242693477,-4.509764038826243,1194.2334741417187,211.85340860785496,2378.470880126953,28.98291989898154,208.035086,2378.8217164100306,2379.0,0.35083628307756953,23.78470880126953,True,train-h-0007-family,train,5693932501606275310,d12a8f8997634cee977581cbaa5548c04facc1f5,6c58c27282539d3519962692d87bdfaba41ce01b094a18e3956a3473bb14fe20,2f5ce03671f92bfca42dabff69a505058fb52e27086fafbd86a866f5b4af27cf,ec81495e2275319665cfb22d471f33e7ab5f02da53692025f1d68fff4a9826fb,35.831912378664214,2.0
train-h-0008,train-h-0008-run-001,data/raw/train-h-0008-run-001/logs/00000001.BIN,209.127149,443.221807,10.0,100,1243.538821540491,48.57046890258789,0.218113549265493,-0.9759233984421161,12.304715156555176,12.30215030670166,12.289331436157227,0.004636376165997242,4.54,0.35,4.294,0.18399456513712573,0.4146,0.04141062665548542,29.783070964813234,0.4637708582224154,29.527726650238037,29.550196647644043,29.620352268218994,30.705550956726075,0.38339114308357236,0.005900276549029895,4,0.616495,0.007423609297370121,0.633,0.0,0.07683059742992548,0.16039497903398867,0.004010428321018763,0.06896265729062177,-0.00031587077522090114,0.0035404400216377547,0.601451613287128,1.2235782161234359,0.0,4.100185195384973,1.3411974215401283,210.77590784167572,0.0,45.713645935058594,261.4895537767343,-14.053233984421162,1.76653549265493,14.163828333741534,200.6140330676995,2163.3227601916174,0.06036207570974924,4.358914737581062,0.2293903760157966,1243.500088374628,347.4007887137267,2064.1611450195314,25.349251445070266,234.094658,2064.4134506985074,2065.0,0.2523056789759721,20.641611450195313,True,train-h-0008-family,train,7096774413085631168,d12a8f8997634cee977581cbaa5548c04facc1f5,6c58c27282539d3519962692d87bdfaba41ce01b094a18e3956a3473bb14fe20,2f5ce03671f92bfca42dabff69a505058fb52e27086fafbd86a866f5b4af27cf,ba730de48e15def00a92174a537d7b00a421733ceb6c5afb7c468f2a6dc23955,48.56960051039658,2.0
train-h-0009,train-h-0009-run-001,data/raw/train-h-0009-run-001/logs/00000001.BIN,207.511962,446.702081,10.0,100,1018.5597569282501,105.7754135131836,-0.023303974153875636,0.9997284255179681,12.264700889587402,12.262132444381713,12.247632026672363,0.005023452696790035,-4.29,-0.49,-4.2343,0.044727061159883875,-0.46509999999999996,0.0208084117606318,33.78516143798828,0.5023291198021339,33.521883964538574,33.54718208312988,33.61703872680664,34.76575889587402,0.4336551597714424,0.006357758377298452,4,0.6594075,0.00537275011051138,0.677,0.0,0.022391532447421078,0.1776067751075982,0.002294114569193353,0.07043793620609223,0.006208361496828729,0.007460639465679376,0.5540392397080207,1.140915505529065,0.0,4.222311393791765,0.5636497084681625,176.29190950751283,0.0,83.85027567545572,265.14218518296855,14.231584255179683,0.2320602584612436,14.233476117092247,202.59184237583537,2488.297647340993,0.46723144307583614,-4.2168166529531135,-0.4196805443882193,1018.5160466038019,178.6664013434793,2311.5503845214844,28.31576362202099,239.190119,2311.8083040338984,2312.0,0.25791951241399147,23.115503845214842,True,train-h-0009-family,train,3661219812656008004,d12a8f8997634cee977581cbaa5548c04facc1f5,6c58c27282539d3519962692d87bdfaba41ce01b094a18e3956a3473bb14fe20,2f5ce03671f92bfca42dabff69a505058fb52e27086fafbd86a866f5b4af27cf,e459c97fec8712c543d2cb2299346177a17588c1cfec9ab577192ace7d5d1673,105.7833118140455,2.0
train-h-0010,train-h-0010-run-001,data/raw/train-h-0010-run-001/logs/00000001.BIN,191.10686,439.236735,10.0,100,995.6917866448135,66.36465454101562,0.12197539378662896,-0.9925331245407364,12.271316528320312,12.26842230796814,12.251940727233887,0.005598702732201082,5.33,-2.23,5.2477,0.07867471004077488,-2.2807,0.03927480108160956,33.15609031677246,0.5575732384262914,32.85792255401611,32.88480567932129,32.99729537963867,34.18797225952149,0.4263174444437027,0.0071127446238382205,4,0.6522800000000001,0.009317005956851167,0.671,0.0,0.13643075170679575,0.15486162626850422,0.0054076739336015684,0.06467926490009647,-0.00034202912569526235,0.004687935055458849,0.5094957878867342,1.0389850619113503,0.0,5.486705358261587,1.6235800231659645,220.61306998146634,0.0,57.576436360677086,283.18950634214343,-15.173031245407364,3.5004539378662898,15.57157843461066,242.47405494523176,2608.1824580673097,0.38315448916937017,5.25363466675598,-2.2036724508679857,995.5959949434563,352.9952695516709,2373.0220458984377,29.07876765922361,248.129875,2373.311409558252,2373.0,0.2893636598141711,23.730220458984377,True,train-h-0010-family,train,8778476295193190868,d12a8f8997634cee977581cbaa5548c04facc1f5,6c58c27282539d3519962692d87bdfaba41ce01b094a18e3956a3473bb14fe20,2f5ce03671f92bfca42dabff69a505058fb52e27086fafbd86a866f5b4af27cf,f7c9067922f3ad5708cee9389c1d1ba775ed18328f5a6bd17f853b9cb7ace9e1,66.35971317447024,2.0
train-h-0011,train-h-0011-run-001,data/raw/train-h-0011-run-001/logs/00000001.BIN,190.926932,425.732139,10.0,100,850.9079553601348,106.86194610595703,0.9809529671637336,0.1942454020373892,12.250962257385254,12.247854404449463,12.230595588684082,0.00578277495610209,0.65,-5.57,0.7009000000000001,0.024498775479603035,-5.574199999999999,0.016862977198585018,35.20993991851807,0.5770083536012692,34.902109146118164,34.92630386352539,35.055335998535156,36.26324577331543,0.452213319838047,0.007333926626142511,4,0.6739775,0.008820827271293769,0.695,0.0,0.12790529349364332,0.15147069948549252,0.005195631994398337,0.06609426257918227,0.006355857838352677,0.0077536066631530886,0.5511841319180614,1.1271869716282132,0.0,5.331881427276077,1.7703126547218755,182.28070733507872,0.0,84.57463073730469,271.8553380723834,1.2415540203738917,15.383729671637335,15.433748572382585,238.2005949955215,2658.8917000158435,0.5920829652052191,0.6259597829122124,-5.548766892821644,850.8369453099912,258.7992345739089,2354.222769165039,28.80771202337182,234.80520700000002,2354.518778049237,2355.0,0.2960088841978177,23.542227691650393,True,train-h-0011-family,train,4242641582660694755,d12a8f8997634cee977581cbaa5548c04facc1f5,6c58c27282539d3519962692d87bdfaba41ce01b094a18e3956a3473bb14fe20,2f5ce03671f92bfca42dabff69a505058fb52e27086fafbd86a866f5b4af27cf,f9c5709b9a2390b9e639f8b1f7393c23274f35ca0e909e09e7f8fd42ca180d86,106.87105756419987,2.0
train-h-0012,train-h-0012-run-001,data/raw/train-h-0012-run-001/logs/00000001.BIN,179.904676,358.647317,10.0,100,824.1598757426183,83.59827423095703,0.3913385281037825,0.9202467910411668,12.254459381103516,12.251905097961426,12.237942695617676,0.004840031601339787,-4.09,0.45,-4.116499999999999,0.012757350822173129,0.5084000000000001,0.04124851512478964,34.80971015930176,0.4832456039375148,34.549065589904785,34.574440002441406,34.630859375,35.70548324584961,0.4463053172826767,0.006093346742699908,4,0.6688250000000001,0.006356443581123022,0.684,0.0,0.08758478916290446,0.12236878257280712,0.0023197545216200304,0.07498777154941222,0.006601587314362405,0.0070877494574962206,0.5660769279956961,1.1843409507690295,0.0,3.5892394076329994,2.0787985195045495,128.55882915420486,0.0,69.06551615397134,202.6243453081762,13.318967910411668,3.404985281037825,13.747320864905278,188.98883096266002,1959.248536498858,0.572092734410613,-4.009055812118219,0.47684237384733563,824.103745502675,203.0407108207102,1789.2876281738281,21.89459121801977,178.742641,1789.6275796847056,1790.0,0.3399515108774267,17.892876281738282,True,train-h-0012-family,train,5733191753743371517,d12a8f8997634cee977581cbaa5548c04facc1f5,6c58c27282539d3519962692d87bdfaba41ce01b094a18e3956a3473bb14fe20,2f5ce03671f92bfca42dabff69a505058fb52e27086fafbd86a866f5b4af27cf,916783b2692177922029825e3fbb1594708a3eaaf3692a892f21b22d0a94819b,83.60439133234996,2.0
train-h-0013,train-h-0013-run-001,data/raw/train-h-0013-run-001/logs/00000001.BIN,136.079713,256.859715,10.0,100,495.0858637852671,52.988441467285156,0.8499074431804708,-0.526932005126311,12.226950645446777,12.224115924835205,12.208847999572754,0.005431331128536367,0.61,-4.26,0.6125,0.004330127018922197,-4.3848,0.08204242804793144,37.58840801239014,0.5412732653625584,37.30947208404541,37.333560943603516,37.412431716918945,38.61035079956055,0.48099417448043824,0.006839327914923273,4,0.6949175,0.006582225592457311,0.711,0.0,0.07888926847333744,0.13345655957527536,0.002330985318537969,0.07238553724057308,0.0028027790623673353,0.005492517273094505,0.5595213809066673,1.1659294595342975,0.0,4.049420009997594,1.7899231471298103,83.1995981260756,0.0,48.65896097819011,136.8585591042657,-5.88182005126311,12.883874431804708,14.162980882919804,200.59002748995184,1428.9709332219309,0.8460032390132781,0.5364504358309278,-4.280353189285817,495.03269670131,301.8030312087527,1289.7180053710938,15.749873504468395,120.780002,1290.1340229886548,1291.0,0.4160176175610104,12.897180053710938,True,train-h-0013-family,train,1195445472787466067,d12a8f8997634cee977581cbaa5548c04facc1f5,6c58c27282539d3519962692d87bdfaba41ce01b094a18e3956a3473bb14fe20,2f5ce03671f92bfca42dabff69a505058fb52e27086fafbd86a866f5b4af27cf,acb93a56d5dbacce80e48f2210b1f4849ca43dd07a670fb340ae97df971fdddb,52.98624092795767,2.0
train-h-0014,train-h-0014-run-001,data/raw/train-h-0014-run-001/logs/00000001.BIN,156.1042,355.721821,10.0,100,728.3676852971199,43.759521484375,-0.731736060164739,-0.6815881001415631,12.28770923614502,12.284654970169067,12.268624305725098,0.005503731359466392,5.0,3.32,4.947,0.057887822553625255,3.1664,0.13495569643405197,31.530845756530763,0.5462333214256893,31.22243309020996,31.26142692565918,31.387582302093506,32.51620597839356,0.40644847065210343,0.007019257683123361,4,0.6351425,0.009877357629953478,0.654,0.0,0.14065800097458506,0.16565149980358806,0.006705145005078305,0.06434909018363355,0.0035907952347770332,0.003589952523048077,0.5644097245106432,1.1262492279756626,0.0,5.688785392305943,1.4617177293467187,168.94721130264088,0.0,42.50634765625,216.45355895889088,-11.762881001415632,-10.48376060164739,15.756732078896274,248.2746058061189,1895.8232724958125,0.2152996687357795,4.8272515702889445,3.240395335607726,728.2658368833819,47.0349931347971,1807.6473388671875,22.18409125559483,199.61762099999999,1807.9272249251403,1808.0,0.2798860579528082,18.076473388671875,True,train-h-0014-family,train,6032379760273144186,d12a8f8997634cee977581cbaa5548c04facc1f5,6c58c27282539d3519962692d87bdfaba41ce01b094a18e3956a3473bb14fe20,2f5ce03671f92bfca42dabff69a505058fb52e27086fafbd86a866f5b4af27cf,450c1bc9ec8a106163a09c78e961b2fa7a35090d5456697902a806259ae0274a,43.76054347339298,2.0
train-h-0015,train-h-0015-run-001,data/raw/train-h-0015-run-001/logs/00000001.BIN,122.879162,242.404666,10.0,100,388.4687359172052,46.09731674194336,-0.16384045993309954,0.9864868492224873,12.307026863098145,12.304617347717285,12.291415214538574,0.004605078768874213,-4.79,-1.46,-4.5362,0.20042844109556907,-1.4857,0.011683749398202627,29.538617534637453,0.4617417011237949,29.28841543197632,29.310583114624023,29.40313482284546,30.40607204437256,0.3807131290435791,0.0058948196744073025,4,0.6139325,0.008412368498229267,0.637,0.0,0.12919664203860215,0.131999311740476,0.004291959255891482,0.0680596100871758,0.007953925619003712,0.004819627212836386,0.5361504703202481,1.0981197454872507,0.0,4.231483874120441,2.2088366062383757,67.34292276212942,0.0,44.064877827962235,116.40780059009165,14.401068492224873,-0.15270459933099545,14.40187808629169,207.4140924124088,955.1459721330725,0.03268236698816105,-4.581441074909336,-1.247142081945036,388.3952552026368,170.57208774583745,996.7227600097657,12.25808653735059,119.525504,997.0497693327102,997.0,0.32700932294449103,9.967227600097656,True,train-h-0015-family,train,2210123091860064229,d12a8f8997634cee977581cbaa5548c04facc1f5,6c58c27282539d3519962692d87bdfaba41ce01b094a18e3956a3473bb14fe20,2f5ce03671f92bfca42dabff69a505058fb52e27086fafbd86a866f5b4af27cf,48da05a35f3a6ccf724b3068480a88b376939c4afe86178cb07fd73dc970ad84,46.10821597703176,2.0
train-h-0016,train-h-0016-run-001,data/raw/train-h-0016-run-001/logs/00000001.BIN,121.489718,236.866882,10.0,100,320.8163858342659,60.32703399658203,-0.030002015818943354,-0.9995498382005771,12.237561225891113,12.234519882202148,12.217514038085938,0.005704774411885821,4.96,-1.92,5.0351,0.04208313201271972,-2.0052,0.05382341497898475,36.54627861022949,0.5731156430022118,36.24471950531006,36.269575119018555,36.38156700134277,37.57254981994629,0.46929300248622896,0.0072438727167276,4,0.6854049999999999,0.008310293316123046,0.704,0.0,0.1302610250515368,0.13490272508131726,0.0034473868917190738,0.06723387803465794,0.002107186932771583,0.007829093111354492,0.5160465581343204,1.070551517742355,0.0,4.97267334820358,2.1553604854097586,63.81450978913976,0.0,53.55135599772135,122.36586578686112,-15.03059838200577,1.7051798418105664,15.127013122691194,228.8265260140716,1242.226950952382,0.7297051458686197,5.006716465161592,-1.9970800293177058,320.73497591943175,1.7243234891623114,1172.411022949219,14.340237430983471,115.37716400000001,1172.8210700158115,1172.0,0.4100470665925968,11.72411022949219,True,train-h-0016-family,train,3184578911374658999,d12a8f8997634cee977581cbaa5548c04facc1f5,6c58c27282539d3519962692d87bdfaba41ce01b094a18e3956a3473bb14fe20,2f5ce03671f92bfca42dabff69a505058fb52e27086fafbd86a866f5b4af27cf,6fb8195b0cb80223970d131024d1d90fb6e2852578894c8599ff20ad7ecb820c,60.32368938598543,2.0
train-h-0017,train-h-0017-run-001,data/raw/train-h-0017-run-001/logs/00000001.BIN,149.087008,296.829554,10.0,100,661.2712586089191,42.60385513305664,0.8818308476886597,0.47156585549072555,12.267354965209961,12.264686393737794,12.249857902526855,0.005281740905826397,-3.22,-3.64,-3.2464999999999997,0.013369741957120844,-3.5556,0.06440993712153427,33.53064849853516,0.5309149433114189,33.24490833282471,33.26877784729004,33.35743522644043,34.55831680297852,0.4303739216923714,0.0066959461498742505,4,0.6549075000000001,0.00767651898649382,0.672,0.0,0.07642483181881558,0.1669233730260022,0.003228319521876579,0.06731510797025897,0.003907528761683352,0.0030765484470942177,0.5510704295020575,1.129774730976241,0.0,4.666376311892439,1.1861642912384098,123.98161124178348,0.0,41.735903422037765,170.71751466382125,7.962158554907255,12.373908476886598,14.714264502442818,216.50957984784878,1590.074715760031,0.43345258895457073,-3.1774334692141255,-3.568225681830315,661.2238114204501,241.86934512933712,1432.9198379516602,17.5507224391447,147.74254599999998,1433.2676901159464,1433.0,0.34785216428622334,14.329198379516601,True,train-h-0017-family,train,6908426760405427634,d12a8f8997634cee977581cbaa5548c04facc1f5,6c58c27282539d3519962692d87bdfaba41ce01b094a18e3956a3473bb14fe20,2f5ce03671f92bfca42dabff69a505058fb52e27086fafbd86a866f5b4af27cf,c3bccee2e4ff391cb6ea6c7d5d3b65e82906073a5630842907efc3a4209624f5,42.60708953695634,2.0
train-h-0018,train-h-0018-run-001,data/raw/train-h-0018-run-001/logs/00000001.BIN,188.077239,437.056774,10.0,100,890.1047097554765,88.04774475097656,-0.9245420915092153,-0.3810799404688809,12.276453971862793,12.273582305908203,12.257080078125,0.005527961806660156,1.07,5.77,1.0009000000000001,0.04630539925321887,5.6876,0.09031190397727194,32.639939308166504,0.5525476350044756,32.332204818725586,32.358564376831055,32.502676010131836,33.62349510192871,0.4203452941775322,0.0070465647430140955,4,0.6477925,0.009411134031029425,0.668,0.0,0.12080492896133244,0.17509657398550224,0.007502361172845559,0.06470614806551615,0.00683221471554134,0.005940043969595027,0.5824591862100885,1.1558659211475362,0.0,5.639848512083116,1.2420560900192332,204.1453633485416,0.0,72.03182983398438,281.17719318252597,-4.8116994046888095,-14.933020915092152,15.689090630487872,246.14756481166233,2549.3351445328485,0.32920505797244926,1.0635293833223969,5.644133322433006,890.0075444669909,67.59829690927735,2325.9064178466797,28.51995497078588,248.97953500000003,2326.1922489745757,2326.0,0.2858311278960173,23.259064178466797,True,train-h-0018-family,train,4562491164945990307,d12a8f8997634cee977581cbaa5548c04facc1f5,6c58c27282539d3519962692d87bdfaba41ce01b094a18e3956a3473bb14fe20,2f5ce03671f92bfca42dabff69a505058fb52e27086fafbd86a866f5b4af27cf,7c3fcad1fd0bc3dd74d583408454dd8bf4dc14c38dd55e43aaa0a71ee1068096,88.05109863283369,2.0
train-h-0019,train-h-0019-run-001,data/raw/train-h-0019-run-001/logs/00000001.BIN,131.877228,257.009655,10.0,100,529.4579172511102,31.92978858947754,-0.9590509719134592,0.28323353133386103,12.299470901489258,12.29706669807434,12.283937454223633,0.004761787800815245,-0.7,4.54,-0.5722999999999999,0.09290699650725988,4.3373,0.15161038882609595,30.292522964477538,0.47506138127583153,30.0397310256958,30.05982208251953,30.132066249847412,31.190503120422363,0.3897375112771988,0.0060473929686881665,4,0.6213425,0.006477668851523677,0.638,0.0,0.0382985544296591,0.18913011160700616,0.0027084229421933015,0.06802121164252238,0.006522500627906993,0.003271526911127623,0.5935502521718778,1.197092017057107,0.0,4.321786330462615,0.6796039242282828,93.2437467247065,0.0,34.619859059651695,132.86360578435819,3.40463531333861,-13.927809719134594,14.33790170105976,205.57542518925237,1117.9927303794336,0.11128772708543973,-0.7137893578851542,4.346951166575242,529.4294533037481,106.45706544555931,1093.7171020507812,13.434587038178668,125.132427,1094.047811791684,1094.0,0.33070974090264826,10.937171020507813,True,train-h-0019-family,train,212786673250542220,d12a8f8997634cee977581cbaa5548c04facc1f5,6c58c27282539d3519962692d87bdfaba41ce01b094a18e3956a3473bb14fe20,2f5ce03671f92bfca42dabff69a505058fb52e27086fafbd86a866f5b4af27cf,411c842185481f999a90c6eb2629845981fec9c6e53cf501343a194979956055,31.94082440113722,2.0
train-h-0020,train-h-0020-run-001,data/raw/train-h-0020-run-001/logs/00000001.BIN,202.487306,411.891844,10.0,100,1100.1368805441366,69.01565551757812,-0.8561985554418168,-0.516646913916406,12.241109848022461,12.238295183181762,12.22297191619873,0.0055129060371156375,3.06,3.29,3.1014999999999997,0.02732672684387944,3.3009999999999997,0.015779733838059494,36.17056186676025,0.5490934085946362,35.884050369262695,35.88622283935547,35.98091793060303,37.23151206970215,0.4643446919322014,0.006972277977093435,4,0.6818000000000001,0.0064722484501137335,0.699,0.0,0.04719025330230409,0.16897100131356602,0.002097498892768775,0.06993485705917026,0.0043833185607218186,0.004564447430699152,0.5679233535125959,1.1726472564235384,0.0,4.4286918350251705,0.9500483568647382,197.46473323094432,0.0,59.343770345052086,261.8085035759964,-8.26796913916406,-11.862985554418168,14.459935682792764,209.08973995050346,2630.489076622083,0.7020574390592034,2.998300191942033,3.2950941794262176,1100.1071918319021,58.89418535303185,2212.822494506836,27.033048304796296,209.404538,2213.155531929134,2213.0,0.3330374222982755,22.12822494506836,True,train-h-0020-family,train,8143094995105357741,d12a8f8997634cee977581cbaa5548c04facc1f5,6c58c27282539d3519962692d87bdfaba41ce01b094a18e3956a3473bb14fe20,2f5ce03671f92bfca42dabff69a505058fb52e27086fafbd86a866f5b4af27cf,a4c0fbf57ba906746331e7c176b8165141e0a79ef38ba63a551e386d4b6b568c,69.02002287418117,2.0
train-h-0021,train-h-0021-run-001,data/raw/train-h-0021-run-001/logs/00000001.BIN,222.911633,452.557238,10.0,100,1408.293629523691,39.843692779541016,-0.9256892061316621,0.37828493711927413,12.224509239196777,12.221699275970458,12.204977989196777,0.005978784193353067,-2.58,4.08,-2.5995999999999997,0.0077356318423254765,4.1897,0.08733218192625217,37.82787452697754,0.5981312499460245,37.524980545043945,37.55465126037598,37.623751640319824,39.01686477661133,0.484379178583622,0.007537732291470895,4,0.6969024999999999,0.006836519125256659,0.715,0.0,0.04444561067646739,0.1822225441875159,0.0030811616831112926,0.0670419448287537,0.0038762763547129,0.003666287805134145,0.5064159508546464,1.0420635091691943,0.0,4.86174958946509,0.8215212592112455,274.080380869776,0.0,39.89579518636067,318.97617605613664,6.382449371192741,-13.44659206131662,14.884438116344928,221.54649803930175,3351.7196569296207,0.8635316075862036,-2.564791608154943,4.150636021427328,1408.2706411224012,112.227999986704,2587.050308227539,31.53997282173292,229.645605,2587.3614705293576,2588.0,0.3111623018185128,25.87050308227539,True,train-h-0021-family,train,5870465285642143657,d12a8f8997634cee977581cbaa5548c04facc1f5,6c58c27282539d3519962692d87bdfaba41ce01b094a18e3956a3473bb14fe20,2f5ce03671f92bfca42dabff69a505058fb52e27086fafbd86a866f5b4af27cf,883c3128091c414258b08b26ab01a422a3d67562f475490c29114e7dd71dd20d,39.84899072827093,2.0
train-h-0022,train-h-0022-run-001,data/raw/train-h-0022-run-001/logs/00000001.BIN,193.881583,444.792012,10.0,100,932.9335907028169,92.3272933959961,0.09367040525495143,0.9956032619368888,12.291072845458984,12.288231620788574,12.273415565490723,0.005043121736196061,-4.92,-2.81,-4.7444,0.14789401610612915,-2.8103,0.011615076409563541,31.176159973144532,0.5021812887066034,30.900124549865723,30.925350189208984,31.055874824523926,32.064276504516606,0.40157815903425215,0.006413366617061384,4,0.63274,0.009252967091695515,0.658,0.0,0.15327246122501537,0.13688888181646608,0.0038453918291422766,0.06566671938707914,0.0069415496831061315,0.00652156874919235,0.5700767916663301,1.1594364318730541,0.0,4.986782055821365,2.3535339763296466,186.09476011034837,0.0,74.8848622639974,265.9796223743458,14.700432619368886,3.747004052549514,15.170456768549432,230.14275856642726,2303.3953490942163,0.1879308279596333,-4.78134613427979,-2.623448563456226,932.8519498040816,185.37580820683542,2241.814761352539,27.52174518349914,250.910429,2242.072998004082,2242.0,0.25823665154302944,22.418147613525388,True,train-h-0022-family,train,7606215296363769378,d12a8f8997634cee977581cbaa5548c04facc1f5,6c58c27282539d3519962692d87bdfaba41ce01b094a18e3956a3473bb14fe20,2f5ce03671f92bfca42dabff69a505058fb52e27086fafbd86a866f5b4af27cf,b39bafea7b95c159c4439421eaf87c798809f9c7b58e180fc6b9a66092abd053,92.33712221483813,2.0
train-h-0023,train-h-0023-run-001,data/raw/train-h-0023-run-001/logs/00000001.BIN,219.284751,445.581696,10.0,100,1157.1616954133797,100.35368347167969,-0.3804150473838061,0.9248158690917758,12.244709968566895,12.242075967788697,12.22752571105957,0.005008032830520288,-2.68,3.22,-2.6842,0.004935585071701121,3.2912,0.04450348300975999,35.7933268737793,0.500303693497933,35.52952575683594,35.55484390258789,35.60528564453125,36.72520370483399,0.4593362084031105,0.006352143076313591,4,0.6790625,0.00640496633480612,0.695,0.0,0.08642061488237532,0.12450790276093521,0.0025960713240567776,0.07402000198481047,0.006882298973505385,0.006767842849493373,0.550039543975257,1.156914601905995,0.0,3.7344127597657275,2.02264391816724,184.68527386909594,0.0,80.23578898111978,269.9210628502157,11.93235869091776,-7.095350473838061,13.882549559620328,192.72518227531455,2683.7146757543605,0.6697911271048005,-2.6048416259575693,3.1873704863898906,1157.1096807171166,157.64259684954868,2351.6261352539063,28.742946355152526,226.29694500000002,2351.9212230416892,2352.0,0.29508778778290434,23.516261352539065,True,train-h-0023-family,train,42078086902034749,d12a8f8997634cee977581cbaa5548c04facc1f5,6c58c27282539d3519962692d87bdfaba41ce01b094a18e3956a3473bb14fe20,2f5ce03671f92bfca42dabff69a505058fb52e27086fafbd86a866f5b4af27cf,9fa1cb97dfcbb352a40ff7c78b5f9c25beda274dffaa5eafe20740bc1f8ef55d,100.36061291144617,2.0
train-h-0024,train-h-0024-run-001,data/raw/train-h-0024-run-001/logs/00000001.BIN,149.08201,320.29683,10.0,100,399.0330991739783,115.82816314697266,0.6721548580506905,0.7404105933864373,12.300524711608887,12.29800703048706,12.282459259033203,0.004860246881884484,-3.89,-4.2,-3.7188999999999997,0.13434950688409686,-4.0233,0.15933019174029764,30.19654546737671,0.48478522681079744,29.946051597595215,29.970036506652832,30.063983917236328,31.066633605957033,0.3894945552945137,0.006258026754203476,4,0.623275,0.008301468243630166,0.643,0.0,0.053384619315908995,0.2279529370315734,0.005939369038314807,0.06416900199652684,0.011312678260728716,0.018017404507547886,0.6038084291999517,1.1614465591744199,0.0,5.457793596140165,0.47921723876694067,87.85005869281757,0.0,90.55210876464844,183.40216745746602,11.123005933864373,10.744848580506904,15.465220076765908,239.1730320228033,1538.3644134568915,0.09092887567220338,-3.7345817520955955,-3.924217594389264,399.03311404938336,222.2309194840473,1444.6102813720704,17.760381410915205,171.21482,1444.910409525235,1445.0,0.3001281531646782,14.446102813720705,True,train-h-0024-family,train,8925695598583147629,d12a8f8997634cee977581cbaa5548c04facc1f5,6c58c27282539d3519962692d87bdfaba41ce01b094a18e3956a3473bb14fe20,2f5ce03671f92bfca42dabff69a505058fb52e27086fafbd86a866f5b4af27cf,084132bf3e07aca3b36ee737c2f8c69d9e78a53fb3c00758d27535a5ef099fc1,115.83939987419178,2.0
train-h-0026,train-h-0026-run-001,data/raw/train-h-0026-run-001/logs/00000001.BIN,216.354257,471.454676,10.0,100,1057.6518273500214,119.12509155273438,-0.7551160227365512,0.655591177645438,12.262529373168945,12.259778099060059,12.243896484375,0.005302910550793631,-2.62,4.37,-2.5366999999999997,0.05788013476141877,4.3778999999999995,0.015766737138672614,34.02157783508301,0.5303312699075741,33.763556480407715,33.77729034423828,33.8515043258667,34.98733711242676,0.43787245988845824,0.006817864682154841,4,0.6623975,0.0077617326512834815,0.681,0.0,0.07044858618862875,0.17953343425446033,0.003697123198330087,0.06588140946000451,0.008338788997352822,0.00566992209678766,0.4790120314789834,1.000938554066041,0.0,4.968860576271529,0.954609801738153,210.2211324857736,0.0,92.75006103515625,307.9711935209299,9.09261177645438,-11.929060227365511,14.99926887636296,224.97806682543057,2910.462758704369,0.4821842660635208,-2.583698905708906,4.289035061262626,1057.61723744775,130.96865297420047,2504.883056640625,30.669038385638633,255.10041900000002,2505.143706066188,2505.0,0.2606494255628604,25.048830566406252,True,train-h-0026-family,train,452672239311778177,d12a8f8997634cee977581cbaa5548c04facc1f5,6c58c27282539d3519962692d87bdfaba41ce01b094a18e3956a3473bb14fe20,2f5ce03671f92bfca42dabff69a505058fb52e27086fafbd86a866f5b4af27cf,45f322f1aaa4aff0c7f7de9b03a52d1c9e3cc1d3e31ba1b0111789502a8eb467,119.1322990808068,2.0
train-h-0027,train-h-0027-run-001,data/raw/train-h-0027-run-001/logs/00000001.BIN,139.932338,274.03201,10.0,100,432.4056363684339,81.17111206054688,0.9223290550324941,0.38640537553567567,12.248838424682617,12.246331148147583,12.231353759765625,0.0050215927164805,-0.22,-4.17,-0.2373,0.029012238796756108,-4.1623,0.011987910576910402,35.36545654296875,0.5010786399468756,35.11197471618652,35.13402557373047,35.19100379943848,36.27706642150879,0.4533655744791031,0.00639762904927734,4,0.674265,0.0060757530397474125,0.692,0.0,0.05936991517891181,0.14622046425460247,0.003955204903941234,0.07248271622773933,0.006515512608020799,0.010815004759749624,0.5599718013134395,1.1562255806787463,0.0,3.930704221376366,1.3894664098329321,71.24477898925085,0.0,67.44740804036459,143.69218702961544,4.101353755356757,13.38559055032494,13.9998263206201,195.99513700752732,1411.5943877666673,0.627751323348485,-0.2879100810368579,-4.077878632291605,432.3727519334635,247.27051490275693,1329.6113039127067,16.274462775881407,134.09967200000003,1329.9914810772634,1331.0,0.3801771645566987,13.296113039127068,True,train-h-0027-family,train,3125695164150759591,d12a8f8997634cee977581cbaa5548c04facc1f5,6c58c27282539d3519962692d87bdfaba41ce01b094a18e3956a3473bb14fe20,2f5ce03671f92bfca42dabff69a505058fb52e27086fafbd86a866f5b4af27cf,b6b582138784b58f26f860b2e0130991270fe8218f74a565924cbe82edeb1f8b,81.17749272643479,2.0
train-h-0028,train-h-0028-run-001,data/raw/train-h-0028-run-001/logs/00000001.BIN,161.07721,305.601877,10.0,100,814.7132111149542,33.04030227661133,-0.9999404228841149,0.010915616443309803,12.221816062927246,12.218815116882324,12.203213691711426,0.0057423037436561694,-2.19,4.01,-2.2176,0.014361058456813,4.1127,0.07104723780696899,38.116649856567385,0.575126769342338,37.81914138793945,37.84425735473633,37.92392635345459,39.25750923156738,0.4878805211186409,0.007227102833742126,4,0.69932,0.007095251933511596,0.718,0.0,0.09928226194295703,0.12496508296473721,0.002856639840564134,0.07189134960670981,0.004546224320383771,0.0034235719355614285,0.5404416076452211,1.139613172004102,0.0,4.136661448220183,2.172575226041413,138.95039556732536,0.0,35.36020151774088,179.31059708506623,2.326756164433098,-14.11210422884115,14.302631926131765,204.56528001440364,1898.5331235176395,0.895748439981895,-2.2620752495198766,3.9754878587583162,814.6518378863555,90.62541404443465,1609.2847320556639,19.626214952474733,144.524667,1609.6880555341634,1610.0,0.40332347849948746,16.09284732055664,True,train-h-0028-family,train,7954250920473687008,d12a8f8997634cee977581cbaa5548c04facc1f5,6c58c27282539d3519962692d87bdfaba41ce01b094a18e3956a3473bb14fe20,2f5ce03671f92bfca42dabff69a505058fb52e27086fafbd86a866f5b4af27cf,97f0d3671e1b8a3eb74067fdb6b26f260a15faf86dfedea21c3e63bc867dc959,33.04687622262409,2.0
train-h-0029,train-h-0029-run-001,data/raw/train-h-0029-run-001/logs/00000001.BIN,250.462275,537.394123,10.0,100,1476.7872943133284,97.79288482666016,0.9653304670511487,-0.26103082075266715,12.2434720993042,12.240341157913209,12.223906517028809,0.0057254603759663335,2.36,-4.41,2.3855,0.012359207094308253,-4.4175,0.015898113095584646,35.965572662353516,0.5731029311988141,35.66969394683838,35.67744255065918,35.77320384979248,37.05370979309082,0.46153154999017715,0.007240094573496104,4,0.68086,0.0076026574301358354,0.7,0.0,0.07237477772185416,0.17147086885048377,0.004446993834797906,0.06711335363776075,0.0041474528254184405,0.005105940194596569,0.5507650517838373,1.1255763870935305,0.0,4.887036361103937,1.1496921784756078,288.83195708236656,0.0,78.5285898844401,372.3605469668066,-4.995808207526672,14.070804670511487,14.93136442935068,222.94564372207876,3720.044530146773,0.6757817312733241,2.2821981286209683,-4.411621119817473,1476.7584074233694,285.13039891004394,3027.1533966064453,36.98354914605837,286.93184800000006,3027.395950792565,3027.0,0.2425541861198326,30.271533966064453,True,train-h-0029-family,train,288515851551280347,d12a8f8997634cee977581cbaa5548c04facc1f5,6c58c27282539d3519962692d87bdfaba41ce01b094a18e3956a3473bb14fe20,2f5ce03671f92bfca42dabff69a505058fb52e27086fafbd86a866f5b4af27cf,c290e75ef4894b44eff9dd47f96261958e97ea0ea350eeb617788eed3d2e86ab,97.79981310169703,2.0
train-h-0030,train-h-0030-run-001,data/raw/train-h-0030-run-001/logs/00000001.BIN,205.077103,447.059438,10.0,100,971.8433786143332,112.36495971679688,-0.5638004356176026,0.8259110538050701,12.283493041992188,12.28096492767334,12.266034126281738,0.005017944863115304,-3.9,3.28,-3.7495999999999996,0.11708048513736181,3.2258999999999998,0.04407028477330271,31.902125186920166,0.4981969194115162,31.642799854278564,31.671738624572754,31.753525257110596,32.84154777526855,0.4104743283987045,0.006394092810388239,4,0.6406725,0.007101073422377781,0.658,0.0,0.041939966597503604,0.20515662381209412,0.002607749514969946,0.06564801686447476,0.0073221380921313535,0.007298817091539208,0.5609583675474229,1.124581521767183,0.0,4.915599912606314,0.5502803550780131,191.14219217797825,0.0,88.24330647786458,284.3854986558428,12.0087105380507,-8.863904356176025,14.925747191418132,222.77792922212626,2520.1393831842815,0.26916744902732637,-3.793417843403127,3.152025377629994,971.8250450570032,145.6834368688659,2232.156692504883,27.37795690942141,241.982335,2232.4100158871674,2232.0,0.25332338228463414,22.321566925048828,True,train-h-0030-family,train,4496116994458375683,d12a8f8997634cee977581cbaa5548c04facc1f5,6c58c27282539d3519962692d87bdfaba41ce01b094a18e3956a3473bb14fe20,2f5ce03671f92bfca42dabff69a505058fb52e27086fafbd86a866f5b4af27cf,684209004ff1f12ad6a03be63e9d70f2959898672ff5f576d1ed733d252f1997,112.37505602954202,2.0
train-h-0031,train-h-0031-run-001,data/raw/train-h-0031-run-001/logs/00000001.BIN,239.486667,533.514842,10.0,100,1370.0043875939075,97.125,-0.5803136798663431,-0.8143930457463296,12.258049964904785,12.255307397842408,12.238965034484863,0.005664938465260811,4.33,2.68,4.3113,0.014809118812407483,2.6598,0.023020860105565182,34.46699077606201,0.5662657887255984,34.17380142211914,34.19770622253418,34.29133701324463,35.49358978271484,0.4425789204239845,0.007182742818565695,4,0.6661750000000001,0.0063292475856139545,0.685,0.0,0.022802581842954507,0.21154029426516785,0.0018433464374581522,0.06662087733249525,0.0026881868937198307,0.004870274158504588,0.5233396657459817,1.0825290898038382,0.0,5.054611063834651,0.3357837449316774,277.02662121782635,0.0,78.08333333333334,360.1099545511597,-12.455230457463298,-8.462936798663431,15.058355322102512,226.75406500669305,3447.7518005230368,0.5251845803662147,4.2571301306697436,2.7266231480640406,1369.9723479391475,35.472964304910136,2947.871597290039,36.07198902544604,294.02817500000003,2948.0888845764853,2948.0,0.21728728644620787,29.478715972900392,True,train-h-0031-family,train,3093923363978255553,d12a8f8997634cee977581cbaa5548c04facc1f5,6c58c27282539d3519962692d87bdfaba41ce01b094a18e3956a3473bb14fe20,2f5ce03671f92bfca42dabff69a505058fb52e27086fafbd86a866f5b4af27cf,bb4ff6b869cad86e530240a73c7157e807609026b59aefde23e71f19ae8b60da,97.12694782893654,2.0
train-h-0032,train-h-0032-run-001,data/raw/train-h-0032-run-001/logs/00000001.BIN,155.282029,323.83708,10.0,100,484.77533331789544,108.7702865600586,0.9999845690690549,0.005555323912850833,12.250027656555176,12.24730869293213,12.230531692504883,0.005367449757247947,-2.23,-4.63,-2.3184,0.06228515071828918,-4.6563,0.013903596656980514,35.267990036010744,0.5383122752648027,34.99648857116699,35.02078437805176,35.10397434234619,36.20133399963379,0.45263045966625215,0.0068046752417013625,4,0.6744450000000001,0.00797351710351209,0.693,0.0,0.12749581208621655,0.12980709126190956,0.003746549261575177,0.06903188650466267,0.005329419368063099,0.011525877225507346,0.5066726515671658,1.0630525256024368,0.0,4.669107611915793,2.2924969701942897,90.93699478936807,0.0,85.84685770670573,181.7838524960738,2.3739532391285083,14.656145690690549,14.847163381882611,220.43826048831588,1780.8753051497715,0.6064462560286416,-2.2944415063878902,-4.604757886769337,484.69573426118444,269.6851707321802,1660.856607055664,20.333256056775674,168.55505100000002,1661.2082857310795,1661.0,0.3516786754155419,16.60856607055664,True,train-h-0032-family,train,8421510125477194433,d12a8f8997634cee977581cbaa5548c04facc1f5,6c58c27282539d3519962692d87bdfaba41ce01b094a18e3956a3473bb14fe20,2f5ce03671f92bfca42dabff69a505058fb52e27086fafbd86a866f5b4af27cf,7e6453975f66559430acac2621502d0a461e82f9db736c69cd1de727885823d0,108.76811760846938,2.0
train-h-0033,train-h-0033-run-001,data/raw/train-h-0033-run-001/logs/00000001.BIN,222.086963,496.047335,10.0,100,1321.0743670045233,61.73114013671875,0.7780936344975218,-0.628148307292503,12.228167533874512,12.22496446609497,12.206238746643066,0.006456281896873218,3.78,-4.17,3.8213,0.0348325996732946,-4.2726999999999995,0.07812624399009585,37.50310024261475,0.6430146738291223,37.166019439697266,37.18976974487305,37.31711959838867,38.702548599243165,0.48094604045152667,0.008144385451104916,4,0.694935,0.006767626984401543,0.716,0.0,0.019390432121156514,0.2358270317735618,0.0022977760266578782,0.06496935423917627,0.0016745006800283591,0.00395977614243952,0.5346080870893174,1.07679592604052,0.0,5.7249037987744025,0.28943993293670234,309.0162898850776,0.0,54.4874267578125,368.5037166428901,-10.10278307292503,12.053636344975217,15.727567356571328,247.356374955488,3838.8977291762244,0.8179778780364872,3.7832970724913606,-4.363306495705813,1321.0519794367287,308.9155512034721,3001.2545166015625,36.62486299140394,273.960372,3001.5353553898362,3001.0,0.28083878827374065,30.012545166015627,True,train-h-0033-family,train,1253067809510034507,d12a8f8997634cee977581cbaa5548c04facc1f5,6c58c27282539d3519962692d87bdfaba41ce01b094a18e3956a3473bb14fe20,2f5ce03671f92bfca42dabff69a505058fb52e27086fafbd86a866f5b4af27cf,794318615a0307d23bdb20e108e10efb411f9a0d1bf099ac199a2f40ca34999c,61.734190053570124,2.0
train-h-0034,train-h-0034-run-001,data/raw/train-h-0034-run-001/logs/00000001.BIN,234.277085,522.786635,10.0,100,1294.561265630432,103.82540893554688,0.9996031240138957,-0.028170808679554713,12.296710014343262,12.29411075592041,12.280426025390625,0.004711084165522014,1.95,-4.51,1.9605,0.00963068014212912,-4.290299999999999,0.1663397426954846,30.587102489471434,0.46973992684291127,30.33525848388672,30.357099533081055,30.44865083694458,31.482370948791505,0.3936805394291878,0.006006824242455852,4,0.6266575,0.008024973130796148,0.645,0.0,0.10915481016071174,0.14363803273177977,0.003737480674099791,0.06793630183458778,0.00568386556353289,0.005704823524116895,0.5493863061596584,1.1357792399630837,0.0,4.343826153373083,1.838860704151349,228.8757914331875,0.0,82.55027262369791,316.42606405688537,-2.242208086795547,14.286331240138956,14.461215626891871,209.12675740746164,2688.4879032355575,0.13964744120868122,1.7553785074414947,-4.352475172850019,1294.5021367983993,271.61385718161927,2563.7697479248045,31.478428915968227,288.50955000000005,2564.0212116470684,2564.0,0.2514637222639067,25.637697479248047,True,train-h-0034-family,train,3911355870840470837,d12a8f8997634cee977581cbaa5548c04facc1f5,6c58c27282539d3519962692d87bdfaba41ce01b094a18e3956a3473bb14fe20,2f5ce03671f92bfca42dabff69a505058fb52e27086fafbd86a866f5b4af27cf,f8940d16081caea8f70764ef4541041cb871bdf5fbbf652297368a9b2e79c59c,103.8340367948312,2.0
train-h-0035,train-h-0035-run-001,data/raw/train-h-0035-run-001/logs/00000001.BIN,241.08686,610.521527,10.0,100,1458.782394931157,77.07640838623047,-0.996250871597926,-0.08651127579901217,12.306647300720215,12.303859615325928,12.288973808288574,0.005101387818816198,1.35,5.8,1.3866,0.03197561570947454,5.523300000000001,0.22678648548800254,29.611772575378417,0.5077390071100903,29.332825183868408,29.36447238922119,29.46915340423584,30.50730381011963,0.38236110091209413,0.006550809321033985,4,0.616055,0.00982455978657569,0.635,0.0,0.11252951028239563,0.19091593110248326,0.007917355104954869,0.06331529492386062,0.006716851212986512,0.0039077290582831626,0.5736666404827955,1.1381342262626692,0.0,5.622548974119736,0.9035737289370004,333.24927824585075,0.0,64.71760559082031,402.96688383667106,-2.2517127579901217,-15.48580871597926,15.648657512144442,244.8804819323947,3314.601033216788,0.0245979953604075,1.2702533829362515,5.492226193409323,1458.6903470538862,85.04011971643821,3181.5945587158203,39.09676333954068,369.434667,3181.7235330326143,3181.0,0.1289743167940287,31.815945587158204,True,train-h-0035-family,train,2727425562688152311,d12a8f8997634cee977581cbaa5548c04facc1f5,6c58c27282539d3519962692d87bdfaba41ce01b094a18e3956a3473bb14fe20,2f5ce03671f92bfca42dabff69a505058fb52e27086fafbd86a866f5b4af27cf,930e82582905f77d995aab6d83376c08f71287a414d48336f4085cdfa759383f,77.08075008833737,2.0
train-h-0036,train-h-0036-run-001,data/raw/train-h-0036-run-001/logs/00000001.BIN,162.664075,365.654513,10.0,100,716.2868380412232,65.24105834960938,0.6113061858690357,-0.7913941793558075,12.287345886230469,12.284608430862427,12.269372940063477,0.005197218720142231,4.25,-3.2,4.1158,0.11266925046346944,-3.1260000000000003,0.06381222453417534,31.538459014892577,0.5211700549283539,31.25958013534546,31.284046173095703,31.394379138946533,32.53217811584473,0.4060307136178017,0.006620390575821418,4,0.63564,0.0053679977645300905,0.654,0.0,0.002400251444741977,0.23233962865111063,0.0021822976843859543,0.06467070823781661,0.0011591020938794827,0.0048249337370128076,0.546299070204698,1.099831377000908,0.0,5.168163300419239,0.042115795133522926,148.24318009409805,0.0,56.827372233072914,210.07055232717096,-12.029741793558074,9.239061858690357,15.168221769488497,230.07495164838474,1840.3615291128688,0.22908307453107474,4.094271299063825,-3.169779092690189,716.2341752178891,322.3177069993061,1823.1132232666016,22.37893605689255,202.990438,1823.4092074531595,1823.0,0.2959841865579165,18.231132232666017,True,train-h-0036-family,train,3086446666931555729,d12a8f8997634cee977581cbaa5548c04facc1f5,6c58c27282539d3519962692d87bdfaba41ce01b094a18e3956a3473bb14fe20,2f5ce03671f92bfca42dabff69a505058fb52e27086fafbd86a866f5b4af27cf,b0216104650db901ef6fa37bdf66d17b705d44c5a1c110b8489da49ab22adbac,65.24144428632836,2.0
train-h-0037,train-h-0037-run-001,data/raw/train-h-0037-run-001/logs/00000001.BIN,238.659498,485.659825,10.0,100,1383.798274197116,90.47538757324219,-0.810131074956629,0.586248787964305,12.231690406799316,12.229051961898804,12.213098526000977,0.005409172666830094,-1.22,4.16,-1.2183,0.007880989785553596,4.2508,0.06123201776848445,37.09335414886475,0.5391745357254543,36.84229755401611,36.84309005737305,36.91640377044678,38.15944900512695,0.4760265755653381,0.006861593439135419,4,0.6914549999999999,0.006590369868224354,0.709,0.0,0.07091086491030796,0.13978353436640936,0.0019432141500816391,0.0709985946648593,0.006679505309730303,0.004972905289589235,0.4363225493965887,0.954922455224886,0.0,4.157932071802551,1.5050436592590066,236.8678850031931,0.0,73.65025838216147,315.51814338535456,7.08078787964305,-12.35211074956629,14.237703359954196,202.712196966051,3251.0072869403452,0.7990694196304868,-1.1971263910697791,4.114927232676304,1383.7584966618988,125.8931919351577,2688.5960083007812,32.813881902594005,247.000327,2688.9019381387197,2689.0,0.3059298379384927,26.885960083007813,True,train-h-0037-family,train,672918608774117607,d12a8f8997634cee977581cbaa5548c04facc1f5,6c58c27282539d3519962692d87bdfaba41ce01b094a18e3956a3473bb14fe20,2f5ce03671f92bfca42dabff69a505058fb52e27086fafbd86a866f5b4af27cf,a90023386566f3e4c9998c07dd979e022f4ac81d1ce232e8791f95ef2ca46815,90.48105674321697,2.0
train-h-0038,train-h-0038-run-001,data/raw/train-h-0038-run-001/logs/00000001.BIN,125.462295,245.386806,10.0,100,244.2530314858012,93.03866577148438,-0.36252874186663936,-0.9319725915071707,12.220434188842773,12.217811059951782,12.2003812789917,0.005380494193722599,3.03,3.41,3.1224000000000003,0.07432523124753806,3.4754,0.031699211346656514,38.2181420135498,0.5411832976000902,37.94562816619873,37.97053909301758,38.04769992828369,39.168130493164064,0.4890968319773674,0.006793191309802201,4,0.7023874999999999,0.006850353549270291,0.723,0.0,0.09736408758571599,0.1288959450608759,0.0031559339382218375,0.07267319198053163,0.007132452282039594,0.02349657519728291,0.5560404980221962,1.1694247665376691,0.0,4.169923609205309,2.1070178009196265,41.89533980574607,0.0,75.35911051432291,122.25445032006897,-12.442125915071708,-7.100687418666394,14.325720194953767,205.22625910410622,1297.8716511446846,0.9092025637437521,3.036656682891797,3.494013310235551,244.19539121792855,21.25546497108021,1255.5875701904297,15.34339764868968,119.92451100000001,1256.013327221795,1256.0,0.425757031365265,12.555875701904297,True,train-h-0038-family,train,1949066012483270268,d12a8f8997634cee977581cbaa5548c04facc1f5,6c58c27282539d3519962692d87bdfaba41ce01b094a18e3956a3473bb14fe20,2f5ce03671f92bfca42dabff69a505058fb52e27086fafbd86a866f5b4af27cf,5b7c1ce04b48ac8ed374f12e8ae1314a0d0d2775c1db0de048596b2bfa87bc80,93.04138487037903,2.0
train-h-0039,train-h-0039-run-001,data/raw/train-h-0039-run-001/logs/00000001.BIN,194.889513,402.649709,10.0,100,1133.7728073493445,38.49986267089844,0.7248080875360992,0.6889508228039664,12.280279159545898,12.277789154052734,12.263840675354004,0.004939994692046663,-4.04,-2.3,-3.9983,0.036057038147912196,-2.173,0.0945357075395324,32.22078510284424,0.4947932470146672,31.976705074310303,31.98079490661621,32.047773361206055,33.20158424377441,0.4143939846754074,0.006309604129852395,4,0.64149,0.007494991661102773,0.658,0.0,0.08406088313168887,0.15290660297881056,0.0031254151492919892,0.06761344250101918,0.003953257543034851,0.003050379537773353,0.5034893313458219,1.0553281288963214,0.0,4.329640049033042,1.4009100384425666,199.9472374158547,0.0,38.999908447265625,243.9471458631203,10.887808228039663,9.421080875360992,14.397955857366032,207.30113287066084,2183.380156474388,0.30555188686062984,-3.9331916874462083,-2.248055899837103,1133.7174050647357,226.45589447691037,1977.456591796875,24.23384769912995,207.76019599999998,1977.7252504255607,1978.0,0.2686586286856709,19.77456591796875,True,train-h-0039-family,train,7404519119296151065,d12a8f8997634cee977581cbaa5548c04facc1f5,6c58c27282539d3519962692d87bdfaba41ce01b094a18e3956a3473bb14fe20,2f5ce03671f92bfca42dabff69a505058fb52e27086fafbd86a866f5b4af27cf,3a9a5bad83a71bc67e3e25c6adec285801ed217c5dab8e5793a542cd55b5da06,38.50223325420401,2.0
train-h-0040,train-h-0040-run-001,data/raw/train-h-0040-run-001/logs/00000001.BIN,209.684426,473.569663,10.0,100,1223.43194408458,54.94731521606445,-0.26105337859184496,-0.9653243670009489,12.267887115478516,12.264759206771851,12.248838424682617,0.005503001777336701,5.55,-0.69,5.511699999999999,0.0442279323504954,-0.7683,0.060117468343236155,33.5211754989624,0.5491228740003313,33.22048568725586,33.24455642700195,33.37340450286865,34.57942581176758,0.4318439957499504,0.007006106930302228,4,0.6554975000000001,0.00898109089977382,0.677,0.0,0.14434473377756324,0.1388941075964518,0.00458983677762923,0.06602606746698333,0.0007386663546776617,0.003750484901408469,0.5457399943982129,1.1140717453025675,0.0,5.120011002827016,2.180506617951501,250.7038324867789,0.0,49.96487681070964,305.66870929748853,-15.164943670009489,-1.8422337859184497,15.276430925989889,233.3693418365403,2846.21512469512,0.422615722772815,5.475099626848684,-0.666035940086757,1223.3519247097656,15.133552253160852,2576.3762817382812,31.5520281171497,263.88523699999996,2576.649917130487,2576.0,0.27363539220596067,25.763762817382812,True,train-h-0040-family,train,3331451674518596960,d12a8f8997634cee977581cbaa5548c04facc1f5,6c58c27282539d3519962692d87bdfaba41ce01b094a18e3956a3473bb14fe20,2f5ce03671f92bfca42dabff69a505058fb52e27086fafbd86a866f5b4af27cf,ad309f5280461e01057faac8d27a746d2b9edfb7c5ad7cbbee24cb8795befc9a,54.944998600291406,2.0
