run_id,actual_rtl_charge_mah,headwind_m_s,net_256_cap3000,net_1024_cap3000,net_64-32_cap3000,net_128-64_cap3000,net_64-32-16_cap3000,net_128-64-32_cap3000,net_128-64-32-16_cap3000,net_5x16_cap3000,net_10x16_cap3000
pipeline-0001-run-001,1071.970964050293,2.4849633576103245,1050.8454985444391,1046.1022019294617,1053.1282446183004,1046.5605472932982,1061.4724504580374,1056.9500771864648,1057.7577851459498,1056.2184073515107,1126.6575513565385
pipeline-0002-run-001,1304.0767944335937,0.1838929128527865,1303.6259587427714,1299.431297932507,1300.1028083002318,1301.959168490444,1310.3491043747401,1302.8408901060586,1301.6161287266384,1300.348397411035,1284.976481891021
pipeline-0003-run-001,1544.5511108398437,0.4597477345595001,1545.6056677874906,1540.2983882308288,1540.7140977970587,1530.345883511052,1537.9933669717996,1539.2568171355408,1539.4127942992955,1551.1092471202564,1523.4663720572714
pipeline-0004-run-001,2027.3917999267576,3.203714018498802,2042.8352000495936,2044.1544265614036,2026.2349159557489,2043.5626452023055,2044.1992051400255,2042.3830219437239,2035.9797550949381,2045.8362605097925,2066.6446988062985
pipeline-0005-run-001,1958.1971130371087,-1.2889286497324592,1965.729197479116,1962.6255767561904,1965.6192176453412,1976.0666804272923,1952.9868560368504,1960.9124749936675,1967.3118593358292,1963.0162951359364,1941.0263873686936
pipeline-0006-run-001,1604.4671783447266,-1.2058458289286225,1599.0045917120226,1609.4599815103322,1614.502873290248,1624.7960691674864,1608.9305298940963,1607.9701347680777,1606.8491456352203,1612.3072612776025,1594.7330694683776
pipeline-0007-run-001,1097.440753173828,2.5567805579622185,1098.7943654352703,1102.2750645141614,1099.158623208235,1097.8770228903593,1101.4393446090778,1118.5389773428772,1101.1237513653189,1093.3626134969834,1063.2076311749431
pipeline-0008-run-001,1323.1202140366736,-0.8375832123344037,1326.9739401789163,1323.69584383924,1325.5951447533018,1330.1737719648236,1333.5919874431536,1326.2131941443688,1318.5531270378015,1330.7894482523195,1338.9165041500241
pipeline-0009-run-001,2646.578568892045,3.39029162554223,2624.060202667102,2652.2706100074774,2630.396907095475,2611.4092195542285,2631.369886224607,2638.95184954826,2635.795702862521,2615.7257300908523,2636.3989215464844
pipeline-0010-run-001,1315.724708557129,0.2685041273373478,1326.1552900210886,1338.7917291133156,1326.3373429965588,1322.8996030196352,1311.021007603769,1322.8304801559123,1319.669917421974,1314.6302057114983,1368.5202287542095
pipeline-0011-run-001,1425.988812255859,-0.9167140346206636,1425.282902794569,1426.279135161148,1427.8314983479047,1432.699346455083,1430.9131291605588,1432.2170074875855,1419.1291572165167,1435.508385082624,1446.4926335172886
pipeline-0012-run-001,2306.475830078125,1.4524976492290138,2317.8622544962286,2320.0714588745163,2306.9000458160317,2309.0929055607326,2326.3162042759773,2324.908590403019,2309.852721794247,2296.699547576126,2316.8998355254253
pipeline-0013-run-001,1064.1130859375,-6.00433070444747,1042.541675273224,1060.1358108981922,1065.6272017040758,1090.255910111044,1060.3224474991864,1079.6429724358338,1092.451863860646,1076.0582938234732,1093.888554055776
pipeline-0014-run-001,1162.770122433497,-0.0477263977096688,1150.5090187753133,1153.2320770613176,1158.8168778578784,1157.4437148634026,1157.5578621715752,1152.4520239622336,1160.159889930527,1169.8447372818653,1259.9563403042298
pipeline-0015-run-001,2363.331640625,-1.1806284255226482,2339.8540039173968,2326.9685527521315,2345.0100892548785,2351.536547778723,2335.7065584439865,2365.7314009274464,2369.611475744006,2346.0992226606163,2352.3675278179044
pipeline-0016-run-001,1766.4212768554687,-2.8935823018488374,1782.4528833434342,1796.362166196068,1811.2935099138585,1814.6293741993898,1808.2485869315597,1832.7137123425518,1819.6668442443906,1810.1467228680824,1785.4012324711541
pipeline-0017-run-001,2036.9288635253904,1.9468317674327105,2037.0729096306843,2060.2924170531955,2057.459521987756,2055.788532602773,2050.7612068786475,2039.4624815470931,2051.6903326953643,2042.053047936555,1875.2305875411282
pipeline-0018-run-001,959.2414031982422,-1.0779565356889536,978.2428235144994,974.5134595442026,981.1780249790623,969.0945615758051,983.9327606187553,992.4770541932799,974.6897175940163,980.4012087383056,949.6062751855562
pipeline-0019-run-001,1169.7696411132813,-0.1177081453019537,1159.1633863742907,1174.608342668808,1173.3124952142389,1187.5738572764633,1167.8555725640279,1173.6554217768232,1172.9286860698119,1168.8068814022818,1175.431860211084
pipeline-0020-run-001,919.2473058779376,-2.641153176997998,931.5468499933959,931.7316504154636,945.8446519394839,921.8869801699152,946.5897727778218,938.5550085288661,944.0423223879247,929.6368282276848,934.6562384266832
pipeline-0021-run-001,738.3103454589843,-0.3269084219273709,750.7524664181084,762.0511214152774,774.6997983015245,766.3341341751669,789.0270840841082,786.411574705452,789.4566996499707,784.8257885105692,813.1251546629396
pipeline-0022-run-001,1862.648468017578,2.455748731050152,1939.5882478620163,1940.824815835639,1924.2546060584828,1938.0687410599132,1940.2659476692188,1955.52383820508,1953.7361758410534,1982.0711379095962,1926.5454068344895
pipeline-0023-run-001,2285.75244140625,4.866831093802063,2171.1725144608195,2191.125647136932,2150.4486571980947,2154.9198941168984,2151.065533150415,2144.2114800331747,2151.612663552109,2120.792477047163,2192.589710906091
pipeline-0024-run-001,1902.976965332032,-2.622424882575091,1913.76369168122,1890.5822530755452,1904.4774237063784,1921.727797607006,1909.3928591705146,1918.7461217318612,1902.8266886352324,1913.1777942650115,1901.6017877122279
pipeline-0025-run-001,822.6777877807618,-1.163039273954785,824.3478686999442,840.0850210449192,836.3019537383198,830.4525699151678,839.4729673645367,844.5344714889239,858.0017997268009,855.0457591076791,846.1937502820175
pipeline-0026-run-001,954.6257873535156,2.126289089605148,977.6808684924096,977.6491337792914,957.7978646964922,958.3655148438492,959.847953494591,959.6464353444381,957.5896140903969,969.4513302311443,1095.259276987855
pipeline-0027-run-001,2343.875317382812,-2.7895201471928748,2331.369826255512,2344.7635350691176,2305.902518923597,2329.404456886305,2337.316189633794,2335.8366015625384,2336.227326600571,2332.792251767098,2335.708547540656
pipeline-0028-run-001,836.2062866210938,2.166056797229995,866.7479313920994,869.5430734265302,867.0931444063546,853.1789938558646,869.1859704614443,881.2633617742414,867.1078553268244,853.7212548500557,862.8011487586829
pipeline-0029-run-001,1010.2629943847656,-0.7177830196989174,1022.6685603378043,1001.9760238445687,1026.8378407904784,1016.3609127945753,1021.3345221002461,1015.3202623475157,1015.114387655909,1017.7072353452322,979.2192054820898
pipeline-0030-run-001,1550.9964904785156,0.340413577661725,1559.2609644806116,1556.9196578792714,1549.2214497389552,1556.3617363864225,1533.591836496437,1547.9285306656159,1556.8422714214464,1547.8208936015426,1586.708907561954
pipeline-0031-run-001,1126.9349487304687,4.816367182935972,1139.522431970864,1123.306442836664,1152.2154688145677,1132.32443136404,1167.6842724796006,1160.0091036265633,1172.1584307538562,1158.3497140181958,1079.4692728159869
pipeline-0032-run-001,1947.58544921875,-1.2853151097975697,1960.1686728591358,1951.7972808798913,1960.6613522306397,1969.2250970190914,1952.8271519173193,1959.0207381580983,1954.5369479501203,1946.390542872061,1924.9102087340207
pipeline-0033-run-001,1549.851232910156,3.413342532065451,1548.8316848785955,1572.8430687720056,1546.746394788607,1563.8040908987612,1550.111608108201,1568.5507776764637,1565.5778679000794,1554.1793982739143,1491.9657740726034
pipeline-0034-run-001,1089.7974014282229,0.761221011109408,1097.630783125346,1096.5573117384686,1091.212314042503,1086.307421202065,1095.5103201409106,1090.4526764175864,1085.8057534720613,1083.8885485727162,1079.263999378307
pipeline-0035-run-001,1202.996844482422,-4.164359794964586,1233.430315636865,1226.7065223593838,1212.0564686355458,1213.9782961923129,1227.9839079294952,1220.674974697805,1226.4349224647756,1198.5719672540222,1221.815977063174
pipeline-0036-run-001,1741.5382202148437,-0.0481273685729188,1707.676116401637,1708.8487471612223,1690.2674308661478,1715.2966266107649,1706.9830310548514,1724.5716005282693,1715.814484101116,1722.1957100180825,1706.8881971078565
pipeline-0037-run-001,1826.6234405517573,0.8885294275249609,1806.4067490579264,1808.3918278057165,1785.7836565456307,1800.458314577584,1810.9048220072555,1806.1224728030847,1807.4298463875632,1812.2130777963528,1842.2435665964522
pipeline-0038-run-001,1506.641516113281,-3.117978107739092,1496.3237403153828,1498.2507189797627,1489.6774454933955,1492.9800746739445,1478.504796208297,1503.933929684036,1493.5917635641072,1504.7606712710287,1497.8459142203412
pipeline-0039-run-001,2230.803985595703,-3.630330593730241,2214.8227340318067,2225.7993747638975,2213.3066890242167,2240.166157515383,2194.3149437990905,2225.570758864236,2226.0102033324347,2205.649696611801,2259.7458625068157
pipeline-0040-run-001,1505.2078018188477,3.934369108162683,1538.7547994816862,1546.1298756424396,1554.2245866969922,1550.7112064628225,1534.680619394996,1529.5574713261656,1529.1625703026864,1533.3146816808014,1464.4653523960862
pipeline-0041-run-001,1561.9973022460938,3.855355019187592,1526.046278355442,1546.1563708228732,1539.7517887920112,1526.623079296386,1523.8255688439933,1533.879810040277,1521.4355108274265,1523.8804552449099,1519.1822444543366
pipeline-0042-run-001,1687.0541015625,2.79113351239433,1702.9797736493094,1707.1668021009748,1701.34236239079,1705.4465864739166,1699.5025899794339,1697.9888035076704,1686.3167365724066,1683.1344573897568,1707.8485590514586
pipeline-0043-run-001,1466.9019287109377,-1.151543496100587,1455.0722923025126,1456.1655021821746,1452.8807193340192,1472.7675606625119,1454.8551333042244,1455.3487127643602,1456.8303140960859,1458.6614815903492,1403.5529898406967
pipeline-0044-run-001,1960.1807556152344,-3.251144656143353,1938.6902251334711,1960.3126384583577,1953.237915738355,1969.8368387148691,1964.5744265309215,1967.0896137730704,1950.3273528870368,1975.7539859148685,1840.8271391858507
pipeline-0045-run-001,1231.3746032714844,1.2385029942656962,1241.0052695139418,1240.3651561606919,1233.755156441168,1224.5157662780523,1235.0702193224936,1238.1398730153558,1235.6265108284458,1234.8539655857637,1234.4834372310809
pipeline-0046-run-001,1986.9207794189456,3.1248257933030965,2015.4422939516608,2018.0629935160268,2007.1249105986299,2034.3903825624493,2036.6577466587578,2017.7700479665325,2015.449746364727,2000.4442705353842,2003.7972465519044
pipeline-0047-run-001,2922.664535522461,4.6408776210676645,2872.2108719043886,2909.9114180760257,2882.2812972978536,2885.658889848888,2885.5162010047893,2876.0717750677445,2895.832104836678,2933.9603221468965,2863.688361873483
pipeline-0048-run-001,1269.1198974609374,-0.1731249450194627,1278.7785828224899,1282.1595071156,1290.4763738484282,1277.509743268373,1276.3326849650055,1278.8260349410002,1282.3670698290396,1283.9808436246383,1268.2557131187655
pipeline-0049-run-001,2369.012377929688,0.3082262782995915,2384.253694246087,2392.547320867276,2391.5270312772705,2400.082622548995,2383.322693722642,2396.21264302024,2374.8799608258655,2376.7376598947044,2394.9212199924336
pipeline-0050-run-001,2176.594189453125,-2.600701938684456,2202.7974008217457,2199.4671252387925,2190.239427377107,2206.284927958061,2190.4398807042076,2204.875232626719,2197.269867159824,2171.019955736509,2208.37589047076
pipeline-0051-run-001,2483.124011230469,1.016447684772778,2472.823263333353,2498.7812281873457,2486.5406279988415,2492.2805358028686,2488.784762432403,2493.653310935572,2492.2939847325983,2477.852455370025,2517.6074676995163
pipeline-0052-run-001,839.8194976806641,-0.313227048092818,856.898048614863,851.5063901229263,861.7790099569016,858.0166291694786,865.6316521300419,873.1031355375203,858.2380022757375,839.6919776349087,929.5541941598111
pipeline-0053-run-001,2040.376501464844,0.0846566913208979,2026.9794561417223,2016.091433883341,2016.2138796370066,2006.7598899138127,2017.7868643958725,2024.0468015170588,2031.8698064570792,2016.2354197356556,1903.396845714383
pipeline-0054-run-001,1181.105639648437,3.5210722032996755,1180.1054196192279,1178.0762524248682,1192.9484059249269,1187.0854980859742,1193.723269522653,1192.1187473293317,1198.212395762194,1193.2474387622374,1194.1431787281153
pipeline-0055-run-001,1388.9899353027345,-3.753268597720725,1374.4009097664657,1383.1990629744596,1361.6558930062442,1372.2755155594366,1376.3246475386343,1382.669723528593,1385.091836432093,1389.6745410728865,1375.4419022540558
pipeline-0056-run-001,2042.811157226563,-2.785980368308855,2030.9840401495794,2025.5194612782968,2026.1648113979438,2037.7923522604972,2037.4531032421175,2035.6591146406793,2043.6275860855596,2059.5896421464454,2042.1570084018806
pipeline-0057-run-001,1454.6990173339843,-0.7359560612738809,1449.6258808899602,1435.7468699191056,1458.8171491103142,1453.521397865872,1463.3083804865298,1457.663018115599,1459.7031407468855,1453.8900512638745,1470.6189933817332
pipeline-0058-run-001,1255.0557723999025,0.2418335209452196,1240.8898930215505,1254.0900621503079,1246.3953824566227,1250.4520458837358,1245.5595909190865,1252.8030642035471,1246.973195469915,1256.365020864658,1216.523294611214
pipeline-0059-run-001,1522.7857788085937,-2.006828323436708,1538.3125104242717,1543.8513065039042,1526.7638486447042,1512.878447893079,1510.809028130826,1542.3148738398634,1547.543301476381,1562.9644000950257,1511.9015537940431
pipeline-0060-run-001,2239.6731689453127,4.332713435879516,2211.7839834066467,2191.9451416223146,2217.3061273140424,2204.1552101968205,2222.5280803624773,2234.9240049432838,2234.2053184181514,2230.667100894676,2240.3354542802103
pipeline-0061-run-001,847.7076293945312,-0.0240681869377662,851.625141991899,883.5319423456425,859.6797325539975,851.2632107625368,854.7040884713075,862.1040720995039,869.1241747017392,870.4145805688701,918.695753334258
pipeline-0062-run-001,2117.853469848633,3.6377730394977927,2088.0157678507608,2082.2300618553304,2092.270750230626,2085.9848060246136,2078.1473769034515,2074.579940449868,2093.53964472546,2093.7185704135077,1947.8680350413285
pipeline-0063-run-001,1545.0148193359375,-4.291063932000063,1536.948033714429,1541.7702277407843,1557.577581833747,1557.1333039053723,1538.7536209929524,1558.5283323016347,1557.1503555216843,1531.2101462697913,1579.066658999529
pipeline-0064-run-001,1669.8533996582032,0.1792588668341905,1671.4458560584883,1662.209551637011,1669.3389098867635,1658.4869812722136,1656.6737917707978,1673.3258878508059,1664.222230284865,1668.147918854379,1675.0199525183407
pipeline-0065-run-001,1172.955712890625,-0.6720221908050374,1190.3922175403238,1172.1921362919295,1179.6594150762967,1192.334726378099,1179.2419399394435,1177.6138852618785,1181.025479560358,1178.267650437089,1187.2631982975224
pipeline-0066-run-001,1131.146417236328,-3.169525120408695,1130.9028659420087,1157.4406607514227,1132.315617788574,1119.480061309027,1128.3229642108845,1127.3274479059098,1131.8769817177078,1137.348058990611,1276.105561947553
pipeline-0067-run-001,1660.0753845214845,2.1461718810460786,1653.9935913287784,1652.2651051307969,1659.7292554010983,1662.0716949895004,1673.2044656646624,1649.7322396257066,1677.3431631648612,1699.1005655377264,1664.5092067278083
pipeline-0068-run-001,1692.879852294922,-2.8570186099406403,1710.81712111106,1691.1500008194264,1690.7127491855736,1702.6324186870063,1706.2509555912957,1696.0898526822464,1698.154917420429,1701.7053846050655,1727.827059426465
pipeline-0069-run-001,1758.932284268466,-2.574149510499717,1752.363827082787,1743.805860144761,1733.2076727834472,1741.9762027757952,1741.9341365719574,1747.5503176900272,1738.211871881001,1744.255636054939,1748.3299009316404
pipeline-0070-run-001,1019.1554260253906,5.419339135228665,1041.359125940152,1057.391430378215,1047.1933379773775,1031.828545436892,1033.2954211748875,1053.196782939251,1040.5866696181363,1072.2020290452765,1000.6876390537915
pipeline-0071-run-001,1077.3010482788086,0.5790087267955754,1076.713929743759,1078.7600388948922,1081.5394820461183,1077.6232768388884,1082.1039268883835,1093.4449071646843,1076.7828620856228,1071.1484200366112,1144.032639463155
pipeline-0072-run-001,1341.8166290283202,-4.297070986169526,1308.3418600263676,1299.684424385217,1320.9650319173365,1310.9019391147806,1320.2975528810346,1333.6395818335197,1318.796247498448,1328.670665669046,1248.783448723387
pipeline-0073-run-001,1498.1197937011718,-0.496370247837019,1492.9445417580293,1516.3455094393357,1503.2375339270222,1502.6902943121015,1479.905004839847,1510.9573166203043,1503.293305627237,1484.0360309536272,1560.423039926806
pipeline-0074-run-001,1777.5803527832031,-2.343529252901711,1794.3550226490845,1774.7633981570198,1778.9388367771037,1771.5062208449108,1768.936926034833,1794.9016274694948,1785.0597809560513,1787.065156494633,1832.3938201849694
pipeline-0075-run-001,933.76875,0.5859150884656077,930.9843708293657,936.353003995634,933.5937035989178,931.9315522307716,933.4411078359288,934.7263569026333,938.7346129497224,936.3632670441897,929.0546213004626
pipeline-0076-run-001,1149.131851196289,-2.7624997433314906,1154.643646877869,1155.6481796919018,1164.6347026088135,1144.25677069312,1157.8997618915676,1154.932084921201,1154.9112710709983,1140.516562942873,1158.1059216382057
pipeline-0077-run-001,2333.2535400390625,0.5238869298305858,2330.2498184507403,2340.7110949924045,2342.5789623014493,2344.867975720807,2344.1577413116433,2342.431406131543,2341.8028553458976,2331.225883743366,2393.566739666216
pipeline-0078-run-001,971.217288208008,-1.710708413950174,963.796564514767,978.660966528329,973.5052220042976,961.2614880127425,974.2706282358077,973.6966681311396,980.6217464876914,966.6547200938116,962.5534963828981
pipeline-0079-run-001,1639.9744750976563,-2.077951107680687,1643.83777835226,1625.2047304593482,1637.4739222845794,1640.8619439806419,1655.6816809492302,1639.7756137654858,1644.8234218022963,1641.396772910134,1666.6319820218835
pipeline-0080-run-001,1521.5913925170898,2.7141707328709304,1470.3286547900318,1485.3377229827922,1495.8447709852996,1512.4883169323919,1483.171731463605,1492.1713412792985,1488.443151243743,1512.152100634709,1604.2846772741914
pipeline-0081-run-001,1006.2977416992188,2.01053607107284,1010.9429182092186,1016.6227511472438,1007.366550956703,1012.3190923097285,1000.485878495956,995.5017533774981,997.9543052604826,1005.710738269156,1018.3874032226455
pipeline-0082-run-001,960.8645446777344,-0.4121884376875858,975.2591696514779,950.3920298295685,974.5086959117842,969.6933843374323,981.117329457948,964.7605430110316,966.9570051340685,956.7026600858886,953.4227965712267
pipeline-0083-run-001,1523.6819213867188,-0.5472683763105992,1527.425356618259,1517.3981863221163,1514.6092426522926,1540.006803935622,1524.0476895298218,1518.3742132788987,1509.096391364753,1522.4472122753548,1561.3048852513514
pipeline-0084-run-001,1351.1438232421874,-0.4037412894427733,1334.8532159711547,1347.1429494097654,1343.3724369194463,1335.9387210374136,1346.6317716430651,1345.8492871239068,1348.5604900886858,1341.8173800389222,1339.6950179638889
pipeline-0085-run-001,1687.7012939453125,4.7981133262066455,1643.5874435177793,1631.7571560071444,1632.5290781256028,1629.7287122931914,1625.6096017357725,1626.8343013274796,1621.2209178169242,1643.5376995662955,1673.5240617574843
pipeline-0086-run-001,1034.0585708618164,-2.1870685209241385,1052.7390336450555,1039.5454084796377,1045.957957385158,1037.46198775921,1041.7052289638025,1039.3528950425036,1032.4232429157794,1018.9103691017295,941.2987103772597
pipeline-0087-run-001,1194.5564193725586,1.780174027298998,1183.0240312301387,1199.3720138853027,1196.606604137214,1188.4203817306425,1194.7398737032481,1190.0345813368751,1198.5348645436727,1204.5192095718796,1239.808393799088
pipeline-0088-run-001,1401.4253768920898,1.4124277265193712,1422.5106658374914,1405.3904084262383,1407.2520815936948,1402.2169940525757,1403.1510353301653,1413.812388484015,1409.460005075266,1408.6412674595624,1394.7627531935639
pipeline-0089-run-001,1468.65771484375,-4.5005686582596125,1472.0526771314226,1478.9069849964746,1485.587129325142,1466.3576278268526,1473.6375156822312,1477.1812538668676,1480.8854494511554,1482.5347813597455,1493.0276568158572
pipeline-0090-run-001,1303.9157257080078,0.8273650768193408,1286.1890735104607,1294.1236254217445,1293.7554321726245,1282.7066085636984,1272.8120974077294,1285.497923876249,1282.253365504992,1278.0661262296785,1231.9898501439175
pipeline-0091-run-001,2064.1866943359373,2.5845390554855525,2152.1499709249997,2084.5751094801903,2171.4179585831357,2153.324049059905,2161.8697444373943,2185.2451837536782,2188.868104545751,2139.5315199339693,2065.7267611578927
pipeline-0092-run-001,1522.41212753422,1.324877598532213,1540.875038865406,1538.6064862192322,1526.0113987721427,1534.016138769699,1519.185853667853,1518.740523493266,1526.5161753215532,1540.6719592097397,1471.6395831921639
pipeline-0093-run-001,1437.2644409179688,2.448656667959437,1441.4327484958649,1424.4150884287683,1446.4660682969177,1433.0653557972537,1436.1405875940043,1434.1354287758884,1424.274659561075,1422.6992716944533,1426.4322447751338
pipeline-0094-run-001,1533.0745086669922,-0.0008966134311261,1536.0540215315623,1535.580139406309,1529.3817372792485,1529.1509438409637,1536.8357468479082,1533.3765463660932,1529.8769762868321,1534.1995329569033,1530.8206409352176
pipeline-0095-run-001,1180.3380920410157,-0.9871037397613304,1191.8418757952147,1171.5178553402811,1180.8294005821065,1186.4337801217205,1208.2304197216934,1192.2970869427056,1195.2819997704094,1191.374286146209,1179.3315122093902
pipeline-0096-run-001,789.5549194335938,-0.1392945495202466,785.1373018193816,768.1264025947927,804.4999914356222,785.1889124031273,806.1525188118011,800.010090309224,807.5851761553972,783.1156734541015,816.276623849646
pipeline-0097-run-001,2333.1981506347656,-4.375683502650424,2319.3042111567115,2357.6084905667344,2318.3239794099363,2344.5154727103136,2337.721205098102,2338.64960288572,2332.3201354438906,2338.030583448947,2271.985335114798
pipeline-0098-run-001,1135.635888671875,0.4959471982339947,1110.9017097664384,1121.576754409983,1117.9196880863553,1110.5932194768804,1124.4116703739671,1125.9280539180124,1117.2058814126249,1115.0183857297532,1142.6562663706745
pipeline-0099-run-001,1816.1587158203124,0.991344449531508,1808.0620108806768,1815.141755943934,1799.0562938632654,1814.3995438269114,1806.2470163824148,1822.097799208989,1822.9739387692014,1817.739948691553,1812.836957576249
pipeline-0100-run-001,1396.1941833496094,2.8069531398996914,1392.69165153616,1406.3305595871882,1407.3641886410815,1399.5465056288351,1406.6360096070277,1406.8879580249395,1398.2122742019922,1402.2489113638285,1268.7910797883965
pipeline-0101-run-001,1421.8775024414062,2.5458932948017776,1427.7656885944114,1412.1012627781602,1432.578414425376,1415.760776891674,1413.5381738746455,1420.9300546933061,1417.5091152235846,1426.0720477476004,1371.5801914168103
pipeline-0102-run-001,929.8018325805664,3.287487607192846,919.584876061699,868.4134030737463,940.5643738375165,944.7530903027291,941.934320673074,948.9526270494856,931.3651998222953,934.1930669236189,978.8264112336602
pipeline-0103-run-001,2149.7408203125,0.0779271310233744,2144.0738133399586,2163.4821670407005,2164.549464365273,2157.786061583947,2156.523788481539,2159.6357959091624,2150.864463630022,2140.9967670579117,2148.72615206015
pipeline-0104-run-001,1700.7686157226565,4.455587623855791,1687.4424739426358,1667.6664123787432,1712.9811089526854,1709.9021429727843,1718.1975887409526,1719.2180256222134,1721.4801404315497,1735.0181510631983,1749.9653866592655
pipeline-0105-run-001,1649.4016845703125,1.640875313706018,1652.8895685503746,1637.407781624729,1647.1105665342686,1637.3038288616474,1652.755300776762,1635.2759262093307,1649.4155494354818,1648.3163171434196,1653.6082653641158
pipeline-0106-run-001,2029.081005859375,0.462646308729137,2024.924399547359,1984.2807811261164,2010.1652292750275,2008.2239099083652,1999.4150551222256,2000.0617929202162,2013.592004888352,1996.963735260395,2188.567060941579
pipeline-0107-run-001,2084.42470703125,1.9495580593184525,2133.8693682688354,2145.2752301846776,2144.6458811113866,2143.151752966414,2130.7794295449535,2145.611290224881,2126.0291154481424,2110.9670595803946,2166.770895262543
pipeline-0108-run-001,1152.844195556641,0.9941945889472056,1148.1377671826624,1144.8408731704378,1142.771379630973,1143.4095773820882,1151.2527662893012,1153.7418205908677,1152.8406214471736,1160.8963556591575,1138.1870871519006
pipeline-0109-run-001,1777.667578125,-4.75571500173304,1816.3483370325066,1776.7965087720393,1779.2798667302977,1814.1154189595873,1823.2225116070585,1816.4006261006289,1808.9312060791835,1809.4945902125262,1808.3998861129785
pipeline-0110-run-001,1567.6306518554688,0.7231172293552527,1558.4406437877876,1551.9382998815636,1563.4205520385215,1543.3127451122273,1543.731874404776,1548.799956871332,1554.233244045753,1552.756855135537,1662.6943032865677
pipeline-0111-run-001,1801.60482788086,0.7754659693244943,1808.0271591415092,1797.782119390291,1814.8402050785078,1812.9622965446688,1804.1801580625186,1790.2685215489164,1802.4409896267491,1816.1325473617426,1798.7074743339774
pipeline-0112-run-001,1709.5832214355469,0.1904529110372057,1718.7000785779474,1719.7372641562404,1705.1825566695532,1718.7904381933276,1704.9299023561198,1726.5535115071707,1733.2116603479137,1694.26378122675,1741.8419386491596
pipeline-0113-run-001,2647.3147216796874,0.4403127797550912,2623.7775014799595,2609.587281187039,2617.131034724556,2603.0960416589232,2589.673952178455,2608.0213381863546,2630.620723223114,2629.506394545157,2648.8901315565977
pipeline-0114-run-001,913.1190338134766,1.2540286029179015,923.5060952231092,922.5951529057189,936.5390072361174,921.6110060229767,921.3896226596084,933.660374371601,930.9445307898154,930.729144742707,1050.082146911822
pipeline-0115-run-001,2084.3603515625,-3.212326990449044,2137.396185907373,2118.9105194289514,2146.970704166762,2127.9998985921425,2131.5948207942283,2131.5032310906668,2117.4207845806,2090.403742194925,2091.3571682144284
pipeline-0116-run-001,2233.40771484375,2.780669436522744,2194.7007551166157,2206.7823275928567,2212.092570442426,2210.7772159307547,2198.179652119943,2218.730166437179,2184.595149557254,2204.495025214599,2243.178884703902
pipeline-0117-run-001,1744.8076538085938,-4.495948719664156,1742.9548470149696,1726.9681326012567,1742.9416489512566,1751.00639883006,1747.5924167914443,1741.2666942724547,1758.439827147237,1737.3598754007198,1739.729160465592
pipeline-0118-run-001,1726.649365234375,2.7467917211345507,1745.8756523601169,1743.9724353715762,1742.447313240333,1741.6450242339495,1743.660860406201,1746.7356195840623,1749.0541995354763,1731.7206348292805,1760.5365568310256
pipeline-0119-run-001,1576.3279571533203,-0.3420781874155151,1582.4129821598465,1582.5160997143194,1573.0438771890667,1580.2068612908563,1571.7829184463842,1581.6141965510672,1575.1834939654727,1579.1212371714762,1564.3252974121745
pipeline-0120-run-001,1816.2896118164065,-2.5876817797682783,1806.9549099859669,1812.4594084894263,1807.2990968041595,1813.087556310196,1811.3301398524852,1827.639358867673,1818.0898314041578,1807.7597471483311,1827.0125366786406
pipeline-0121-run-001,2004.694058227539,-0.6592963344346282,2020.5887521966,2012.3605166312002,2027.4960930844366,2018.6660667212336,2024.2255004237568,2029.6212741697798,2016.9174736759435,2010.9905945953544,2035.7608709321169
pipeline-0122-run-001,1744.4651000976562,4.845159783106707,1761.0159332557723,1740.0574698400949,1751.0534374851977,1775.1538917022554,1742.5702535609516,1749.3814752432545,1770.0313404345754,1758.1776552472586,1746.015189137288
pipeline-0123-run-001,1392.381884765625,0.5784727654501546,1371.9116352414787,1368.9732807006242,1361.8673126407027,1368.0662430683797,1375.8711031593148,1361.013347027375,1355.083141961147,1375.4675378736447,1339.3706734431687
pipeline-0124-run-001,1190.652572631836,-1.852245096615656,1152.7730558479434,1171.6659319725104,1173.9830027129062,1179.6908777893304,1166.253400046566,1174.3437190180703,1163.9624307450183,1187.6494981825438,1193.6218134519202
pipeline-0125-run-001,1402.9373626708984,1.7419938323511015,1359.3709789689512,1369.976380889062,1362.1913179833325,1366.0355453691066,1369.0606165712059,1370.3301591470772,1372.9964008602371,1384.8927505552545,1266.3337279718232
pipeline-0126-run-001,1851.655865478516,-2.737253765393553,1860.418079337226,1858.9496626871035,1842.8907783380794,1851.2766576486722,1843.7634588705569,1856.3642378420088,1851.7712796977648,1839.0016325160589,1865.777598013252
pipeline-0127-run-001,1106.980258178711,-1.242773311656526,1110.8888160442314,1122.566275483312,1099.4706936398177,1118.736441381413,1098.2333690425269,1098.517392922941,1096.6900143583462,1106.8946382120685,1134.8863270872755
pipeline-0128-run-001,1666.8773253890108,0.3567236104853348,1657.151770970575,1653.4500599971454,1652.883012329222,1671.9842328723353,1665.2836778348512,1665.042881291082,1670.9182020679093,1671.3181992518423,1605.3841305029175
pipeline-0129-run-001,1006.4940551757812,0.1782616997385959,1017.8281420321774,1002.3589228531064,1006.0402631009514,1004.6559151685157,1008.6282661155832,1020.3019481705015,1002.1399375151746,1002.9032719566507,1123.730562884669
pipeline-0130-run-001,1858.170251464844,-3.081222483314507,1847.2774998674304,1863.6686239851824,1855.4802830247372,1858.85491856043,1856.5932657931778,1861.0582364332158,1852.4185568144496,1856.048470263018,1856.4086676841926
pipeline-0131-run-001,1034.484033203125,-3.221239295794305,1017.0360102547105,1021.6640939103858,1007.7528733354953,1013.4858543658324,1020.2519337446502,1016.787138061491,1020.596467244548,1019.3366831656754,975.4063375718334
pipeline-0132-run-001,1276.4441680908203,-0.7462424385601252,1257.8489812158095,1268.1325038415787,1269.2200541644054,1261.78433200346,1265.814594219167,1272.2937059981807,1267.748107221026,1261.411399457622,1263.460535695156
pipeline-0133-run-001,1748.0197784423829,0.6416424039086963,1733.8387529854429,1741.9569384449621,1722.2326654974015,1732.4430585977955,1726.4880333063838,1722.539996400895,1730.2400791382988,1739.2924539108546,1734.680698982563
pipeline-0134-run-001,1521.497869873047,-0.7743015505390296,1540.4808561851933,1528.3423706852443,1547.7657289001006,1552.4122158384791,1544.8244866815894,1531.1825891841988,1537.9225286163658,1538.8537740500844,1541.397476021432
pipeline-0135-run-001,1514.2837524414062,-0.8682839185511122,1522.922232699566,1529.9427090713796,1510.4532650751423,1518.0620233959255,1527.6288963283462,1527.8745405731427,1514.6984531199148,1518.9034845360493,1523.9421262366504
pipeline-0136-run-001,1555.0775299072268,-1.4226327540723018,1563.8666304794976,1563.370752157315,1554.6988526237772,1546.2883383133558,1550.610890957947,1548.0168856492298,1547.1978857270158,1550.6533947185335,1528.9485310547677
pipeline-0137-run-001,1481.741784667969,-1.5683426419520985,1495.8769952023174,1491.68521398976,1480.6432691739603,1491.4735934706566,1479.1710288707882,1494.9326503675738,1493.7429548118623,1493.0565286279736,1528.232438431116
pipeline-0138-run-001,1203.374066162109,0.2484074297192161,1207.661131277787,1213.2048667711604,1220.7068501643562,1206.6106542121036,1210.625958746514,1215.4505702899578,1210.4489882611906,1200.5430079968337,1297.253795081014
pipeline-0139-run-001,2148.2653839111326,-0.6855431336747906,2141.138400232085,2134.754933065816,2142.563402846416,2138.1348720794135,2142.8196564165787,2148.2776998823138,2142.522437580066,2148.4840197506833,2162.6686798336837
pipeline-0140-run-001,1970.8828582763672,-1.09602414717015,1981.1537801301463,1987.6307730358087,1973.3736768632937,1981.1680912994862,1988.8202175222111,1982.2060214950516,1977.567933261483,1985.1994469518013,1988.2093927941878
pipeline-0141-run-001,2041.0894165039065,2.0135393300664592,2018.5568987209306,2016.2197850576024,2008.6372566398975,2017.6487504953081,2017.0209888016154,2027.7636023674806,2019.3530145311852,1993.1429230096337,1989.0803598089412
pipeline-0142-run-001,2159.1549377441406,3.552945700806732,2128.7485898974883,2147.337265181831,2161.5901795951645,2158.7836550911247,2142.95087291849,2150.4615967236964,2161.3864150519976,2165.881789313568,1972.865813130018
pipeline-0143-run-001,1186.4815368652344,2.139577488985687,1161.7440498334036,1168.067122092834,1175.6241508571784,1163.5178596744097,1172.565854099746,1177.369221501797,1163.6111388072466,1175.750058787474,1135.7630922042772
pipeline-0144-run-001,1701.5347473144532,-0.3077873762255412,1710.4320846411986,1700.1716024907294,1718.2168078529958,1700.5057831738707,1692.9996778286484,1704.7833364382548,1693.8112686069053,1705.5128987702517,1688.3470730112847
pipeline-0145-run-001,1741.5088653564453,-0.2608597833218957,1748.020805243088,1732.2930667016317,1739.5632244415935,1727.5000907462634,1746.6074548730069,1750.8531144217523,1728.0733993281356,1712.2262226335788,1612.8400959016506
pipeline-0146-run-001,1833.378121948242,1.840415608962626,1816.748071860071,1821.1744873472783,1808.6227666679845,1816.7893436615213,1824.9839429226276,1814.8899068467333,1827.110136148284,1811.174599906525,1860.5156894989352
pipeline-0147-run-001,1847.4301147460933,-3.438953213422622,1846.5857191716332,1859.7290396904716,1850.2427740093817,1857.3506656632396,1848.7688520981044,1857.610503975876,1854.483168575746,1841.8228310253344,1894.5618470780175
pipeline-0148-run-001,1433.958605957031,0.6612837351155072,1413.7153847058019,1408.2121356867121,1415.0463192429695,1415.3949462903486,1419.5844572091921,1414.203916805183,1408.5235457889412,1402.9002704712839,1421.3125394320668
pipeline-0149-run-001,818.1109954833985,2.6465326539139604,822.5366408613148,813.1667526025053,840.1445149591873,827.9473672218527,851.4065669222524,841.0232661920157,844.2916961913525,819.9469364823359,992.7075649949342
pipeline-0150-run-001,2056.034912109375,0.1680719430754554,2075.062213567457,2062.2323160191495,2072.031189218988,2074.8120657488794,2063.065894977988,2072.175536060544,2078.19371293176,2071.2150253747423,2104.8378038801625
pipeline-0151-run-001,1003.6436401367188,-3.797389827595668,974.8139622884831,973.0851968208689,967.5719288389517,987.6218498112813,986.4621566400198,978.4173481664366,984.1082769036526,998.7019374939176,1066.298007551035
pipeline-0152-run-001,860.1742372118737,2.8625597712547144,863.5147017785742,862.6110312453715,894.5510889044831,891.4633288537384,890.3094364862851,898.4296244205689,901.4474670448477,888.9681873799624,979.5302973037005
pipeline-0153-run-001,1812.0783203125,0.573592110655823,1788.791252685738,1794.0918663617485,1795.303688437093,1792.755258506817,1781.0685041305999,1788.186880741858,1785.4912247143877,1771.3973208001216,1783.318245457728
pipeline-0154-run-001,1218.4499008178711,4.455332513386095,1245.5394225595571,1255.6774974237787,1269.5104755381105,1257.8095444386324,1271.9955473686384,1270.9879152172323,1280.9432314488665,1279.742982141882,1158.3735988030667
pipeline-0155-run-001,963.4808776855468,-0.7634205078925964,971.3049564149319,968.329794862951,971.8590381004079,964.7045151710822,968.293012864014,963.7662342284142,962.5229063954115,970.5175130639062,943.9710483502686
pipeline-0156-run-001,2357.125061035156,-1.78305874659514,2319.3306454174713,2310.6381677241193,2306.5886402864294,2294.878021524988,2292.1145748385075,2297.96428601775,2295.9313232653567,2299.424805518754,2321.3525641012743
pipeline-0157-run-001,2134.2702880859374,-1.3342155858695062,2125.247051274185,2123.742742410632,2138.605832385674,2135.3704530493014,2145.478311677894,2145.3039274175867,2139.756940840322,2158.5604864295783,2146.205463462851
pipeline-0158-run-001,1213.1280044555665,-0.3326938460945164,1203.4319548761557,1210.2990875276657,1197.722708748309,1193.7344493627122,1205.1091285316586,1213.0980993928467,1205.2706532165612,1210.2720407648287,1197.760502908288
pipeline-0159-run-001,1347.9894165039063,-0.3702303391112474,1338.673407339307,1343.7854749555663,1343.1975897690318,1360.0986655413844,1340.6375076137508,1343.8608791206389,1347.9484453430439,1350.2089165815696,1311.8603226398172
pipeline-0160-run-001,1378.6760711669922,-0.8360791112519808,1386.3067733258104,1388.3039419611612,1398.6905265130708,1383.0984275607382,1394.807778157001,1388.849582830102,1388.6420816217162,1388.3420412150333,1305.907666934918
pipeline-0161-run-001,1905.1765991210937,-0.533644636563062,1910.4509931403336,1894.5194697574345,1909.610351733547,1911.8624720706132,1911.6039755988397,1898.451119594635,1900.650475660501,1919.894959594687,1873.5888151736942
pipeline-0162-run-001,1427.8025512695312,-5.220242787745889,1427.7190344961211,1436.6870355319072,1414.4222984615528,1401.7220941246626,1439.5961577981186,1407.9073365752977,1419.8345068333135,1409.9494511340156,1519.631046732581
pipeline-0163-run-001,2120.773303222656,-1.1468295678377254,2121.1108597365705,2131.5869912396547,2121.5474096125254,2126.8951379549376,2130.08956972197,2134.21335740313,2121.6678844453872,2122.3477990872357,2083.3571779848094
pipeline-0164-run-001,1373.692123413086,-0.1189042246812656,1389.1705137759225,1385.0100990908825,1383.852567953819,1381.3666524267207,1389.7577779062685,1381.2976461376275,1383.283757075721,1376.2037747917059,1305.409951688738
pipeline-0165-run-001,1331.115005493164,-1.202357419839593,1359.3354993279015,1359.3323123171467,1346.4817934891605,1357.5323964143818,1325.6184514356726,1345.2181765166433,1343.3320645333458,1313.5494808701458,1406.5862969056282
pipeline-0166-run-001,2090.8112976074217,1.2095836886761722,2079.8233797613857,2103.6722302207254,2088.769035278911,2090.1254870085063,2094.10460961197,2102.5058058774944,2093.8640161527987,2110.8733983402567,2055.1169462120374
pipeline-0167-run-001,961.0677795410156,-2.653702372441093,966.4655157437078,949.815750438226,979.2757460455995,970.6552080693447,973.6372315033103,982.9090978192504,965.4577475253242,972.9183165881731,1023.1367988751805
pipeline-0168-run-001,1372.3665649414063,0.1718872248431877,1356.0735073760522,1363.8565811792794,1359.3162920948464,1361.4143645198083,1349.913404012605,1352.3441770065085,1348.3043212009904,1361.6885981273306,1256.980043714506
pipeline-0169-run-001,1549.1643646240234,-1.7190566249709092,1574.774842429959,1581.7145591111973,1545.6535898660984,1566.337167161745,1552.7411848298123,1565.2616152198182,1561.9785673773858,1550.9319206796656,1443.1188006798213
pipeline-0170-run-001,2144.8513366699217,0.5808486434736521,2155.375196018023,2150.1286603732037,2150.2313416021234,2153.3800330187987,2153.528293877114,2154.3965186075106,2151.9655833725456,2132.8046899255223,2146.4807311198215
pipeline-0171-run-001,1909.2758666992188,-1.2808119589934177,1922.8454257708956,1915.7819376578202,1925.9458043102525,1914.4897158323483,1931.0137750591614,1920.3645727541389,1917.7090194144257,1908.869890955495,1906.973223682601
pipeline-0172-run-001,1963.597505932012,0.3106896567552941,1968.6818008201624,1962.3938478815471,1976.2696948033984,1970.443945764135,1967.544359309503,1968.6173992595043,1970.4464521117734,1970.8024268268443,1976.775243366761
pipeline-0173-run-001,2045.770538330078,-0.785507963470452,2057.1314870032897,2067.2429320579536,2052.712498980655,2065.1958152866537,2064.3572142753565,2060.2453359864935,2048.850372238277,2047.802573531778,2018.5674978501204
pipeline-0174-run-001,1175.3966690063478,-0.3258712250769333,1169.5631247428014,1178.2164566088663,1171.800437377484,1167.4185064327548,1178.853856219613,1184.5833976541624,1166.2751180065704,1175.71894841488,1178.3520558759199
pipeline-0175-run-001,1774.2530059814453,2.7707616260051933,1761.8584981771928,1770.0883190087568,1769.2457588603593,1757.63724428389,1762.8100122216617,1751.6476566909214,1761.7007239997154,1743.9603418567033,1805.236940913802
pipeline-0176-run-001,875.6713439941406,-0.4606946729316437,895.9438331471437,874.8787852063401,886.5244017104175,887.0191591922817,895.5323965506187,888.6856325945527,893.7120135073798,871.8297490019268,956.2748887441943
pipeline-0177-run-001,1423.643640136719,-0.6988173712808794,1415.1139204108276,1426.7093958656267,1431.5050109787742,1412.0248652326939,1417.1151458935753,1423.960990190046,1423.3640233442984,1411.590993996432,1426.2710059166154
pipeline-0178-run-001,1482.1293731689452,-0.40750286846799,1487.8628614047175,1485.414016345896,1479.8435189878958,1478.3721601339792,1488.0508928986935,1488.9930178200477,1483.3639176847344,1484.2976029462625,1463.9718149319049
pipeline-0179-run-001,1490.6205479645532,2.27321091294303,1487.188745491724,1496.3498990224414,1464.000220364931,1494.9021059192326,1515.2272835483407,1483.1679185570345,1510.0903835653005,1508.480057073104,1518.5775182311424
pipeline-0180-run-001,2042.6361022949216,4.519738045620076,1968.1453205108476,1946.9572883624332,1962.8249158634674,1956.182761391078,1955.8256322101936,1964.5904502773035,1958.369824547962,1976.8700664115786,2022.847057708299
pipeline-0181-run-001,1298.646187269983,2.6162641220799325,1282.0625626138747,1295.506223091165,1285.6860709141672,1278.2090841849742,1282.1371459598868,1283.273301798354,1280.685380573979,1278.511064535069,1271.8788250465634
pipeline-0182-run-001,1296.9454483032227,2.6403291791791204,1258.9574191446127,1310.31973423872,1254.0499245385715,1274.4992165045408,1272.7144521243347,1293.8195272736066,1277.469590411999,1285.9765192664602,1218.29879147476
pipeline-0183-run-001,1544.4384765625,-0.1244988364708853,1541.902705995343,1543.4475850916053,1543.0248692531595,1550.7138866250878,1553.5912302530332,1556.8852510445315,1545.0577543344268,1549.465950350437,1581.695836217112
pipeline-0184-run-001,1363.4771667480468,3.2902584312780228,1345.2308896849856,1354.4566654965254,1347.5007702873775,1347.9256325808385,1346.7400167203969,1376.1166965077384,1357.8230143569542,1347.3941749145647,1303.0354830160375
pipeline-0185-run-001,2343.1592346191405,0.183903949639141,2342.9053551094917,2341.7459770479,2334.074474800857,2333.2833820658884,2344.315684917954,2346.7961042619813,2336.0408244445193,2337.1752793266464,2411.8065961301377
pipeline-0186-run-001,2584.224578857422,4.385894182163143,2528.4181937575718,2530.387974011154,2531.443123400569,2514.435995132607,2508.96071241616,2519.4408793000266,2501.672633568595,2492.0168504588405,2510.9870734609963
pipeline-0187-run-001,1847.087084960937,2.305656598989544,1828.8212713926048,1812.0555862477531,1838.0326226205514,1832.2707788326813,1834.7294436620575,1831.0891006667641,1847.192820173119,1822.0977004758352,1810.5982015493557
pipeline-0188-run-001,1508.7336120605469,-2.147933254917202,1508.238276391354,1507.8527268700097,1512.9541781758119,1499.5117321765292,1506.5953147495927,1504.9143302145403,1518.248111434227,1496.2209394755919,1509.014706558025
pipeline-0189-run-001,2400.5534423828126,-1.7570093489757328,2356.02240422367,2359.728445313523,2341.1156043698834,2351.9914601773366,2360.966476204289,2367.5387195045882,2352.614358703595,2382.576383794778,2376.8249199997304
pipeline-0190-run-001,1014.990510559082,-0.5899742897696671,1018.6057324111611,1014.5534526193843,1008.8691160493645,1009.4452337363932,1020.2441415150344,1017.6664173970754,1007.6733417656243,1008.4245879085242,1091.913196963111
pipeline-0191-run-001,2083.108709716797,0.9665213826540684,2080.3489957951024,2089.423768701814,2085.0107607110494,2086.250224566517,2090.657811964544,2093.548061743707,2084.7605301133567,2070.1638347587887,2003.988083408595
pipeline-0192-run-001,1805.7455444335933,-2.510708577486458,1808.0095254940188,1783.7506547880141,1805.8737306734547,1798.980041338995,1789.1551738401358,1790.0095730786545,1804.7338636147554,1797.449603032663,1848.7595668617148
pipeline-0193-run-001,1382.7683105468752,1.5393681080676416,1389.0521206920778,1409.7421097996,1398.9175117776238,1394.043333388741,1394.6533590017905,1397.3676125829916,1404.3359797150815,1395.5371957861844,1257.7742860852013
pipeline-0194-run-001,1205.9787826538086,1.2121737476501238,1212.4179148069072,1221.6227038101144,1200.2980316836047,1195.3958015232038,1184.7354241287458,1204.3739695560241,1197.3733269999323,1181.5116211647692,1209.5881111664776
pipeline-0195-run-001,2329.72216796875,2.3182127422468155,2334.754821607846,2340.950910276904,2339.975610663699,2339.8197310560668,2327.1061305350718,2340.2344695504958,2328.3010200052195,2304.8693492654797,2260.266016161507
pipeline-0196-run-001,1630.60048828125,-0.2953340560036157,1630.5407617514254,1636.846259069982,1617.4369401501729,1620.5291778196388,1630.271390344962,1626.1378688602538,1625.8906115056452,1642.5656515311873,1637.0917269110207
pipeline-0197-run-001,1378.396923828125,0.1368630229939333,1356.9716926364192,1366.710376544527,1345.6254552987293,1362.172487158339,1357.5923334576628,1352.9359604895562,1353.6679442877241,1363.9284199310816,1211.6055243588632
pipeline-0198-run-001,1298.6196533203124,3.153190419794865,1279.670003974578,1285.0230793461367,1266.43107843651,1261.6458211388046,1278.517987607651,1267.979536179635,1260.0622882176663,1273.8851596023396,1305.3018008656372
pipeline-0199-run-001,1364.0867767333984,0.1578210474943993,1366.1493992477863,1369.8234127767707,1358.848317230717,1361.4644625477094,1359.7929329667518,1373.0999660752902,1362.0820097302994,1352.1420483167858,1386.4717757794872
pipeline-0200-run-001,2032.6932495117187,-0.9207598786673644,2036.8057145301761,2024.2824012147023,2033.5011469351618,2033.4555302511383,2055.717774482475,2042.6700495741234,2033.2605130347627,2017.2087299886732,2088.80584680368
pipeline-0201-run-001,845.8184631347657,0.5443814759787895,874.1431693079198,846.0681061632749,867.4054082565708,868.6976693353104,867.7307811066548,881.7599322247393,865.4754229025895,849.0871901503912,915.4576981278952
pipeline-0202-run-001,1406.9986724853516,0.4507800239739309,1396.1417691550232,1405.1346244473586,1396.6585595970964,1398.520179680454,1409.5355331644694,1405.752346276784,1404.2395874042104,1404.542837453432,1414.6492870845534
pipeline-0203-run-001,1123.4246704101563,-0.3928504592670888,1135.1520931592977,1137.4398931610542,1125.3807861547,1149.3896381191787,1129.7864364379773,1136.1793925416796,1130.9873459855685,1146.8446321888775,1232.191800480945
pipeline-0204-run-001,1900.250302653668,-2.827474782146009,1889.6664949557417,1893.7802907867801,1876.145505039145,1887.730698726083,1877.6256408979868,1880.6041269364143,1879.430919049604,1888.1698267010568,1859.4800262759588
pipeline-0205-run-001,2062.128048706055,3.0446290721082456,2113.071209252343,2095.4304861772475,2112.3120786042773,2080.106852014665,2089.7391303668333,2107.671005436003,2096.99618235835,2113.850122009308,2189.916076529477
pipeline-0206-run-001,962.7394775390624,2.30006650636698,970.4431815360819,959.9583855332984,976.0066894685842,963.4393503351907,962.0806633968529,978.468781590747,967.6166316781681,968.753915468671,959.269835327666
pipeline-0207-run-001,1325.8602600097656,-0.8078355049687658,1284.1647581684117,1306.9788862995003,1309.417778070791,1309.0608445936941,1307.1375429168731,1305.4037111997643,1294.7318858952651,1315.4562729404913,1357.6001765779477
pipeline-0208-run-001,1640.7293609619142,1.491742155586944,1644.9169226908464,1661.1822557981523,1652.1746286967154,1645.7022426168844,1646.6703657014739,1658.096393542384,1651.9363080450287,1646.6159997753423,1601.2763247047635
pipeline-0209-run-001,1983.004309082032,-1.3944491215148052,1970.5203257379392,1970.597522317027,1963.4600379092863,1967.9650333490251,1953.5916820674167,1959.095709494624,1976.728492850888,1981.1132068591423,1945.7531466082528
pipeline-0210-run-001,1189.0498138427731,-1.4508468764186844,1176.9477871581048,1169.5349439739407,1172.1328883506321,1180.8099683919402,1190.9833465454929,1184.1642449525327,1177.783110805119,1186.4047066732226,1240.7135230372833
pipeline-0211-run-001,2267.1717773437504,-1.2478880878592464,2260.0557183362284,2267.454854816514,2243.7703883777126,2250.594435056391,2236.059052617671,2249.2165470829373,2259.359489265958,2265.1933908245587,2170.552673805023
pipeline-0212-run-001,2290.394244384765,2.750996675395228,2180.3332325887277,2165.866622813541,2168.937560397358,2184.3687398732022,2174.72390017187,2169.315009927813,2180.538149455172,2166.584217564025,2238.1752842517067
pipeline-0213-run-001,1996.8253784179688,-0.8360043887103527,1999.6379203341064,2011.4502813203283,2014.4693354420297,2018.6799119837822,2002.047052854644,2023.7942568124297,2007.7741094771582,2021.8968440990993,2074.3738943490193
pipeline-0214-run-001,1428.7352052798942,-1.4785045420117604,1437.2258753310805,1438.65784106519,1419.6289904964754,1421.812300384682,1425.220820831758,1425.4565823887685,1428.2984468299449,1450.9465926527253,1417.4968673926207
pipeline-0215-run-001,1424.8345947265625,-0.1607910546915371,1426.523395140228,1416.8358194976154,1436.057533844251,1433.5797217883467,1432.9733885661499,1428.0043897141798,1433.9269941851333,1436.6613562021182,1430.2000648845762
pipeline-0216-run-001,1499.381231689453,-0.4029564492592179,1538.8663590945496,1529.9549471147077,1548.9164015971862,1544.002831785045,1521.4035323444077,1532.2349790084663,1528.1513498796342,1500.5800135843103,1452.812768565834
pipeline-0217-run-001,1212.1434188842773,1.5932516220255597,1203.896441344032,1207.6295250683356,1203.046180136834,1203.2692859697177,1212.9370676863784,1210.0672159506692,1213.1697806081786,1199.9049011154468,1213.4404413553239
pipeline-0218-run-001,1929.4153228759765,-1.7818955109885235,1936.2856415292608,1932.0984465545632,1928.7247803690705,1916.9753598284035,1927.7839727669361,1936.1491638629195,1934.1594764653212,1920.9642976611779,1919.2475194066035
pipeline-0219-run-001,1766.3918640136717,-5.227362105230292,1795.509132921303,1790.061647674067,1776.7561133762028,1781.954123631717,1798.7053358559212,1781.53188843152,1792.5780451520413,1783.6414034803338,1773.000313526034
pipeline-0220-run-001,1599.3410430908202,-3.916536284905545,1637.7068814440142,1619.091744739825,1648.2201761613587,1634.2080633706175,1643.2104429163967,1632.5007742929163,1637.9458032133505,1632.6558782304667,1459.8868145476624
pipeline-0221-run-001,1407.8794021606443,5.524552644008989,1333.339913429835,1327.7551395861426,1321.0442252480027,1328.0106060744072,1316.4864649889394,1321.691379349939,1307.6472824640898,1317.3084100866183,1310.0848438191572
pipeline-0222-run-001,1537.7974853515627,0.3054331982511246,1530.8676128059287,1545.9814592465598,1529.1046077903782,1533.6626253788936,1531.1162373747172,1540.9027226005198,1530.0665023552383,1519.9392513402781,1453.0952558076663
pipeline-0223-run-001,1875.4426025390624,-5.4010935604855455,1882.9428553907549,1845.8659279717565,1868.6248264978715,1881.2602331241997,1855.9325206079336,1876.2691173069463,1852.0241339886913,1870.099879105456,1911.158102241622
pipeline-0224-run-001,1658.8165313720704,2.854839820996028,1649.4317797215556,1677.7376582426907,1664.7121095217701,1654.1627785381281,1666.527314511587,1676.3646139605287,1670.9911488757373,1678.4459364094234,1673.8174437058344
pipeline-0225-run-001,1296.7434020996093,0.4741455691376077,1277.5778129798987,1289.4972514699027,1288.3114875070419,1286.6546361204953,1289.5812739745422,1289.2966049543272,1292.532780310081,1299.285445952297,1342.5253074680754
pipeline-0226-run-001,1973.5115966796875,-4.075895624295656,1979.2469239783775,1997.3775422571834,1996.008382660577,2012.3585676706837,1999.6957176118005,1997.9949296590482,1999.2696810657635,1987.4053781418606,1986.4205365855871
pipeline-0227-run-001,2131.78203125,0.5588147455691126,2154.2216464160774,2147.009645951779,2143.6516730971634,2154.319524364652,2156.3348292820683,2154.826005224738,2152.3989355557233,2140.0159023904835,2156.8570885179565
pipeline-0228-run-001,2437.298260498047,-5.044546318123994,2382.3297031921998,2377.6527899044504,2363.795841404081,2394.9357992570144,2369.257374501982,2381.8968138080068,2377.754031093725,2348.0444669493886,2355.1019916401924
pipeline-0229-run-001,1831.864535522461,1.3548097298366288,1825.6757603079777,1814.3645086329823,1820.2469443047614,1811.1627341762803,1822.195197090652,1831.0153897965092,1823.3231936294117,1822.12377369416,1814.988542430622
pipeline-0230-run-001,2442.641778564453,4.260461976773625,2407.5872404606876,2437.4505678103187,2412.7140793302856,2445.8583699681385,2422.1508862560477,2449.638818086018,2434.848736679601,2429.649408565656,2434.759506816958
pipeline-0231-run-001,1441.26494140625,-2.381717684493422,1430.748239322071,1439.9389007099728,1434.2724793578236,1429.8514777337177,1427.6177528463222,1434.6115959920444,1432.2573888498628,1421.8701995434922,1383.761850793929
pipeline-0232-run-001,1561.734381053073,-1.8886412640299133,1567.8166233544914,1557.579846476484,1565.787925049568,1557.952602842762,1551.7728386381316,1553.1539757898333,1552.3165491858147,1567.6525993250525,1568.621829771029
pipeline-0233-run-001,1775.1173278808594,2.188538618116004,1778.6595857625732,1767.1281864821792,1780.2017429546784,1775.2195308589326,1775.4087074384934,1779.539249174288,1778.5719589731873,1784.9418884380163,1748.239223294385
pipeline-0234-run-001,1992.4070861816408,-0.067339821373508,2000.034570740887,2002.7976356674453,1996.8222670830191,1996.5038969256286,1998.509623110154,1998.922065153137,1993.033192595604,2002.7924720068784,1994.8555804691748
pipeline-0235-run-001,1707.655316162109,1.1735788694949347,1715.3923418299994,1691.015968494132,1677.4879835353695,1685.1271982730843,1698.2032263956705,1680.418272543924,1692.8151272566938,1684.2241720993406,1760.4536937925861
pipeline-0236-run-001,1913.1988891601563,0.0879716138063672,1921.3494470181752,1933.1350442559742,1934.1981460476627,1933.1740145033855,1925.940959072154,1925.5539420514208,1928.2947831849262,1936.931595042822,1925.4388610491235
pipeline-0237-run-001,2978.0632446289064,5.585855038331475,2763.317303706068,2774.0024200535686,2772.5596524151747,2752.717790310177,2768.9704353563625,2784.629753232685,2777.131491608045,2760.7190522051787,2655.887786670556
pipeline-0238-run-001,2567.469116210937,0.0524921011383934,2527.5942167923654,2525.2445214948916,2524.517275342549,2528.3348551281856,2533.813202219763,2528.7468028718336,2531.5094950123444,2537.6836518513087,2538.4957333759316
pipeline-0239-run-001,2274.631103515625,-2.1504069801315486,2253.8853113759446,2247.866466598382,2241.6794573369366,2241.5809214422457,2242.07864231715,2245.469469076446,2233.264719211596,2253.9484141676794,2238.129246225623
pipeline-0240-run-001,1844.9629150390624,2.6503819931065538,1828.168861523128,1831.9923266021221,1840.538260090314,1809.2170521712694,1827.2571357920335,1814.97852286576,1833.5182436256553,1819.8538617517058,1723.3176544655687
pipeline-0241-run-001,1039.1942626953123,-0.1007935175349046,1062.4430228092187,1056.7256313024347,1055.2282659057378,1057.7756373233826,1065.8408825618574,1060.654137855098,1048.4239386744982,1046.660777404756,1074.5872976211242
pipeline-0242-run-001,1661.063491821289,-0.0044461858736602,1644.061222217987,1661.5408155353296,1651.6287781160718,1662.5721524575708,1670.3655778437526,1667.1220008269236,1661.7068594564735,1667.3503450294772,1710.2439807010026
pipeline-0243-run-001,1451.0100158691407,0.815065979420355,1436.113541985699,1439.6300726664074,1435.9882364783964,1435.4823595333726,1453.2743064562953,1444.7671375975194,1437.2637254357894,1458.2420920983814,1397.988070204349
pipeline-0244-run-001,1146.7053619384765,-1.523625847779552,1177.6396784757433,1151.339269720858,1149.6105354611852,1147.1967345405703,1152.550233730426,1151.1467428789867,1151.3913715039087,1155.0068558360333,1332.3737949636147
pipeline-0245-run-001,1207.4569244384766,5.0249042359800935,1204.0997655935532,1245.0327860959499,1209.9130366291574,1184.0068651216059,1184.7386102366354,1216.0077132715066,1177.724686946032,1191.000027415494,1344.37012993234
pipeline-0246-run-001,1998.8440246582031,5.852663164169146,2009.492211753163,2032.4372191741625,2010.323305831674,2036.5594789253034,2009.868958467571,2046.0355577429166,2034.43479862443,2013.1080866407217,2014.827604170303
pipeline-0247-run-001,1132.7495361328124,1.7764608482769049,1118.405615817239,1086.3230360520183,1119.3548963721248,1141.892224802032,1136.732716921344,1136.4300688401017,1133.1540951708057,1147.281049868701,1120.9675842492425
pipeline-0248-run-001,2406.950091552734,5.253298517213016,2530.358828647291,2552.467145957888,2527.7436162584745,2525.485088026796,2522.2525527581547,2533.048475368851,2515.94283159539,2515.996844307889,2494.103493245252
pipeline-0249-run-001,2331.320364379883,0.4703659969436842,2325.899105861898,2337.3463242156126,2331.1573021184045,2345.62634488929,2342.779100419472,2343.9192412740917,2339.3086967567965,2330.7171873376606,2356.78176237711
pipeline-0250-run-001,2111.5551544189457,0.4981180841639527,2128.100332341772,2126.126934085008,2110.6427169668164,2119.3713908092736,2130.3005029798683,2123.2591732471374,2113.065575479518,2118.730602033731,2139.567558515077
train-h-0001-run-001,1638.9377319335938,4.194055594483937,1619.825774016784,1606.879124948485,1610.76198854967,1614.9397016216299,1620.1613077649447,1619.4504502475022,1615.487511443359,1602.7347423050435,1723.4951143890755
train-h-0002-run-001,1139.8164337158205,5.611278951893146,1119.7712631270126,1164.400929571383,1102.4883592262534,1098.8329328497693,1088.1777348630137,1108.7700008990805,1093.27406076148,1079.465175486914,1127.0818009639288
train-h-0003-run-001,1943.7562255859373,6.019784128445552,1941.526310995326,1970.8215800608234,1952.4877481139883,1982.4303731688042,1988.8518002183785,2000.4974878595212,2038.6196209370203,2001.0905990640551,1993.0486033575323
train-h-0004-run-001,1913.4447021484373,5.225787744668579,1895.8112740495292,1879.311538193656,1872.2220307300665,1892.337613309702,1889.1403573518346,1882.050095357249,1869.0738820437673,1854.890754856329,1882.1919910929607
train-h-0005-run-001,1653.0457641601563,4.571210936441985,1661.8399971041697,1663.1546015121055,1685.8494902459051,1698.9563295651024,1673.1866484529903,1677.8005195619007,1671.01256394818,1642.4939422127907,1649.318241846816
train-h-0006-run-001,1183.967602539063,5.2894252596462525,1225.759377691553,1215.46185951584,1211.1464852986853,1203.147865286735,1208.4973838882736,1214.901550147568,1213.1024010616622,1189.0764204439904,1514.0819537892803
train-h-0007-run-001,2378.470880126953,4.817493733807599,2305.056834904032,2331.8344094147665,2289.2214811971753,2315.698562761503,2329.5044048909867,2353.187410501788,2331.6560461466856,2318.692470298883,2293.025783669817
train-h-0008-run-001,2064.1611450195314,4.100185195384973,2177.1088515988154,2187.28841162537,2208.040556406191,2199.2525427985424,2190.603266440447,2183.1822698903493,2212.452388854346,2232.605441872672,2291.1649575170304
train-h-0009-run-001,2311.5503845214844,4.222311393791765,2250.851151020796,2226.054358833602,2227.6905087275168,2224.7829652913906,2237.0768905664195,2234.975852586181,2230.695958303437,2238.7707607473417,2255.764887327335
train-h-0010-run-001,2373.0220458984377,5.486705358261587,2341.5875033080397,2329.0802743226986,2319.699349799668,2353.216856820434,2344.036034222341,2330.416762483665,2306.787640494354,2312.6410122348675,2333.0775269078545
train-h-0011-run-001,2354.222769165039,5.331881427276077,2336.026827389533,2307.0144701903737,2343.5723326261905,2313.469245670683,2342.655854523114,2354.495760874458,2340.9793930661526,2357.9187462156383,2148.7122251281357
train-h-0012-run-001,1789.287628173828,3.5892394076329994,1812.9237775856798,1808.3579302130067,1813.482380756449,1809.749464363277,1816.5186740441088,1818.5538505083357,1803.0671091606946,1808.2282019938582,1792.9998932465758
train-h-0013-run-001,1289.7180053710938,4.049420009997594,1301.9979841750528,1321.3432480538233,1297.2319184278538,1293.5128155264626,1296.6653894464184,1310.1952445216518,1305.62075204691,1301.7055721227387,1460.538615366803
train-h-0014-run-001,1807.6473388671875,5.688785392305943,1806.9256317286697,1793.678224751725,1807.056477730944,1763.2845381296074,1777.6971809732113,1797.6986940126578,1770.1399075790457,1788.7242829042777,1922.452013659927
train-h-0015-run-001,996.7227600097656,4.231483874120441,990.7877431990282,1027.9032917860102,984.8042847830415,973.4097595643283,975.1845148111305,983.265260813618,963.8286975323757,971.8415693999126,998.213735232118
train-h-0016-run-001,1172.411022949219,4.97267334820358,1154.9857703154073,1175.1952991196952,1109.1273293683892,1117.1105018748176,1136.9465244900694,1135.5099787553133,1138.5194088174806,1113.3325578836382,1149.4807461690975
train-h-0017-run-001,1432.9198379516602,4.666376311892439,1445.091902024261,1486.1678669275734,1443.926997502461,1431.2802153242264,1406.787548791404,1433.1403395046993,1423.4213365503385,1409.7436812382275,1358.0074606973067
train-h-0018-run-001,2325.90641784668,5.639848512083116,2392.1803658409663,2387.9548993790972,2417.626638781976,2422.1904292258773,2423.3617551850953,2410.6265328879817,2421.124696440387,2420.6598904703815,2386.806443850568
train-h-0019-run-001,1093.7171020507812,4.321786330462615,1091.8167006740373,1137.8671253289713,1089.3256909262552,1078.210110296479,1076.4361976494374,1102.8731908252978,1077.1137036974972,1093.7201840373361,1342.4761584051714
train-h-0020-run-001,2212.822494506836,4.4286918350251705,2314.959121844718,2301.19195443438,2320.0370832059743,2323.741372737294,2322.2514917171065,2335.0040190478558,2310.51473997485,2303.155966724543,2328.999992334389
train-h-0021-run-001,2587.050308227539,4.86174958946509,2603.9612410852105,2629.732993932105,2609.1192285659467,2631.725825725667,2651.2471174207176,2634.0846758137336,2612.2556290576886,2611.921816240199,2628.0030289334372
train-h-0022-run-001,2241.814761352539,4.986782055821365,2100.8778741546016,2089.3292239513444,2101.41185176022,2086.8680243005388,2096.7495138142754,2098.8244940207937,2073.918784914719,2073.589614065741,2089.2001646146996
train-h-0023-run-001,2351.6261352539063,3.734412759765728,2377.171002778872,2386.947862357277,2386.936298922985,2366.0512623682007,2374.2935244965975,2395.948899147511,2384.6441996457374,2375.2857948705728,2398.113375814193
train-h-0024-run-001,1444.6102813720704,5.457793596140165,1464.9192629021534,1503.0319533994343,1489.9161057225945,1456.3116051328677,1453.2056340231,1505.6091084011025,1471.4217412093983,1457.4896258264623,1536.2569894270953
train-h-0026-run-001,2504.883056640625,4.968860576271529,2536.959652109039,2544.8393752629368,2548.0801384849115,2521.3328626598573,2515.921314941399,2559.8419389562505,2542.200947525338,2544.318329946115,2568.2082596412206
train-h-0027-run-001,1329.6113039127067,3.930704221376366,1364.7475014166755,1365.7120491485773,1356.6617642176927,1358.7790988175327,1368.6537459129286,1354.7890840621728,1355.4000027928132,1351.9363200783362,1375.097102287468
train-h-0028-run-001,1609.284732055664,4.136661448220183,1640.6089921225364,1621.6590074993856,1631.4430922634808,1647.8878494117344,1631.2314757965275,1637.4288278517954,1641.2978475788784,1628.3112493956341,1598.8679023238922
train-h-0029-run-001,3027.1533966064453,4.887036361103937,3130.512499487235,3171.6238244450956,3130.102284565879,3145.3423997807536,3106.552878573338,3115.892124977718,3122.9835171245218,3163.077163495512,2908.20002828154
train-h-0030-run-001,2232.156692504883,4.915599912606314,2306.8503757906806,2285.406831719709,2303.354624131408,2286.7304177669125,2292.1975655503206,2285.5089135964913,2298.669921241735,2288.0456275763645,2289.5475255877586
train-h-0031-run-001,2947.871597290039,5.054611063834651,2938.186640476619,2947.0822656643086,2941.583472439988,2953.768907483059,2929.9873067234207,2942.655790277282,2955.4434540816815,2975.3310933978714,2826.71166479581
train-h-0032-run-001,1660.856607055664,4.669107611915793,1670.788022582421,1660.9715049934114,1655.6788628874635,1674.471602085224,1648.4528832009173,1633.5823304360754,1640.5598846918717,1663.8249179473094,1714.0615999282907
train-h-0033-run-001,3001.2545166015625,5.7249037987744025,2895.6651702998156,2880.8989893276616,2900.961554367736,2918.896404956122,2904.802998458366,2905.867714947111,2890.990488219921,2882.3568579554485,2913.0991261480526
train-h-0034-run-001,2563.7697479248045,4.343826153373083,2608.7969947046945,2588.6379995903503,2622.9249346783313,2592.369233384979,2615.710181227188,2637.763271987363,2628.280354480718,2654.025549155141,2536.235677365029
train-h-0035-run-001,3181.5945587158203,5.622548974119736,3154.340094071997,3174.2614504701705,3128.183705855389,3154.41895157448,3109.7640166056776,3118.8714709974724,3101.9375134926654,3103.9329172791627,3027.4554548889296
train-h-0036-run-001,1823.1132232666016,5.168163300419239,1774.1274642092112,1787.7732268707168,1773.9627819759505,1767.4565949220887,1762.0905457022018,1795.1459692187384,1784.7733285462846,1757.7689911088019,1761.1544241976492
train-h-0037-run-001,2688.596008300781,4.157932071802551,2738.183613135263,2779.014937796061,2736.886492613957,2720.077933525073,2721.113799389228,2755.4731648941965,2733.9785502119944,2714.7185651319073,2839.284283592848
train-h-0038-run-001,1255.5875701904297,4.169923609205309,1250.9702408373228,1272.605939371392,1267.2593726695552,1264.0290027170872,1258.3688176081466,1238.7129991007857,1265.7563081039937,1262.4038803490382,1361.50732616278
train-h-0039-run-001,1977.456591796875,4.329640049033042,2068.212042168972,2049.1469393245648,2100.472869487591,2085.6527125106236,2098.2361573065464,2098.720343666069,2094.5072967381516,2096.331399665116,2074.3007707611127
train-h-0040-run-001,2576.376281738281,5.120011002827016,2537.7181380918923,2529.269042518586,2532.1666325084416,2530.5410267064376,2541.6917144241575,2539.871555363088,2532.552889543997,2528.7547122870615,2528.358628610717
