variant,architecture,parameters,mean_train_mae_mah,mean_validation_mae_mah,min_validation_mae_mah,max_validation_mae_mah,mean_high_headwind_mae_mah,mean_max_underprediction_mah,seed_range_mah,train_validation_gap_mah
f0_fixed_time,1024,18433.0,6.986522973413897,46.21992340481598,45.501126300512404,46.84200019447863,107.34701483726047,532.2926434263923,1.3408738939662257,39.23340043140208
f0_fixed_time,128-64-32-16,13057.0,7.625494086857053,51.66971254072768,46.60814712029246,57.32702436950916,109.12642299952631,598.2986801269966,10.718877249216703,44.04421845387063
f0_fixed_time,128-64-32,12545.0,8.806578435860688,48.180524792249706,44.13629939490477,51.398071183950016,104.95262154193169,576.711838045424,7.261771789045248,39.37394635638902
f0_fixed_time,128-64,10497.0,6.735145349682362,51.79673929681121,50.70035969908216,52.63951352450348,111.54522478741016,613.7008981150972,1.9391538254213145,45.06159394712885
f0_fixed_time,128,2305.0,4.983067643088842,65.72470660119019,61.21954341577473,69.01343385054957,130.81639615564455,679.6850136875814,7.793890434774845,60.74163895810135
f0_fixed_time,16-16-16-16-16-16-16-16-16-16,2737.0,13.764764854388275,115.13255280776451,97.8447662652245,141.28915141080608,182.02004240073924,788.403629819662,43.44438514558159,101.36778795337624
f0_fixed_time,16-16-16-16-16,1377.0,10.328597157598479,80.12564387442056,69.02657430328834,91.35770694257675,153.9808239543971,816.741569512205,22.331132639288413,69.79704671682208
f0_fixed_time,16,289.0,21.144804199408586,74.63275853245446,65.01439453229584,84.51424502387164,132.46891267236956,634.7399221630313,19.4998504915758,53.48795433304588
f0_fixed_time,256,4609.0,6.573145640793801,53.746536004944495,52.68448455310714,54.35536270956691,119.6645754851478,594.4850296245254,1.6708781564597714,47.17339036415069
f0_fixed_time,32-16,1089.0,8.016866005515466,79.00267427518123,71.23277379477678,89.58816630613575,156.80940118841673,730.3975914250319,18.35539251135897,70.98580826966577
f0_fixed_time,32,577.0,11.692841138823061,71.60306249668002,58.96074737628284,79.93687909451772,133.4721987916808,684.5972805758662,20.976131718234882,59.91022135785696
f0_fixed_time,512,9217.0,7.351456119208571,49.185900299127695,45.33329994773867,51.40992708315006,111.72873077474132,550.8886349415906,6.076627135411385,41.834444179919124
f0_fixed_time,64-32-16,3713.0,5.701115314193127,59.928494632398696,45.3677711446651,70.32676887462013,132.43298269001718,664.43648431455,24.95899772995503,54.22737931820557
f0_fixed_time,64-32,3201.0,5.689018731626153,58.786273153588304,57.890775992944036,59.865764582498755,126.35847762634016,652.5066724059055,1.9749885895547195,53.09725442196215
f0_fixed_time,64,1153.0,11.52399546171555,74.8664309020452,62.47423567921833,87.80461924923412,138.7214057138443,575.3685261131126,25.33038357001579,63.342435440329645
f0_learned_time,1024,18433.0,8.03275795781249,41.94014358579176,41.557889952951044,42.66464787375077,91.4364707720428,480.8342006828473,1.1067579207997298,33.90738562797927
f0_learned_time,128-64-32-16,13057.0,6.442682988040301,44.6363477573855,43.25949271071079,45.70614723357882,92.08263917626135,549.9029921983253,2.4466545228680303,38.1936647693452
f0_learned_time,128-64-32,12545.0,9.027742036850576,42.526011326649126,40.93125151470741,44.43743613116952,90.15182268858,562.9496957422649,3.5061846164621073,33.49826928979855
f0_learned_time,128-64,10497.0,7.440859702096078,45.2507740646567,42.78796144961219,46.718130686672964,93.06495021529888,562.5981587193259,3.930169237060774,37.809914362560626
f0_learned_time,128,2305.0,5.106392994283521,53.706105706613904,50.15205727767639,56.93303251570898,103.66873532146138,560.7993867878707,6.780975238032589,48.59971271233039
f0_learned_time,16-16-16-16-16-16-16-16-16-16,2737.0,10.40405629913574,81.18170427603769,58.60274140037636,122.94113318885674,139.59323246127278,760.2444901535124,64.33839178848038,70.77764797690195
f0_learned_time,16-16-16-16-16,1377.0,7.714603324401158,66.58667714347393,61.4698900093603,71.7329907881052,121.51051973841926,683.2086975050853,10.2631007787449,58.872073819072774
f0_learned_time,16,289.0,15.747495870624222,58.39130427765158,48.44294592628363,66.25995985290254,100.2190813082919,564.4247342939512,17.817013926618912,42.64380840702736
f0_learned_time,256,4609.0,8.020736792058932,44.270402961217336,43.752281343489145,44.701102025878875,94.27875827655532,524.5453912372515,0.94882068238973,36.2496661691584
f0_learned_time,32-16,1089.0,7.414503734383136,67.19569294547655,60.57616397518201,77.34587376005055,122.73398827283741,656.6787685236808,16.76970978486854,59.78118921109341
f0_learned_time,32,577.0,9.256749770613688,52.793991316586414,46.42678505798263,58.36825618055362,93.4225960635976,495.83915810134266,11.941471122570995,43.537241545972726
f0_learned_time,512,9217.0,8.808420222022066,43.16136012355466,40.61046877967927,46.00329868147206,92.28028301820679,505.93887652089734,5.392829901792787,34.352939901532594
f0_learned_time,64-32-16,3713.0,6.179498174227355,52.18959501802484,47.812821763319846,58.69683741365247,108.03200475489162,611.4991130956797,10.884015650332621,46.010096843797484
f0_learned_time,64-32,3201.0,5.962982933068702,55.67566478702647,51.085816665819095,64.14882454101173,114.41159144348653,614.5604373367943,13.063007875192639,49.71268185395777
f0_learned_time,64,1153.0,6.496965663934819,55.702188000065284,53.68503752203869,57.64710675862337,104.6841962221112,548.6540607082674,3.962069236584682,49.20522233613047
f0_original,1024,17409.0,8.14290055872546,52.63393280522843,50.56387357006138,54.257695326065445,117.53994595867648,575.447668711623,3.6938217560040627,44.491032246502975
f0_original,128-64-32-16,12929.0,9.253635057061855,60.74007117571801,57.12760142198496,64.95722015455115,128.32727648142972,656.2250856659988,7.829618732566189,51.48643611865615
f0_original,128-64-32,12417.0,6.6230071085472275,56.38784874731349,52.87251390070769,58.57928878359759,116.6953661924796,626.5425751903535,5.706774882889903,49.76484163876626
f0_original,128-64,10369.0,6.604217565724917,56.733266107944736,52.002841895828105,60.362297696005285,124.25524020598412,638.1788659818145,8.35945580017718,50.12904854221982
f0_original,128,2177.0,5.423513935166213,63.2106585190225,59.13409113051346,68.2771955357758,133.75356006210265,618.1513060138399,9.143104405262342,57.78714458385629
f0_original,16-16-16-16-16-16-16-16-16-16,2721.0,68.06277868547971,211.66560522788174,139.74430268564726,315.0834015234865,297.8814051579324,900.9273289021279,175.33909883783923,143.60282654240203
f0_original,16-16-16-16-16,1361.0,15.454339738092676,112.35004294456712,78.62330674111716,130.2792716913992,177.3724212292462,813.4712957865037,51.65596495028204,96.89570320647445
f0_original,16,273.0,20.73975809527659,76.79240379020102,72.20115938632414,85.18861355295708,155.3906725092825,638.1117015243113,12.987454166632943,56.052645694924436
f0_original,256,4353.0,5.888936631800193,58.618055497088505,54.49530324308566,62.50512951733261,126.74809744264432,592.1051087266661,8.009826274246954,52.729118865288314
f0_original,32-16,1057.0,7.600133633657646,87.37697033367135,80.40959724577748,95.23184709673228,163.82174058771173,670.1295282406714,14.822249850954805,79.7768367000137
f0_original,32,545.0,13.49483276592201,82.00400030099466,65.61967245947937,98.25445879687135,147.42050984129915,636.2492649462864,32.63478633739197,68.50916753507265
f0_original,512,8705.0,7.611701088147739,53.728279938771074,52.9294792940213,55.2640673355784,122.49461295818689,575.6784560296447,2.3345880415571045,46.116578850623334
f0_original,64-32-16,3649.0,6.350509917237434,61.57026748598975,58.506445284713394,64.19575232821333,132.56880916648296,671.073270964067,5.689307043499937,55.21975756875232
f0_original,64-32,3137.0,7.492765881986418,60.56375180604096,53.13227671565104,67.11000227284603,124.52620118308153,644.5964824396959,13.977725557194994,53.07098592405455
f0_original,64,1089.0,6.7831622377374785,71.67921813348705,61.00235899053611,80.52291388361063,139.6280007688256,601.7405244807433,19.520554893074518,64.89605589574958
f1_fixed_time,1024,39937.0,34.56513196609745,65.95730863140666,46.31641670330013,100.44895030652977,117.81199306011314,374.58212234132515,54.13253360322964,31.392176665309215
f1_fixed_time,128-64-32-16,15745.0,9.840968090654796,50.93044908912568,48.683513628583036,53.375188057742086,114.84880510788906,477.3396439158082,4.69167442915905,41.08948099847088
f1_fixed_time,128-64-32,15233.0,8.850368114318272,51.901881711982334,49.46016820369443,55.83843708709542,114.4621496190323,496.43696411395575,6.378268883400992,43.05151359766406
f1_fixed_time,128-64,13185.0,7.333318482054358,52.24106895052017,48.61089853692756,57.517760435573074,118.83246475439086,505.00855883241064,8.906861898645516,44.907750468465814
f1_fixed_time,128,4993.0,4.90337463736262,56.975914432935305,46.485362881178425,70.65633061624777,125.53092608667767,549.2431446128758,24.170967735069347,52.07253979557269
f1_fixed_time,16-16-16-16-16-16-16-16-16-16,3073.0,71.75516967781807,249.81616817458928,196.44067459057194,300.78470656417875,399.56751082190925,957.2209028166862,104.3440319736068,178.06099849677122
f1_fixed_time,16-16-16-16-16,1713.0,7.519738339412888,70.85879990210104,66.37431771564391,79.11475592637923,137.23618997623558,502.7937045626542,12.74043821073532,63.33906156268815
f1_fixed_time,16,625.0,9.72558336711211,77.68239908663021,73.35225208394374,83.92693317189082,147.66019764985182,455.2069041369538,10.574681087947084,67.9568157195181
f1_fixed_time,256,9985.0,8.727429425243256,51.24602983643016,50.65524420128365,52.41137141383109,112.26576367363633,436.3365761811386,1.7561272125474403,42.5186004111869
f1_fixed_time,32-16,1761.0,4.888647017650596,68.3327397480358,58.91719432569831,77.86870531959305,130.26494871611033,415.5851337192136,18.951510993894736,63.44409273038521
f1_fixed_time,32,1249.0,5.325048950148532,67.50899816572492,58.12399414392415,80.39489521860042,128.52988357443473,487.80878371468606,22.270901074676274,62.18394921557638
f1_fixed_time,512,19969.0,10.018044154140021,50.155211182539325,46.80148086194513,53.2362094463975,111.71261359753969,484.1648534953868,6.4347285844523725,40.137167028399304
f1_fixed_time,64-32-16,5057.0,6.847067676102089,60.142220552453686,54.98092396706092,67.74583847611903,130.29710816141298,516.7883686861392,12.764914509058116,53.295152876351594
f1_fixed_time,64-32,4545.0,6.4405186971200115,55.235530063590694,51.49090750792918,59.09359132407039,115.42504177969913,447.30302966760456,7.602683816141209,48.79501136647068
f1_fixed_time,64,2497.0,4.784359252864195,61.84642067374195,50.42426262787401,71.80482106888445,123.0057925797717,435.62421837705807,21.380558441010443,57.06206142087776
f1_learned_speed_time,1024,40961.0,15.107186710036013,53.224804857722724,41.33311095454227,72.62424810688002,98.16385430135279,356.753504626399,31.291137152337747,38.11761814768671
f1_learned_speed_time,128-64-32-16,15873.0,9.612487870150524,49.859621799570384,46.88812870242198,52.53158960317722,111.18348368573413,502.1934879577698,5.643460900755237,40.24713392941986
f1_learned_speed_time,128-64-32,15361.0,8.51341866908252,51.49533327370711,50.07726191782503,52.68428705066768,105.73638413924319,478.21839441843923,2.607025132842651,42.98191460462459
f1_learned_speed_time,128-64,13313.0,6.800782350224061,54.14087809401794,52.422289653815675,55.01106770267177,115.61555076030383,513.9567600248573,2.588778048856092,47.34009574379388
f1_learned_speed_time,128,5121.0,9.657048441618452,56.42688471550878,47.05608374021256,62.205360582157404,113.05151602744375,425.97898783703886,15.149276841944847,46.76983627389033
f1_learned_speed_time,16-16-16-16-16-16-16-16-16-16,3089.0,62.02110175972788,249.527994002106,132.50652377116413,424.26564636187334,354.5430182171663,801.7231865867565,291.75912259070924,187.50689224237811
f1_learned_speed_time,16-16-16-16-16,1729.0,7.497978373272151,65.38066763559272,49.809890703463694,86.06111207720863,121.3462768017427,561.8072902911566,36.25122137374494,57.88268926232057
f1_learned_speed_time,16,641.0,6.817906438066429,63.04102813878128,49.72630098903624,70.55978892631464,118.36861799899407,385.3330801644938,20.8334879372784,56.22312170071485
f1_learned_speed_time,256,10241.0,9.63120126197048,43.24877860590819,40.781382896871236,47.333498213056096,86.29930754091644,397.39957787233305,6.55211531618486,33.61757734393771
f1_learned_speed_time,32-16,1793.0,6.270966421603236,80.44405456604595,71.02067333521501,86.0247489318246,165.25162737442812,565.9869417599567,15.004075596609596,74.17308814444272
f1_learned_speed_time,32,1281.0,4.108981016255705,64.22950766335349,53.77456873360665,72.13498011559417,115.96719903884927,399.1381738939893,18.360411381987525,60.12052664709778
f1_learned_speed_time,512,20481.0,17.682342330829986,52.122343055546764,42.127708246442054,65.12727892719096,103.9797597736607,395.59992600392815,22.999570680748903,34.44000072471678
f1_learned_speed_time,64-32-16,5121.0,6.693172128946531,56.6588264444481,53.47566339920308,58.87818866186056,117.03416765051169,517.3315438554077,5.402525262657484,49.965654315501574
f1_learned_speed_time,64-32,4609.0,5.347214897329138,57.125371280631214,48.20319721976329,65.85292700795615,117.80808895695128,467.5172241353912,17.649729788192865,51.778156383302075
f1_learned_speed_time,64,2561.0,5.203349612750977,57.12780905643922,47.730035785085434,68.81482708153378,112.01793752285239,476.1798442593302,21.084791296448344,51.92445944368824
f1_original,1024,38913.0,9.787802066246249,56.66944864151643,48.1929786581964,61.70799546801167,121.56987013522429,449.32498797142733,13.515016809815265,46.88164657527018
f1_original,128-64-32-16,15617.0,7.314700478235989,58.85565333727612,55.1501061315341,60.72128836328918,128.73757343332025,572.917221792001,5.571182231755081,51.540952859040125
f1_original,128-64-32,15105.0,11.183498492940169,60.911832933544986,57.177905151518885,66.01899170841943,132.6233324324638,571.2954483957125,8.84108655690055,49.72833444060482
f1_original,128-64,13057.0,9.157811316545867,64.40609528309538,58.69713364944679,67.78378289632873,139.15042465627258,583.3502425326184,9.08664924688194,55.248283966549515
f1_original,128,4865.0,8.601987276351855,63.497971439870845,50.530274662953644,82.5412340189183,135.95325893852404,494.62754458687414,32.01095935596466,54.89598416351899
f1_original,16-16-16-16-16-16-16-16-16-16,3057.0,137.3213056389873,365.2249775812738,285.7608220662032,459.9859150134871,541.5081876546275,1384.4763329410682,174.22509294728388,227.90367194228648
f1_original,16-16-16-16-16,1697.0,6.208966825159678,134.20333395538762,95.10423413873907,190.95844933938127,214.97768094370724,679.4214917126377,95.8542152006422,127.99436713022794
f1_original,16,609.0,6.298663934992189,79.9669391758895,68.45990803831705,90.19068713821025,142.88316658160414,454.85617783225325,21.730779099893198,73.6682752408973
f1_original,256,9729.0,11.855066908741717,54.86837905139578,52.97554666883316,58.069891026795844,114.51338916045036,488.8574099324954,5.094344357962683,43.01331214265406
f1_original,32-16,1729.0,6.394204704392171,81.14380967297238,68.22508541520469,106.05403442166411,165.3687056635973,557.8430393913018,37.828949006459425,74.74960496858021
f1_original,32,1217.0,4.607532951818084,83.01459561100607,73.58912012988836,98.90810298923846,166.4077813393342,472.2907455248428,25.3189828593501,78.40706265918799
f1_original,512,19457.0,10.00025919304279,52.688801942725114,50.534214208085444,53.79076298358338,114.40922942925947,491.6695719228289,3.256548775497933,42.68854274968233
f1_original,64-32-16,4993.0,7.655764030910835,64.6220140729712,59.5645855148106,69.83716245286787,135.3313684450818,551.8487378016471,10.27257693805727,56.96625004206036
f1_original,64-32,4481.0,6.229473636177983,62.33002223604927,56.044565238295746,66.72075685821004,131.3378211164858,516.6213036205435,10.676191619914292,56.10054859987128
f1_original,64,2433.0,6.325814814898416,66.86821015509169,64.39454979258525,68.96968261427864,132.4353728087128,443.65083786454426,4.575132821693387,60.54239534019327
f2_corrected_fixed,1024,48129.0,13.165956449308958,46.642135173019206,42.53336495186765,54.232959867668576,96.9870099921676,423.1547795952818,11.69959491580093,33.47617872371025
f2_corrected_fixed,128-64-32-16,16769.0,13.095872423663444,50.24020775492536,42.29122828187943,60.32030544595653,108.61107257250667,490.42855101389233,18.0290771640771,37.144335331261914
f2_corrected_fixed,128-64-32,16257.0,11.012769483751063,42.23526990157162,40.78351595029268,44.69830251861304,90.07496840351708,437.929197219677,3.914786568320359,31.222500417820555
f2_corrected_fixed,128-64,14209.0,7.562334208222999,44.60216551006807,43.66275251712532,45.936498627481875,100.31539118763716,446.1135903377196,2.273746110356555,37.03983130184507
f2_corrected_fixed,128,6017.0,4.059663002220853,48.04343492239386,46.28753680322671,51.035514831476235,103.07685583644418,393.1409205325963,4.747978028249527,43.983771920173005
f2_corrected_fixed,16-16-16-16-16-16-16-16-16-16,3201.0,17.06688570956356,163.40670214286575,117.2122569121767,192.81539053051287,221.52744373373824,679.3714600389951,75.60313361833617,146.3398164333022
f2_corrected_fixed,16-16-16-16-16,1841.0,7.148259454633128,56.24616287041275,51.149998922365405,62.805927860272845,111.68323386974946,490.36922507116697,11.65592893790744,49.097903415779626
f2_corrected_fixed,16,753.0,7.031818896101737,57.45508876019877,49.04815995914231,66.65090536523248,107.2915358947843,386.47111635738776,17.602745406090165,50.42326986409703
f2_corrected_fixed,256,12033.0,9.325191038152056,46.414986520550144,44.12101740182079,47.975355349560104,97.64168167998344,399.18927365893387,3.8543379477393174,37.08979548239809
f2_corrected_fixed,32-16,2017.0,4.868354221114809,55.1373889605098,50.104372000683824,58.979033320414416,102.47679606551485,397.429886518491,8.874661319730592,50.269034739394996
f2_corrected_fixed,32,1505.0,4.688580446966255,65.47979523554314,61.71005466952651,71.52871358300851,125.4919433386864,424.96164334438646,9.818658913482004,60.79121478857688
f2_corrected_fixed,512,24065.0,14.759705406633623,48.95762213462063,42.058175225904016,52.56221357917857,95.44909749082092,420.1820804284151,10.504038353274552,34.19791672798701
f2_corrected_fixed,64-32-16,5569.0,6.28145155310719,48.81337271309298,44.243808520183634,55.51678775391905,99.88927906458319,470.2252117927778,11.272979233735413,42.53192115998579
f2_corrected_fixed,64-32,5057.0,7.936125305287831,47.34650387941224,44.47515849022532,50.99930961354119,101.70438139165692,443.1197861513835,6.524151123315875,39.41037857412441
f2_corrected_fixed,64,3009.0,5.764261354299219,61.539585555658014,57.42350931221598,69.57641104174851,116.44537608374993,429.30829972786887,12.152901729532537,55.7753242013588
f2_corrected_learned,1024,48129.0,17.029595821495125,44.125877477520646,35.75900510219261,60.34841294579708,81.43361051423445,360.3914630376362,24.58940784360447,27.09628165602552
f2_corrected_learned,128-64-32-16,16769.0,11.757109434882382,42.42521214808155,40.05766845993334,44.53378923847789,92.69918902757331,451.7264918303804,4.476120778544548,30.66810271319917
f2_corrected_learned,128-64-32,16257.0,9.073420974198664,42.41592761551038,38.690213750308665,45.1398188256936,91.23534468211722,445.66535124503235,6.449605075384937,33.342506641311715
f2_corrected_learned,128-64,14209.0,8.927965579210076,40.470672580080674,40.01536251911185,40.78858555272502,86.1983376145971,423.60575506581125,0.7732230336131707,31.5427070008706
f2_corrected_learned,128,6017.0,6.049708724557266,45.35195896288652,41.031979607439105,49.61814966288224,89.09436690256427,394.476078667664,8.586170055443134,39.30225023832926
f2_corrected_learned,16-16-16-16-16-16-16-16-16-16,3201.0,34.56318617984234,175.30315543860831,122.58527928647719,219.4565844074548,234.45926875812765,681.8321564939778,96.87130512097762,140.73996925876597
f2_corrected_learned,16-16-16-16-16,1841.0,6.185396141967477,74.02459149898824,50.6700745508159,111.46479346112919,128.4028946483238,530.3734690150895,60.79471891031329,67.83919535702077
f2_corrected_learned,16,753.0,5.642345304947675,53.81747382872211,50.44153048202946,56.22026542683374,103.07992934388072,416.1812544894965,5.778734944804285,48.17512852377443
f2_corrected_learned,256,12033.0,11.915849978484694,37.979604223564,37.72786215316879,38.2379517440438,77.53256657513252,348.4880660091133,0.5100895908750047,26.06375424507931
f2_corrected_learned,32-16,2017.0,4.502500508805226,56.04439331761748,50.33941734262784,62.57181040037334,92.82622637289789,435.0373171216285,12.232393057745497,51.54189280881225
f2_corrected_learned,32,1505.0,5.413695227808148,56.574959816701494,50.35094697986073,60.628289649179514,103.72802943023358,454.6591516321752,10.277342669318784,51.161264588893346
f2_corrected_learned,512,24065.0,15.561911066669355,39.70823748833681,33.450986890034436,43.85224777188569,74.33465377940784,367.17676390466596,10.401260881851258,24.14632642166746
f2_corrected_learned,64-32-16,5569.0,5.834407011125395,45.7394879295403,44.02061795976697,48.81120950699802,86.32066308350034,471.6842194821335,4.790591547231045,39.90508091841491
f2_corrected_learned,64-32,5057.0,5.715346155557938,46.82493641851041,45.97763427997156,48.213176219020795,93.96492002506416,471.9882115162454,2.2355419390492344,41.10959026295247
f2_corrected_learned,64,3009.0,5.314579793190407,53.391486318294575,48.58034544196109,57.01354942412303,98.23811337762633,385.2668992299926,8.433203982161935,48.07690652510417
f3_cubic_fixed,1024,46081.0,6.752116657384168,32.09100834856746,29.89409609225862,34.367367746362724,69.25642654523195,319.72822520562386,4.473271654104103,25.338891691183296
f3_cubic_fixed,128-64-32-16,16513.0,5.52608400447379,39.75276194087389,36.417619190615675,45.76253907485289,90.88613708450744,444.2935337441483,9.344919884237214,34.2266779364001
f3_cubic_fixed,128-64-32,16001.0,7.013404576934431,37.79147479594104,34.89383039313549,41.45995227268724,83.91424868652537,401.84172569979927,6.566121879551751,30.77807021900661
f3_cubic_fixed,128-64,13953.0,5.690617523971796,38.64368641427828,35.08291554954411,41.95646357245079,82.16216581283427,400.1183327068613,6.873548022906675,32.95306889030648
f3_cubic_fixed,128,5761.0,7.210501286833792,37.58354355328442,35.93635762820711,38.62559577484998,77.0227607717912,327.6803173342507,2.6892381466428645,30.37304226645063
f3_cubic_fixed,16-16-16-16-16-16-16-16-16-16,3169.0,18.55744148671514,113.39011275570185,55.020518874781736,217.75711507107494,185.1088805013828,561.1291547007355,162.7365961962932,94.83267126898672
f3_cubic_fixed,16-16-16-16-16,1809.0,6.319408371503781,47.031874836618464,40.378292532343416,50.86975200650621,87.28594151414414,397.58821265363986,10.491459474162795,40.71246646511468
f3_cubic_fixed,16,721.0,6.502840451172421,75.24345056857275,68.50470170635998,85.63210666828985,132.81475217208015,418.94437832994237,17.12740496192987,68.74061011740034
f3_cubic_fixed,256,11521.0,7.925722784348264,37.59835549033145,35.39405063259953,39.04474429445757,77.23410094953441,346.73320040489716,3.6506936618580426,29.672632705983187
f3_cubic_fixed,32-16,1953.0,4.063361136095012,45.81138510572789,44.138298329115955,47.554691113552465,98.26354318957375,396.0367596657272,3.4163927844365105,41.748023969632875
f3_cubic_fixed,32,1441.0,4.038004864486434,52.687270757674014,45.5755441822909,61.657516551209376,101.34459588603625,388.3137184486297,16.08197236891848,48.64926589318758
f3_cubic_fixed,512,23041.0,12.144401459960632,41.08180353825483,37.15659421902316,47.41579858122552,82.41122385682048,339.1460780670007,10.259204362202361,28.9374020782942
f3_cubic_fixed,64-32-16,5441.0,6.904638427835114,44.05762407826297,35.77659075281613,59.56822511137754,89.77384464368693,402.6058085874074,23.791634358561403,37.15298565042785
f3_cubic_fixed,64-32,4929.0,5.414902811779804,41.45932644831421,39.621289865501325,44.90318212298151,87.94715787882289,408.51534876412643,5.281892257480187,36.044423636534404
f3_cubic_fixed,64,2881.0,18.546312193932053,53.03701595437519,35.62270655739207,75.30759970527167,86.02323546602008,302.14655631898796,39.6848931478796,34.49070376044314
f3_cubic_learned,1024,46081.0,6.962647451772226,30.277978728584078,28.785911781559754,32.21172896224098,61.23854964408083,297.23518808915924,3.4258171806812285,23.31533127681185
f3_cubic_learned,128-64-32-16,16513.0,6.430132809703369,39.28471628688976,38.67204511334403,39.769025747577636,82.780149325637,423.9161227394649,1.0969806342336028,32.854583477186395
f3_cubic_learned,128-64-32,16001.0,8.649737708348836,38.30313193171514,36.69689323470411,40.001198582299196,77.5780414265456,394.45548768918025,3.3043053475950828,29.653394223366305
f3_cubic_learned,128-64,13953.0,8.771908451812076,38.66509793416481,35.00484866504656,42.905773213444874,73.87296707390674,386.3083600109297,7.900924548398315,29.89318948235274
f3_cubic_learned,128,5761.0,11.502006827903907,39.25048212809597,31.76736363933817,44.80255643774644,70.67705970509991,332.43688549956096,13.035192798408268,27.748475300192062
f3_cubic_learned,16-16-16-16-16-16-16-16-16-16,3169.0,13.848113301287198,87.86904082758888,59.248138436311386,142.7262860955359,135.55934895393816,551.3064651881726,83.4781476592245,74.02092752630168
f3_cubic_learned,16-16-16-16-16,1809.0,7.927727981333749,59.7407075544269,37.96705812659251,81.90537006136562,95.70824098139134,456.3947468739564,43.938311934773104,51.812979573093145
f3_cubic_learned,16,721.0,6.358998379363839,65.23297589706759,55.419650077103036,81.1199058040824,108.48147494135344,358.4718473958774,25.70025572697937,58.87397751770375
f3_cubic_learned,256,11521.0,15.527460727989208,36.526844918130536,34.049938892761915,38.03072165718457,75.52147424356211,293.64048422247697,3.9807827644226563,20.999384190141328
f3_cubic_learned,32-16,1953.0,4.418287436332051,45.40289262993074,42.89181112006051,47.06763862076648,93.8766982055489,404.90737831547995,4.175827500705971,40.98460519359869
f3_cubic_learned,32,1441.0,4.163578428727223,49.465874025744284,42.96058917021911,54.26061276049945,90.1517844132308,355.3237248665261,11.30002359028034,45.302295597017064
f3_cubic_learned,512,23041.0,16.58597343795909,39.29997896958035,30.886740653584855,53.87046780123215,70.7729211400178,315.49327369251085,22.983727147647297,22.71400553162126
f3_cubic_learned,64-32-16,5441.0,5.515133577491317,42.71476611852112,34.051323596544826,59.964811427192856,84.58765277904918,406.4101646442644,25.91348783064803,37.1996325410298
f3_cubic_learned,64-32,4929.0,6.719395524159359,39.47657950036437,35.558245630481984,42.933783880443045,81.77567961186243,417.69741748555697,7.3755382499610604,32.75718397620501
f3_cubic_learned,64,2881.0,16.531629167758187,54.45735791804167,36.380088463406196,84.0099579493798,86.44787015032783,320.59912499581714,47.6298694859736,37.92572875028348
