run_id,variant,model,architecture,seed,parameters,selected_epoch,train_mae_mah,validation_mae_mah,validation_rmse_mah,validation_max_underprediction_mah,validation_high_headwind_mae_mah
f0_fixed_time__neural__1024__20260924,f0_fixed_time,neural,1024,20260924.0,18433.0,598.0,5.792432469416806,45.501126300512404,106.21808871716546,532.2371573216778,104.87964867884297
f0_fixed_time__neural__1024__20260925,f0_fixed_time,neural,1024,20260925.0,18433.0,544.0,8.75480417318703,46.31664371945691,106.71359056800945,536.9793429618558,105.79342621140151
f0_fixed_time__neural__1024__20260926,f0_fixed_time,neural,1024,20260926.0,18433.0,560.0,6.412332277637855,46.84200019447863,107.47413838118163,527.6614299956432,111.36796962153696
f0_fixed_time__neural__128-64-32-16__20260924,f0_fixed_time,neural,128-64-32-16,20260924.0,13057.0,600.0,5.67631846897809,57.32702436950916,127.41999526175358,612.3404304122523,123.87730395450515
f0_fixed_time__neural__128-64-32-16__20260925,f0_fixed_time,neural,128-64-32-16,20260925.0,13057.0,465.0,9.560148133625063,51.073966132381415,121.36636671438177,616.1094907753891,103.18951571692072
f0_fixed_time__neural__128-64-32-16__20260926,f0_fixed_time,neural,128-64-32-16,20260926.0,13057.0,557.0,7.640015657968006,46.60814712029246,112.59958230639145,566.4461191933483,100.31244932715303
f0_fixed_time__neural__128-64-32__20260924,f0_fixed_time,neural,128-64-32,20260924.0,12545.0,576.0,8.52133283201118,51.398071183950016,116.43441201175362,580.5948595277255,106.73391606780082
f0_fixed_time__neural__128-64-32__20260925,f0_fixed_time,neural,128-64-32,20260925.0,12545.0,573.0,5.2922069711726785,49.00720379789432,116.93491471862492,581.7209941286919,112.67767468310072
f0_fixed_time__neural__128-64-32__20260926,f0_fixed_time,neural,128-64-32,20260926.0,12545.0,517.0,12.606195504398205,44.13629939490477,111.32089303625649,567.8196604798545,95.44627387489355
f0_fixed_time__neural__128-64__20260924,f0_fixed_time,neural,128-64,20260924.0,10497.0,584.0,5.12725212052951,52.050344666847984,118.36544193079636,604.5572688929578,109.39838232024285
f0_fixed_time__neural__128-64__20260925,f0_fixed_time,neural,128-64,20260925.0,10497.0,566.0,8.064823468562917,50.70035969908216,116.60318560896819,579.0666940732426,113.80223758573764
f0_fixed_time__neural__128-64__20260926,f0_fixed_time,neural,128-64,20260926.0,10497.0,559.0,7.013360459954659,52.63951352450348,126.70802445323193,657.4787313790912,111.43505445625
f0_fixed_time__neural__128__20260924,f0_fixed_time,neural,128,20260924.0,2305.0,584.0,5.171717725837646,69.01343385054957,140.0415566934235,703.0785051689118,128.70346859511278
f0_fixed_time__neural__128__20260925,f0_fixed_time,neural,128,20260925.0,2305.0,597.0,4.837798090452287,66.9411425372463,136.87349297390975,684.7537437372143,141.41501782239823
f0_fixed_time__neural__128__20260926,f0_fixed_time,neural,128,20260926.0,2305.0,599.0,4.939687112976593,61.21954341577473,127.90227967593853,651.2227921566182,122.33070204942267
f0_fixed_time__neural__16-16-16-16-16-16-16-16-16-16__20260924,f0_fixed_time,neural,16-16-16-16-16-16-16-16-16-16,20260924.0,2737.0,598.0,8.334102281343496,97.8447662652245,181.99355176556102,765.7635481270368,191.26392748638168
f0_fixed_time__neural__16-16-16-16-16-16-16-16-16-16__20260925,f0_fixed_time,neural,16-16-16-16-16-16-16-16-16-16,20260925.0,2737.0,324.0,11.911200472368966,106.26374074726296,183.90258805750477,851.810394011487,127.06626516527247
f0_fixed_time__neural__16-16-16-16-16-16-16-16-16-16__20260926,f0_fixed_time,neural,16-16-16-16-16-16-16-16-16-16,20260926.0,2737.0,140.0,21.048991809452367,141.28915141080608,209.54444353792485,747.6369473204622,227.72993455056363
f0_fixed_time__neural__16-16-16-16-16__20260924,f0_fixed_time,neural,16-16-16-16-16,20260924.0,1377.0,584.0,13.361967980129576,79.99265037739659,168.72693820971406,803.0437416899858,164.80489134549484
f0_fixed_time__neural__16-16-16-16-16__20260925,f0_fixed_time,neural,16-16-16-16-16,20260925.0,1377.0,598.0,9.99918381024627,91.35770694257675,192.3351107360596,949.0165323884862,165.55191470833256
f0_fixed_time__neural__16-16-16-16-16__20260926,f0_fixed_time,neural,16-16-16-16-16,20260926.0,1377.0,598.0,7.624639682419591,69.02657430328834,143.3085974871373,698.1644344581432,131.58566580936386
f0_fixed_time__neural__16__20260924,f0_fixed_time,neural,16,20260924.0,289.0,599.0,15.603725785524894,65.01439453229584,132.90535373636493,662.1931243250656,126.12575057408878
f0_fixed_time__neural__16__20260925,f0_fixed_time,neural,16,20260925.0,289.0,377.0,26.792951516521814,74.3696360411959,133.02357145168503,609.2344718842674,125.04851864492535
f0_fixed_time__neural__16__20260926,f0_fixed_time,neural,16,20260926.0,289.0,500.0,21.037735296179054,84.51424502387164,140.92225533399136,632.7921702797612,146.23246879809452
f0_fixed_time__neural__256__20260924,f0_fixed_time,neural,256,20260924.0,4609.0,595.0,7.748569696397277,52.68448455310714,111.73652541810344,545.3542783750331,122.84172551653907
f0_fixed_time__neural__256__20260925,f0_fixed_time,neural,256,20260925.0,4609.0,598.0,5.500074339149195,54.35536270956691,120.34807553219812,607.4856867882313,119.43523315802943
f0_fixed_time__neural__256__20260926,f0_fixed_time,neural,256,20260926.0,4609.0,484.0,6.470792886834934,54.199760752159435,122.54352901763681,630.6151237103118,116.71676778087489
f0_fixed_time__neural__32-16__20260924,f0_fixed_time,neural,32-16,20260924.0,1089.0,531.0,7.782563988037414,71.23277379477678,155.18133622927735,759.3383947901584,151.31146230630065
f0_fixed_time__neural__32-16__20260925,f0_fixed_time,neural,32-16,20260925.0,1089.0,598.0,8.475720952096458,89.58816630613575,161.5665879737819,784.6756181631563,177.8421094500043
f0_fixed_time__neural__32-16__20260926,f0_fixed_time,neural,32-16,20260926.0,1089.0,598.0,7.792313076412526,76.18708272463121,141.30116307586866,647.1787613217812,141.27463180894523
f0_fixed_time__neural__32__20260924,f0_fixed_time,neural,32,20260924.0,577.0,589.0,12.19286195480468,75.91156101923953,146.8541811492276,690.2688908341456,156.41370893256484
f0_fixed_time__neural__32__20260925,f0_fixed_time,neural,32,20260925.0,577.0,598.0,8.69768719473723,58.96074737628284,123.20302232155463,618.7873438008455,97.2788263292395
f0_fixed_time__neural__32__20260926,f0_fixed_time,neural,32,20260926.0,577.0,432.0,14.187974266927275,79.93687909451772,152.64269293354351,744.7356070926076,146.72406111323804
f0_fixed_time__neural__512__20260924,f0_fixed_time,neural,512,20260924.0,9217.0,595.0,7.707821455076988,50.81447386649434,111.38535931102746,548.8543263056031,114.0805601754823
f0_fixed_time__neural__512__20260925,f0_fixed_time,neural,512,20260925.0,9217.0,586.0,6.444158745235768,51.40992708315006,114.78873452654241,565.2711141167647,115.06794158244394
f0_fixed_time__neural__512__20260926,f0_fixed_time,neural,512,20260926.0,9217.0,582.0,7.9023881573129575,45.33329994773867,106.76690898862978,538.5404644024038,106.0376905662977
f0_fixed_time__neural__64-32-16__20260924,f0_fixed_time,neural,64-32-16,20260924.0,3713.0,598.0,5.195366338236625,64.09094387791086,137.3241073439778,663.0921313343069,144.4975726293085
f0_fixed_time__neural__64-32-16__20260925,f0_fixed_time,neural,64-32-16,20260925.0,3713.0,597.0,6.481518790685609,70.32676887462013,149.37782585379588,719.560049766877,150.371374011631
f0_fixed_time__neural__64-32-16__20260926,f0_fixed_time,neural,64-32-16,20260926.0,3713.0,577.0,5.4264608136571475,45.3677711446651,116.24159329076258,610.6572718424659,102.43000142911205
f0_fixed_time__neural__64-32__20260924,f0_fixed_time,neural,64-32,20260924.0,3201.0,598.0,5.633653175750663,59.865764582498755,127.90060105201894,634.8704333959099,134.8705799501358
f0_fixed_time__neural__64-32__20260925,f0_fixed_time,neural,64-32,20260925.0,3201.0,598.0,5.768407311179552,57.890775992944036,125.07358277576309,617.8619230919603,119.87293678914436
f0_fixed_time__neural__64-32__20260926,f0_fixed_time,neural,64-32,20260926.0,3201.0,598.0,5.664995707948245,58.60227888532212,139.20731100011338,704.7876607298463,124.3319161397403
f0_fixed_time__neural__64__20260924,f0_fixed_time,neural,64,20260924.0,1153.0,586.0,8.272286218411493,74.32043777768315,142.0606868291635,666.0229690669794,144.9653610335055
f0_fixed_time__neural__64__20260925,f0_fixed_time,neural,64,20260925.0,1153.0,600.0,5.805322009251669,62.47423567921833,113.8595567083555,545.451541758317,125.96554903373624
f0_fixed_time__neural__64__20260926,f0_fixed_time,neural,64,20260926.0,1153.0,188.0,20.49437815748349,87.80461924923412,134.04971842829025,514.6310675140412,145.23330707429113
f0_fixed_time__ridge__fixed,f0_fixed_time,ridge,fixed,,,,44.68197878605861,76.93138163611782,155.15562010735792,789.4175804522029,154.11183974827333
f0_fixed_time__xgboost__fixed,f0_fixed_time,xgboost,fixed,,,,3.099145274223695,108.29610523046843,188.45535519656283,745.1208618164064,213.6182957132423
f0_learned_time__neural__1024__20260924,f0_learned_time,neural,1024,20260924.0,18433.0,459.0,6.931693497367459,42.66464787375077,93.54379731618914,487.25512695556654,93.42449604904037
f0_learned_time__neural__1024__20260925,f0_learned_time,neural,1024,20260925.0,18433.0,553.0,6.421427124447013,41.59789293067347,93.59374143210083,480.88033110347715,91.14743676549779
f0_learned_time__neural__1024__20260926,f0_learned_time,neural,1024,20260926.0,18433.0,518.0,10.745153251623,41.557889952951044,91.29711353720928,474.36714398949835,89.73747950159019
f0_learned_time__neural__128-64-32-16__20260924,f0_learned_time,neural,128-64-32-16,20260924.0,13057.0,594.0,5.888401453944968,43.25949271071079,105.36803316557106,545.5088434649888,87.02119354229652
f0_learned_time__neural__128-64-32-16__20260925,f0_learned_time,neural,128-64-32-16,20260925.0,13057.0,417.0,8.155964923774654,44.9434033278669,104.786433526608,547.8886673510056,90.27429198252337
f0_learned_time__neural__128-64-32-16__20260926,f0_learned_time,neural,128-64-32-16,20260926.0,13057.0,457.0,5.28368258640128,45.70614723357882,107.81038941707271,556.3114657789815,98.95243200396419
f0_learned_time__neural__128-64-32__20260924,f0_learned_time,neural,128-64-32,20260924.0,12545.0,490.0,9.392603472706492,42.20934633407045,106.49644790745255,570.4189635980051,85.60985821188582
f0_learned_time__neural__128-64-32__20260925,f0_learned_time,neural,128-64-32,20260925.0,12545.0,443.0,8.717435949662688,44.43743613116952,108.59479569461712,574.5494729423367,97.59764065811734
f0_learned_time__neural__128-64-32__20260926,f0_learned_time,neural,128-64-32,20260926.0,12545.0,522.0,8.97318668818255,40.93125151470741,103.87029823426852,543.880650686453,87.24796919573679
f0_learned_time__neural__128-64__20260924,f0_learned_time,neural,128-64,20260924.0,10497.0,596.0,6.285542489040016,46.24623005768497,108.76897237635278,587.4077148986444,90.62903158546477
f0_learned_time__neural__128-64__20260925,f0_learned_time,neural,128-64,20260925.0,10497.0,412.0,9.242906661920458,46.718130686672964,102.21859940886421,537.8036537825747,96.78296997652058
f0_learned_time__neural__128-64__20260926,f0_learned_time,neural,128-64,20260926.0,10497.0,589.0,6.7941299553277625,42.78796144961219,105.67480994834396,562.5831074767584,91.78284908391129
f0_learned_time__neural__128__20260924,f0_learned_time,neural,128,20260924.0,2305.0,600.0,5.482300010318589,56.93303251570898,118.14681945393502,618.7939673052333,105.14921138208062
f0_learned_time__neural__128__20260925,f0_learned_time,neural,128,20260925.0,2305.0,597.0,4.385306637059423,54.03322732645636,107.86765781718654,553.4979808790467,108.22018155238182
f0_learned_time__neural__128__20260926,f0_learned_time,neural,128,20260926.0,2305.0,590.0,5.451572335472552,50.15205727767639,99.38611608028265,510.10621217933203,97.6368130299217
f0_learned_time__neural__16-16-16-16-16-16-16-16-16-16__20260924,f0_learned_time,neural,16-16-16-16-16-16-16-16-16-16,20260924.0,2737.0,310.0,12.124634974347531,122.94113318885674,222.0288277451486,1024.5586858917632,193.60964455934058
f0_learned_time__neural__16-16-16-16-16-16-16-16-16-16__20260925,f0_learned_time,neural,16-16-16-16-16-16-16-16-16-16,20260925.0,2737.0,600.0,9.945201911915989,58.60274140037636,113.3730383810685,572.5318504978268,100.28574245040834
f0_learned_time__neural__16-16-16-16-16-16-16-16-16-16__20260926,f0_learned_time,neural,16-16-16-16-16-16-16-16-16-16,20260926.0,2737.0,598.0,9.1423320111437,62.00123823887998,130.63839042202397,683.6429340709474,124.8843103740694
f0_learned_time__neural__16-16-16-16-16__20260924,f0_learned_time,neural,16-16-16-16-16,20260924.0,1377.0,596.0,8.650489894036701,61.4698900093603,126.45026434124291,671.6876106167983,117.36772475364894
f0_learned_time__neural__16-16-16-16-16__20260925,f0_learned_time,neural,16-16-16-16-16,20260925.0,1377.0,600.0,7.092966214940819,71.7329907881052,139.26982263831331,732.9217456402753,118.8502496659512
f0_learned_time__neural__16-16-16-16-16__20260926,f0_learned_time,neural,16-16-16-16-16,20260926.0,1377.0,598.0,7.400353864225955,66.55715063295632,128.30780901015663,645.0167362581824,128.31358479565765
f0_learned_time__neural__16__20260924,f0_learned_time,neural,16,20260924.0,289.0,576.0,13.858347076386465,48.44294592628363,96.33930857724607,501.31724403237104,83.31567504620327
f0_learned_time__neural__16__20260925,f0_learned_time,neural,16,20260925.0,289.0,462.0,18.349048925260135,60.471007053768574,111.31020911389818,553.8608073369405,109.08561490706735
f0_learned_time__neural__16__20260926,f0_learned_time,neural,16,20260926.0,289.0,593.0,15.03509161022607,66.25995985290254,125.33567788113238,638.0961515125423,108.25595397160508
f0_learned_time__neural__256__20260924,f0_learned_time,neural,256,20260924.0,4609.0,501.0,5.418353564098964,44.701102025878875,95.49278119078014,503.36720252224586,96.89378319905965
f0_learned_time__neural__256__20260925,f0_learned_time,neural,256,20260925.0,4609.0,590.0,8.956340241136418,44.35782551428398,101.19951010506627,532.699078538702,93.28810148194005
f0_learned_time__neural__256__20260926,f0_learned_time,neural,256,20260926.0,4609.0,574.0,9.68751657094141,43.752281343489145,99.58319478826306,537.5698926508067,92.65439014866628
f0_learned_time__neural__32-16__20260924,f0_learned_time,neural,32-16,20260924.0,1089.0,588.0,7.258828125557398,60.57616397518201,126.6266415296213,651.138328895629,115.40759460844963
f0_learned_time__neural__32-16__20260925,f0_learned_time,neural,32-16,20260925.0,1089.0,595.0,8.024129558541063,77.34587376005055,140.99310777016674,699.8418042460653,140.22781658679477
f0_learned_time__neural__32-16__20260926,f0_learned_time,neural,32-16,20260926.0,1089.0,599.0,6.96055351905095,63.665041101197076,122.11549558300693,619.056172429348,112.56655362326785
f0_learned_time__neural__32__20260924,f0_learned_time,neural,32,20260924.0,577.0,573.0,11.72120241533044,53.586932711223,94.26368027845261,462.72559731465117,90.53888018803913
f0_learned_time__neural__32__20260925,f0_learned_time,neural,32,20260925.0,577.0,599.0,7.492752846984302,46.42678505798263,94.25187179904795,490.00388344493695,79.32100812522039
f0_learned_time__neural__32__20260926,f0_learned_time,neural,32,20260926.0,577.0,600.0,8.55629404952632,58.36825618055362,113.40926720706913,534.7879935444398,110.40789987753328
f0_learned_time__neural__512__20260924,f0_learned_time,neural,512,20260924.0,9217.0,584.0,7.318669237243108,40.61046877967927,92.32442246445616,488.07321975284776,91.11127529541258
f0_learned_time__neural__512__20260925,f0_learned_time,neural,512,20260925.0,9217.0,382.0,8.906822427715095,46.00329868147206,100.21736573131771,518.6037368017296,91.23046581293326
f0_learned_time__neural__512__20260926,f0_learned_time,neural,512,20260926.0,9217.0,529.0,10.199769001107999,42.87031290951264,96.69885908890629,511.13967300811464,94.49910794627452
f0_learned_time__neural__64-32-16__20260924,f0_learned_time,neural,64-32-16,20260924.0,3713.0,587.0,5.995527807457893,50.05912587710221,115.93906112572901,619.94876854226,110.39332956605588
f0_learned_time__neural__64-32-16__20260925,f0_learned_time,neural,64-32-16,20260925.0,3713.0,597.0,5.219678397789687,58.69683741365247,116.80966128295026,592.7769476300809,117.75138287305337
f0_learned_time__neural__64-32-16__20260926,f0_learned_time,neural,64-32-16,20260926.0,3713.0,410.0,7.323288317434484,47.812821763319846,110.69423185736647,621.7716231146983,95.95130182556561
f0_learned_time__neural__64-32__20260924,f0_learned_time,neural,64-32,20260924.0,3201.0,444.0,6.997083470346934,51.79235315424858,106.33990560357894,556.1011740299446,113.08095260644839
f0_learned_time__neural__64-32__20260925,f0_learned_time,neural,64-32,20260925.0,3201.0,594.0,5.48217031977411,51.085816665819095,115.14302981872093,588.410419035296,104.71432213836974
f0_learned_time__neural__64-32__20260926,f0_learned_time,neural,64-32,20260926.0,3201.0,426.0,5.409695009085059,64.14882454101173,133.46600510897025,699.1697189451424,125.43949958564141
f0_learned_time__neural__64__20260924,f0_learned_time,neural,64,20260924.0,1153.0,586.0,7.830049669570022,53.68503752203869,111.60585825903337,586.900132517555,100.44220731442364
f0_learned_time__neural__64__20260925,f0_learned_time,neural,64,20260925.0,1153.0,597.0,6.081332358552789,55.774419719533775,101.61081882305795,521.5785190087418,99.78780803947734
f0_learned_time__neural__64__20260926,f0_learned_time,neural,64,20260926.0,1153.0,597.0,5.579514963681645,57.64710675862337,111.93354495896595,537.4835305985052,113.82257331243257
f0_learned_time__ridge__fixed,f0_learned_time,ridge,fixed,,,,31.844071099940706,55.50138872641425,106.57198031070492,582.6079061363566,92.01553650219275
f0_learned_time__xgboost__fixed,f0_learned_time,xgboost,fixed,,,,2.539014816650779,99.92436184730536,191.79987882994155,820.6599243164064,182.39342519496657
f0_original__neural__1024__20260924,f0_original,neural,1024,20260924.0,17409.0,576.0,8.198556161403012,50.56387357006138,111.13670868311203,536.4491773262821,112.43370624301721
f0_original__neural__1024__20260925,f0_original,neural,1024,20260925.0,17409.0,523.0,7.468199218981292,53.080229519558486,117.95760663810606,576.1199686838472,118.4645606255633
f0_original__neural__1024__20260926,f0_original,neural,1024,20260926.0,17409.0,347.0,8.761946295792075,54.257695326065445,121.17009102880274,613.7738601247397,121.72157100744893
f0_original__neural__128-64-32-16__20260924,f0_original,neural,128-64-32-16,20260924.0,12929.0,573.0,10.46623533277481,60.1353919506179,129.19507975205718,626.8781116120463,124.31533713873422
f0_original__neural__128-64-32-16__20260925,f0_original,neural,128-64-32-16,20260925.0,12929.0,345.0,9.352653707123928,64.95722015455115,142.93517880708092,680.6250294732008,141.1860015910119
f0_original__neural__128-64-32-16__20260926,f0_original,neural,128-64-32-16,20260926.0,12929.0,420.0,7.942016131286829,57.12760142198496,134.3153365046155,661.1721159127492,119.48049071454304
f0_original__neural__128-64-32__20260924,f0_original,neural,128-64-32,20260924.0,12417.0,581.0,6.722349866118342,57.7117435576352,126.47756449790435,624.9107946398199,118.59001807791627
f0_original__neural__128-64-32__20260925,f0_original,neural,128-64-32,20260925.0,12417.0,487.0,6.715729772564307,58.57928878359759,128.6884524780412,648.7027900207213,121.36453489791823
f0_original__neural__128-64-32__20260926,f0_original,neural,128-64-32,20260926.0,12417.0,505.0,6.430941686959032,52.87251390070769,124.67527741915927,606.0141409105195,110.13154560160429
f0_original__neural__128-64__20260924,f0_original,neural,128-64,20260924.0,10369.0,518.0,8.030905818861946,57.83465873200084,135.6277428102445,681.5531309200178,128.93494581047278
f0_original__neural__128-64__20260925,f0_original,neural,128-64,20260925.0,10369.0,430.0,5.889527100170183,60.362297696005285,134.71246874177191,666.6905096609071,132.33422838855395
f0_original__neural__128-64__20260926,f0_original,neural,128-64,20260926.0,10369.0,595.0,5.892219778142621,52.002841895828105,116.31858763039266,566.2929573645188,111.49654641892562
f0_original__neural__128__20260924,f0_original,neural,128,20260924.0,2177.0,596.0,5.184068399755974,62.22068889077824,135.52742387557234,656.9554412329803,140.94445346176624
f0_original__neural__128__20260925,f0_original,neural,128,20260925.0,2177.0,600.0,5.4134046858686276,68.2771955357758,122.75368419231738,577.7861986832522,137.75590965338242
f0_original__neural__128__20260926,f0_original,neural,128,20260926.0,2177.0,598.0,5.6730687198740375,59.13409113051346,124.45015205694774,619.712278125287,122.56031707115933
f0_original__neural__16-16-16-16-16-16-16-16-16-16__20260924,f0_original,neural,16-16-16-16-16-16-16-16-16-16,20260924.0,2721.0,25.0,157.49582301721586,315.0834015234865,418.93400527153693,1110.2311015765379,433.18123965645697
f0_original__neural__16-16-16-16-16-16-16-16-16-16__20260925,f0_original,neural,16-16-16-16-16-16-16-16-16-16,20260925.0,2721.0,596.0,8.888939852341014,139.74430268564726,216.0205205029447,906.7913185030343,207.73546856970916
f0_original__neural__16-16-16-16-16-16-16-16-16-16__20260926,f0_original,neural,16-16-16-16-16-16-16-16-16-16,20260926.0,2721.0,83.0,37.80357318688227,180.16911147451142,251.52745801356693,685.7595666268116,252.72750724763105
f0_original__neural__16-16-16-16-16__20260924,f0_original,neural,16-16-16-16-16,20260924.0,1361.0,598.0,7.302044718190169,78.62330674111716,141.57950591975387,628.5605570345169,140.8557538994863
f0_original__neural__16-16-16-16-16__20260925,f0_original,neural,16-16-16-16-16,20260925.0,1361.0,351.0,12.15411081998502,130.2792716913992,198.73628388111956,797.0728288631126,161.09119450531338
f0_original__neural__16-16-16-16-16__20260926,f0_original,neural,16-16-16-16-16,20260926.0,1361.0,116.0,26.906863676102834,128.147550401185,218.67303687678455,1014.7805014618818,230.17031528293896
f0_original__neural__16__20260924,f0_original,neural,16,20260924.0,273.0,468.0,20.239404401393305,72.98743843132182,133.5266709143597,587.8407167471014,148.61831077584208
f0_original__neural__16__20260925,f0_original,neural,16,20260925.0,273.0,395.0,24.891033605094457,72.20115938632414,122.03016610608266,588.4377755447913,133.61644852838603
f0_original__neural__16__20260926,f0_original,neural,16,20260926.0,273.0,594.0,17.088836279342004,85.18861355295708,167.34247783494013,738.0566122810415,183.93725822361935
f0_original__neural__256__20260924,f0_original,neural,256,20260924.0,4353.0,594.0,6.248075915617516,62.50512951733261,127.71140888217651,619.2338255665395,135.76284129192874
f0_original__neural__256__20260925,f0_original,neural,256,20260925.0,4353.0,593.0,4.591412544802264,58.85373373084723,121.18335706155106,582.4484680198279,126.64947503918874
f0_original__neural__256__20260926,f0_original,neural,256,20260926.0,4353.0,560.0,6.8273214349807985,54.49530324308566,116.66760623950692,574.633032593631,117.83197599681546
f0_original__neural__32-16__20260924,f0_original,neural,32-16,20260924.0,1057.0,600.0,7.120576469454198,80.40959724577748,144.83192642129674,649.5926539010634,143.14676415733103
f0_original__neural__32-16__20260925,f0_original,neural,32-16,20260925.0,1057.0,596.0,8.738481217591321,95.23184709673228,172.46056382291354,747.0918166843344,187.64214438533872
f0_original__neural__32-16__20260926,f0_original,neural,32-16,20260926.0,1057.0,596.0,6.941343213927418,86.48946665850427,145.41626641359252,613.7041141366167,160.6763132204655
f0_original__neural__32__20260924,f0_original,neural,32,20260924.0,545.0,303.0,19.65584077123506,98.25445879687135,160.67695082207797,648.3034457725753,159.8474969070754
f0_original__neural__32__20260925,f0_original,neural,32,20260925.0,545.0,600.0,9.534253650306557,65.61967245947937,122.07676480129695,579.4578986784395,128.56858449391834
f0_original__neural__32__20260926,f0_original,neural,32,20260926.0,545.0,598.0,11.294403876224413,82.13786964663326,146.99531819975743,680.9864503878443,153.8454481229037
f0_original__neural__512__20260924,f0_original,neural,512,20260924.0,8705.0,516.0,8.789479935355166,52.9294792940213,118.37524430094258,578.9839188854139,122.89786203412253
f0_original__neural__512__20260925,f0_original,neural,512,20260925.0,8705.0,596.0,7.7031577863368,52.991293186713534,115.88437050317616,558.9543411476475,119.90412217146424
f0_original__neural__512__20260926,f0_original,neural,512,20260926.0,8705.0,449.0,6.342465542751251,55.2640673355784,119.92236609875462,589.0971080558729,124.68185466897387
f0_original__neural__64-32-16__20260924,f0_original,neural,64-32-16,20260924.0,3649.0,479.0,5.886266790719717,64.19575232821333,139.44203722368462,673.3091427094041,137.54335253396295
f0_original__neural__64-32-16__20260925,f0_original,neural,64-32-16,20260925.0,3649.0,594.0,7.957327875590707,62.00860484504254,137.04401270387083,669.2044190415481,137.38342266923112
f0_original__neural__64-32-16__20260926,f0_original,neural,64-32-16,20260926.0,3649.0,531.0,5.2079350854018776,58.506445284713394,136.01530884846554,670.7062511412487,122.77965229625487
f0_original__neural__64-32__20260924,f0_original,neural,64-32,20260924.0,3137.0,597.0,8.079034765184046,61.448976429625816,137.8664211631278,682.7200641981922,131.22396896688304
f0_original__neural__64-32__20260925,f0_original,neural,64-32,20260925.0,3137.0,592.0,6.2059789536778815,67.11000227284603,137.53664116550834,686.0042597954066,135.20934692843795
f0_original__neural__64-32__20260926,f0_original,neural,64-32,20260926.0,3137.0,598.0,8.193283927097326,53.13227671565104,117.99113211593196,565.0651233254889,107.14528765392357
f0_original__neural__64__20260924,f0_original,neural,64,20260924.0,1089.0,595.0,7.220559011581351,80.52291388361063,135.85138670149806,605.3263903437264,144.55977993876976
f0_original__neural__64__20260925,f0_original,neural,64,20260925.0,1089.0,600.0,6.555193787014448,61.00235899053611,123.06517580840024,601.4604636599279,137.15845726804656
f0_original__neural__64__20260926,f0_original,neural,64,20260926.0,1089.0,599.0,6.573733914616638,73.51238152631444,124.79046846502186,598.4347194385755,137.16576509966043
f0_original__ridge__fixed,f0_original,ridge,fixed,,,,44.53681372025313,77.46881884034408,155.7034719386479,791.0020341128898,155.4569758423947
f0_original__xgboost__fixed,f0_original,xgboost,fixed,,,,2.621071220777733,102.87134592808464,178.10427307614185,641.0395629882814,197.59951432373336
f1_fixed_time__neural__1024__20260924,f1_fixed_time,neural,1024,20260924.0,39937.0,326.0,9.74197497366965,51.10655888439008,100.12063431924689,419.7077038097127,106.07812921704522
f1_fixed_time__neural__1024__20260925,f1_fixed_time,neural,1024,20260925.0,39937.0,7.0,86.87673128073207,100.44895030652977,126.62776297610402,261.44927267277126,138.76232853289295
f1_fixed_time__neural__1024__20260926,f1_fixed_time,neural,1024,20260926.0,39937.0,500.0,7.07668964389061,46.31641670330013,98.59175755275024,442.5893905414914,108.59552143040123
f1_fixed_time__neural__128-64-32-16__20260924,f1_fixed_time,neural,128-64-32-16,20260924.0,15745.0,385.0,13.732233837376562,48.683513628583036,108.62186897564501,470.7151178089216,106.97926306810862
f1_fixed_time__neural__128-64-32-16__20260925,f1_fixed_time,neural,128-64-32-16,20260925.0,15745.0,586.0,5.34260219900408,53.375188057742086,113.399787128583,491.7800052738071,122.89173853682121
f1_fixed_time__neural__128-64-32-16__20260926,f1_fixed_time,neural,128-64-32-16,20260926.0,15745.0,453.0,10.448068235583746,50.73264558105192,109.16159526658993,469.52380866469593,114.67541371873737
f1_fixed_time__neural__128-64-32__20260924,f1_fixed_time,neural,128-64-32,20260924.0,15233.0,484.0,7.9931306257212205,50.407039845157165,111.80642424292739,481.99653770503573,114.35606476278659
f1_fixed_time__neural__128-64-32__20260925,f1_fixed_time,neural,128-64-32,20260925.0,15233.0,424.0,11.334289410162217,49.46016820369443,104.86341332374495,465.4166551362855,107.83996695786482
f1_fixed_time__neural__128-64-32__20260926,f1_fixed_time,neural,128-64-32,20260926.0,15233.0,322.0,7.223684307071378,55.83843708709542,123.27780623413102,541.897699500546,121.1904171364455
f1_fixed_time__neural__128-64__20260924,f1_fixed_time,neural,128-64,20260924.0,13185.0,533.0,7.596391089451099,48.61089853692756,111.44130058244299,487.65391255175973,111.95988306509959
f1_fixed_time__neural__128-64__20260925,f1_fixed_time,neural,128-64,20260925.0,13185.0,445.0,4.326795974403823,57.517760435573074,117.62612949674175,515.6503695434899,129.45527808964275
f1_fixed_time__neural__128-64__20260926,f1_fixed_time,neural,128-64,20260926.0,13185.0,491.0,10.076768382308153,50.59454787905989,113.64324959478729,511.72139440198225,115.08223310843024
f1_fixed_time__neural__128__20260924,f1_fixed_time,neural,128,20260924.0,4993.0,597.0,5.392464455597221,70.65633061624777,134.51360914942015,570.3545456092875,151.8920869843711
f1_fixed_time__neural__128__20260925,f1_fixed_time,neural,128,20260925.0,4993.0,587.0,4.197168587646262,53.786049801379725,118.57810734760614,551.1096860744078,122.33537175641449
f1_fixed_time__neural__128__20260926,f1_fixed_time,neural,128,20260926.0,4993.0,586.0,5.120490868844377,46.485362881178425,109.25788007070366,526.265202154932,102.36531951924742
f1_fixed_time__neural__16-16-16-16-16-16-16-16-16-16__20260924,f1_fixed_time,neural,16-16-16-16-16-16-16-16-16-16,20260924.0,3073.0,393.0,26.77666386643657,196.44067459057194,265.5177338402464,753.8324189238315,304.5538408581066
f1_fixed_time__neural__16-16-16-16-16-16-16-16-16-16__20260925,f1_fixed_time,neural,16-16-16-16-16-16-16-16-16-16,20260925.0,3073.0,200.0,29.541395116147466,300.78470656417875,427.2041429434064,1227.9534096648395,529.9949805917856
f1_fixed_time__neural__16-16-16-16-16-16-16-16-16-16__20260926,f1_fixed_time,neural,16-16-16-16-16-16-16-16-16-16,20260926.0,3073.0,9.0,158.94745005087017,252.22312336901717,342.4021896427412,889.876879861388,364.15371101583554
f1_fixed_time__neural__16-16-16-16-16__20260924,f1_fixed_time,neural,16-16-16-16-16,20260924.0,1713.0,593.0,6.892699977588544,79.11475592637923,131.67725163863037,487.6533034217405,153.9279901303243
f1_fixed_time__neural__16-16-16-16-16__20260925,f1_fixed_time,neural,16-16-16-16-16,20260925.0,1713.0,587.0,8.742392140578545,67.08732606427996,130.13014188400086,526.2882544419535,137.75949411696055
f1_fixed_time__neural__16-16-16-16-16__20260926,f1_fixed_time,neural,16-16-16-16-16,20260926.0,1713.0,598.0,6.924122900071576,66.37431771564391,118.85011055672538,494.4395558242686,120.02108568142192
f1_fixed_time__neural__16__20260924,f1_fixed_time,neural,16,20260924.0,625.0,287.0,12.68199967590415,75.76801200405608,130.67613598112732,563.282951671782,155.26465483861574
f1_fixed_time__neural__16__20260925,f1_fixed_time,neural,16,20260925.0,625.0,352.0,10.574882346183715,83.92693317189082,121.53360883830757,391.17949585186,143.3030438985078
f1_fixed_time__neural__16__20260926,f1_fixed_time,neural,16,20260926.0,625.0,599.0,5.919868079248466,73.35225208394374,112.47880662108436,411.1582648872195,144.41289421243195
f1_fixed_time__neural__256__20260924,f1_fixed_time,neural,256,20260924.0,9985.0,447.0,7.641246034145572,52.41137141383109,96.77870411558965,402.43209726069244,115.34667187925106
f1_fixed_time__neural__256__20260925,f1_fixed_time,neural,256,20260925.0,9985.0,581.0,9.704084953178716,50.65524420128365,101.27670890525474,457.29020275517814,111.7351319225811
f1_fixed_time__neural__256__20260926,f1_fixed_time,neural,256,20260926.0,9985.0,495.0,8.836957288405477,50.67147389417575,98.7679153987691,449.2874285275452,109.71548721907682
f1_fixed_time__neural__32-16__20260924,f1_fixed_time,neural,32-16,20260924.0,1761.0,599.0,5.862023688456854,58.91719432569831,110.40972055983595,428.60883857605177,117.61818407763452
f1_fixed_time__neural__32-16__20260925,f1_fixed_time,neural,32-16,20260925.0,1761.0,592.0,3.9970972107495366,68.21231959881605,122.69440012158064,471.5770343268996,131.23710714175579
f1_fixed_time__neural__32-16__20260926,f1_fixed_time,neural,32-16,20260926.0,1761.0,600.0,4.806820153745398,77.86870531959305,110.00535659726759,346.56952825468943,141.93955492894065
f1_fixed_time__neural__32__20260924,f1_fixed_time,neural,32,20260924.0,1249.0,583.0,6.108077257675129,64.00810513465021,103.71607623972909,448.4857466675894,113.25909898641943
f1_fixed_time__neural__32__20260925,f1_fixed_time,neural,32,20260925.0,1249.0,600.0,3.643902167850189,80.39489521860042,136.58872391563708,532.7753576877167,149.54034460391418
f1_fixed_time__neural__32__20260926,f1_fixed_time,neural,32,20260926.0,1249.0,600.0,6.223167424920277,58.12399414392415,113.56350250899344,482.16524678875203,122.79020713297061
f1_fixed_time__neural__512__20260924,f1_fixed_time,neural,512,20260924.0,19969.0,430.0,11.89449986624615,53.2362094463975,110.69922764576904,520.5944328349087,119.54547661163183
f1_fixed_time__neural__512__20260925,f1_fixed_time,neural,512,20260925.0,19969.0,533.0,4.263407574501909,50.42794323927535,106.99964674814196,490.35160468151116,114.90781850626384
f1_fixed_time__neural__512__20260926,f1_fixed_time,neural,512,20260926.0,19969.0,470.0,13.896225021672006,46.80148086194513,95.23122479028947,441.5485229697406,100.68454567472337
f1_fixed_time__neural__64-32-16__20260924,f1_fixed_time,neural,64-32-16,20260924.0,5057.0,599.0,8.337862887155742,67.74583847611903,134.33383273293373,574.9813607643218,156.27522145793998
f1_fixed_time__neural__64-32-16__20260925,f1_fixed_time,neural,64-32-16,20260925.0,5057.0,504.0,4.957689555816783,54.98092396706092,109.29668525358774,508.9940614371735,115.35258152245058
f1_fixed_time__neural__64-32-16__20260926,f1_fixed_time,neural,64-32-16,20260926.0,5057.0,516.0,7.245650585333743,57.69989921418111,118.1928253080952,466.38968385692215,119.2635215038484
f1_fixed_time__neural__64-32__20260924,f1_fixed_time,neural,64-32,20260924.0,4545.0,599.0,5.305825674016574,59.09359132407039,114.228082886878,470.9664314334059,115.88371636721686
f1_fixed_time__neural__64-32__20260925,f1_fixed_time,neural,64-32,20260925.0,4545.0,547.0,8.841477186530625,51.49090750792918,97.40304556404315,407.44379482290424,108.29034750828657
f1_fixed_time__neural__64-32__20260926,f1_fixed_time,neural,64-32,20260926.0,4545.0,589.0,5.174253230812833,55.12209135877251,114.95195065758787,463.4988627465036,122.10106146359395
f1_fixed_time__neural__64__20260924,f1_fixed_time,neural,64,20260924.0,2497.0,596.0,5.228386745401937,50.42426262787401,86.54110286357195,373.75438052936124,92.7468780379065
f1_fixed_time__neural__64__20260925,f1_fixed_time,neural,64,20260925.0,2497.0,597.0,4.014350533440045,63.31017832446738,113.626272932082,462.08104449888106,126.94429087898354
f1_fixed_time__neural__64__20260926,f1_fixed_time,neural,64,20260926.0,2497.0,600.0,5.110340479750603,71.80482106888445,121.76683541913135,471.03723010293197,149.32620882242506
f1_fixed_time__ridge__fixed,f1_fixed_time,ridge,fixed,,,,35.77627732712159,70.69628903467151,140.52855151049158,701.2327035057679,151.86242206331158
f1_fixed_time__xgboost__fixed,f1_fixed_time,xgboost,fixed,,,,1.6950739061193163,97.70390153267697,171.47193866185546,683.7700317382814,182.6517981284906
f1_learned_speed_time__neural__1024__20260924,f1_learned_speed_time,neural,1024,20260924.0,40961.0,357.0,8.330943133525572,41.33311095454227,76.49762865875809,394.6890323579473,74.0192130400955
f1_learned_speed_time__neural__1024__20260925,f1_learned_speed_time,neural,1024,20260925.0,40961.0,114.0,25.129515791051993,72.62424810688002,110.26444455512262,284.10455307235225,130.7453335095415
f1_learned_speed_time__neural__1024__20260926,f1_learned_speed_time,neural,1024,20260926.0,40961.0,299.0,11.861101205530472,45.71705551174589,81.7752509426373,391.4669284488973,89.72701635442137
f1_learned_speed_time__neural__128-64-32-16__20260924,f1_learned_speed_time,neural,128-64-32-16,20260924.0,15873.0,513.0,8.374132392994653,52.53158960317722,112.54931880820622,512.1461856215292,115.84169770000535
f1_learned_speed_time__neural__128-64-32-16__20260925,f1_learned_speed_time,neural,128-64-32-16,20260925.0,15873.0,587.0,11.477571731831965,50.159147093111955,109.03499088064886,500.1218913640337,113.28628720752648
f1_learned_speed_time__neural__128-64-32-16__20260926,f1_learned_speed_time,neural,128-64-32-16,20260926.0,15873.0,440.0,8.985759485624953,46.88812870242198,106.15341105631971,494.31238688774647,104.42246614967056
f1_learned_speed_time__neural__128-64-32__20260924,f1_learned_speed_time,neural,128-64-32,20260924.0,15361.0,551.0,10.630127726193656,51.724450852628635,106.664082396465,483.4159723410248,117.41471428107592
f1_learned_speed_time__neural__128-64-32__20260925,f1_learned_speed_time,neural,128-64-32,20260925.0,15361.0,413.0,8.946950620880973,50.07726191782503,103.11403974939807,483.4540824140422,108.20597124197684
f1_learned_speed_time__neural__128-64-32__20260926,f1_learned_speed_time,neural,128-64-32,20260926.0,15361.0,276.0,5.9631776601729305,52.68428705066768,101.46944865742051,467.7851285002507,91.58846689467678
f1_learned_speed_time__neural__128-64__20260924,f1_learned_speed_time,neural,128-64,20260924.0,13313.0,548.0,6.204726232162961,55.01106770267177,108.73543447799985,492.18163110225623,119.27118114684444
f1_learned_speed_time__neural__128-64__20260925,f1_learned_speed_time,neural,128-64,20260925.0,13313.0,387.0,7.748295896612336,54.98927692556639,105.24732796238123,499.5906122399565,108.9819757982553
f1_learned_speed_time__neural__128-64__20260926,f1_learned_speed_time,neural,128-64,20260926.0,13313.0,587.0,6.449324921896887,52.422289653815675,116.67579446605784,550.0980367323591,118.59349533581174
f1_learned_speed_time__neural__128__20260924,f1_learned_speed_time,neural,128,20260924.0,5121.0,587.0,6.7848021941595675,60.019209824156356,102.8838469960773,446.95477673113874,117.98414997914165
f1_learned_speed_time__neural__128__20260925,f1_learned_speed_time,neural,128,20260925.0,5121.0,592.0,3.513957818140946,47.05608374021256,94.05794000905568,479.2696656683961,100.21763925318358
f1_learned_speed_time__neural__128__20260926,f1_learned_speed_time,neural,128,20260926.0,5121.0,513.0,18.67238531255484,62.205360582157404,92.9222203627251,351.71252111158174,120.95275885000602
f1_learned_speed_time__neural__16-16-16-16-16-16-16-16-16-16__20260924,f1_learned_speed_time,neural,16-16-16-16-16-16-16-16-16-16,20260924.0,3089.0,137.0,13.597466852050257,191.81181187328053,279.6773569303206,853.3083764838648,314.951062791704
f1_learned_speed_time__neural__16-16-16-16-16-16-16-16-16-16__20260925,f1_learned_speed_time,neural,16-16-16-16-16-16-16-16-16-16,20260925.0,3089.0,19.0,159.06012083302346,424.26564636187334,522.3859730568261,1036.1183846092358,532.7354631513953
f1_learned_speed_time__neural__16-16-16-16-16-16-16-16-16-16__20260926,f1_learned_speed_time,neural,16-16-16-16-16-16-16-16-16-16,20260926.0,3089.0,594.0,13.405717594109916,132.50652377116413,196.60566373536852,515.7427986671687,215.94252870839972
f1_learned_speed_time__neural__16-16-16-16-16__20260924,f1_learned_speed_time,neural,16-16-16-16-16,20260924.0,1729.0,585.0,6.617405044816453,60.27100012610583,129.54244781531096,621.7674370831883,121.36217817499093
f1_learned_speed_time__neural__16-16-16-16-16__20260925,f1_learned_speed_time,neural,16-16-16-16-16,20260925.0,1729.0,525.0,9.384839384709325,86.06111207720863,143.4807744380757,626.761435704685,145.02272077943528
f1_learned_speed_time__neural__16-16-16-16-16__20260926,f1_learned_speed_time,neural,16-16-16-16-16,20260926.0,1729.0,588.0,6.491690690290673,49.809890703463694,99.9913082944305,436.89299808559645,97.6539314508019
f1_learned_speed_time__neural__16__20260924,f1_learned_speed_time,neural,16,20260924.0,641.0,599.0,7.0606154253774145,70.55978892631464,108.5659270001378,421.09471288014174,127.36452574055842
f1_learned_speed_time__neural__16__20260925,f1_learned_speed_time,neural,16,20260925.0,641.0,599.0,7.097690376542938,68.83699450099296,112.29381585827242,446.40460146134365,135.9112946496838
f1_learned_speed_time__neural__16__20260926,f1_learned_speed_time,neural,16,20260926.0,641.0,597.0,6.295413512278935,49.72630098903624,77.02437972037448,288.4999261519961,91.83003360674
f1_learned_speed_time__neural__256__20260924,f1_learned_speed_time,neural,256,20260924.0,10241.0,479.0,8.943148186884493,47.333498213056096,93.4604115103474,395.0359967838813,102.19122419648757
f1_learned_speed_time__neural__256__20260925,f1_learned_speed_time,neural,256,20260925.0,10241.0,305.0,9.147941667404142,40.781382896871236,79.8894753479029,415.5188007230331,79.8432212023498
f1_learned_speed_time__neural__256__20260926,f1_learned_speed_time,neural,256,20260926.0,10241.0,469.0,10.802513931622805,41.63145470779723,76.09015334806172,381.6439361100847,76.86347722391199
f1_learned_speed_time__neural__32-16__20260924,f1_learned_speed_time,neural,32-16,20260924.0,1793.0,588.0,6.411663413231803,71.02067333521501,130.08379916139782,544.5539328275668,143.55757301910282
f1_learned_speed_time__neural__32-16__20260925,f1_learned_speed_time,neural,32-16,20260925.0,1793.0,598.0,7.854010920437962,86.0247489318246,144.17882896048425,509.3871782333026,176.7745486125309
f1_learned_speed_time__neural__32-16__20260926,f1_learned_speed_time,neural,32-16,20260926.0,1793.0,599.0,4.547224931139942,84.28674143109825,149.30820193627804,644.0197142190009,175.42276049165068
f1_learned_speed_time__neural__32__20260924,f1_learned_speed_time,neural,32,20260924.0,1281.0,597.0,3.8540482415329937,53.77456873360665,93.48404609232604,439.96604127232604,92.67543467367555
f1_learned_speed_time__neural__32__20260925,f1_learned_speed_time,neural,32,20260925.0,1281.0,595.0,4.599027322410993,72.13498011559417,112.5080416823498,409.67270756090784,138.77350016357235
f1_learned_speed_time__neural__32__20260926,f1_learned_speed_time,neural,32,20260926.0,1281.0,598.0,3.873867484823129,66.77897414085963,100.4836488547838,347.77577284873405,116.45266227929991
f1_learned_speed_time__neural__512__20260924,f1_learned_speed_time,neural,512,20260924.0,20481.0,444.0,7.214770719627468,49.11204199300729,94.9488167726443,429.3302277434477,106.90551485694822
f1_learned_speed_time__neural__512__20260925,f1_learned_speed_time,neural,512,20260925.0,20481.0,232.0,30.96318332101425,65.12727892719096,99.51853647471245,404.6865034566322,117.34685954371503
f1_learned_speed_time__neural__512__20260926,f1_learned_speed_time,neural,512,20260926.0,20481.0,430.0,14.86907295184825,42.127708246442054,75.44506416644026,352.7830468117045,87.68690492031884
f1_learned_speed_time__neural__64-32-16__20260924,f1_learned_speed_time,neural,64-32-16,20260924.0,5121.0,583.0,5.06445504373672,57.622627272280674,112.3529302319545,498.53306745647114,116.11360805009998
f1_learned_speed_time__neural__64-32-16__20260925,f1_learned_speed_time,neural,64-32-16,20260925.0,5121.0,597.0,4.816700668532281,58.87818866186056,120.89405717518329,560.0050878609354,124.3527362025778
f1_learned_speed_time__neural__64-32-16__20260926,f1_learned_speed_time,neural,64-32-16,20260926.0,5121.0,597.0,10.198360674570592,53.47566339920308,111.14381960867348,493.45647624881667,110.6361586988573
f1_learned_speed_time__neural__64-32__20260924,f1_learned_speed_time,neural,64-32,20260924.0,4609.0,596.0,4.212818375402219,48.20319721976329,97.23796803673304,445.8963482675349,99.14646430655606
f1_learned_speed_time__neural__64-32__20260925,f1_learned_speed_time,neural,64-32,20260925.0,4609.0,592.0,4.33203493953226,65.85292700795615,117.02626919209939,446.5497048504408,144.7939442921941
f1_learned_speed_time__neural__64-32__20260926,f1_learned_speed_time,neural,64-32,20260926.0,4609.0,592.0,7.496791377052937,57.3199896141742,110.99020137088853,510.1056192881979,109.48385827210366
f1_learned_speed_time__neural__64__20260924,f1_learned_speed_time,neural,64,20260924.0,2561.0,578.0,4.234231313368152,47.730035785085434,86.01212259248474,409.04844923193923,93.0448488661592
f1_learned_speed_time__neural__64__20260925,f1_learned_speed_time,neural,64,20260925.0,2561.0,600.0,2.858643760191324,54.83856430269845,106.2868902367067,538.3487777888731,104.69195122370282
f1_learned_speed_time__neural__64__20260926,f1_learned_speed_time,neural,64,20260926.0,2561.0,540.0,8.517173764693457,68.81482708153378,117.99991586105959,481.1423057571783,138.31701247869518
f1_learned_speed_time__ridge__fixed,f1_learned_speed_time,ridge,fixed,,,,30.858021006723384,54.222953273475014,107.32108823311347,584.7111056877875,94.87084326822352
f1_learned_speed_time__xgboost__fixed,f1_learned_speed_time,xgboost,fixed,,,,1.3265038287389788,100.66006506620562,179.41071893579024,738.2136352539064,175.16665561140076
f1_original__neural__1024__20260924,f1_original,neural,1024,20260924.0,38913.0,487.0,5.212845964467797,48.1929786581964,107.008380692506,478.2290652617703,112.66713992559544
f1_original__neural__1024__20260925,f1_original,neural,1024,20260925.0,38913.0,225.0,17.620575311112994,60.10737179834125,95.56177714388261,318.6000302258476,119.85643970374619
f1_original__neural__1024__20260926,f1_original,neural,1024,20260926.0,38913.0,273.0,6.529984923157953,61.70799546801167,118.41088926643319,551.145868426664,132.18603077633125
f1_original__neural__128-64-32-16__20260924,f1_original,neural,128-64-32-16,20260924.0,15617.0,367.0,7.763949854391899,60.69556551700505,137.4470528961323,593.0967566276167,125.52544696085349
f1_original__neural__128-64-32-16__20260925,f1_original,neural,128-64-32-16,20260925.0,15617.0,587.0,6.840952779964104,55.1501061315341,126.73064740328202,569.3657670200646,125.95685139792359
f1_original__neural__128-64-32-16__20260926,f1_original,neural,128-64-32-16,20260926.0,15617.0,404.0,7.339198800351964,60.72128836328918,133.20731584559957,556.2891417283217,134.73042194118372
f1_original__neural__128-64-32__20260924,f1_original,neural,128-64-32,20260924.0,15105.0,378.0,15.986516158149946,66.01899170841943,139.3295998641967,608.841721938205,142.39173275572412
f1_original__neural__128-64-32__20260925,f1_original,neural,128-64-32,20260925.0,15105.0,404.0,9.914960649312025,59.538601940696644,125.64181947169688,554.2724646684851,130.46939476181777
f1_original__neural__128-64-32__20260926,f1_original,neural,128-64-32,20260926.0,15105.0,510.0,7.649018671358537,57.177905151518885,127.94408275605329,550.7721585804475,125.0088697798495
f1_original__neural__128-64__20260924,f1_original,neural,128-64,20260924.0,13057.0,593.0,14.212949462560431,67.78378289632873,144.67502503193,647.8103356207171,142.16073255815465
f1_original__neural__128-64__20260925,f1_original,neural,128-64,20260925.0,13057.0,475.0,8.618215283000254,66.7373693035106,139.32807741005323,629.6575465439514,149.74236809567057
f1_original__neural__128-64__20260926,f1_original,neural,128-64,20260926.0,13057.0,428.0,4.642269204076919,58.69713364944679,116.66836209747704,472.5828454331868,125.54817331499251
f1_original__neural__128__20260924,f1_original,neural,128,20260924.0,4865.0,579.0,7.071562764491715,57.422405637740574,116.95607146844573,534.4243106899139,115.92054652682329
f1_original__neural__128__20260925,f1_original,neural,128,20260925.0,4865.0,452.0,10.340015760185684,82.5412340189183,134.00707039139357,435.7743592651568,179.2039998572067
f1_original__neural__128__20260926,f1_original,neural,128,20260926.0,4865.0,558.0,8.394383304378165,50.530274662953644,109.18830186355372,513.6839638055517,112.73523043154215
f1_original__neural__16-16-16-16-16-16-16-16-16-16__20260924,f1_original,neural,16-16-16-16-16-16-16-16-16-16,20260924.0,3057.0,21.0,195.1117630706874,459.9859150134871,574.0427414741955,1727.5274221783989,638.9645018523983
f1_original__neural__16-16-16-16-16-16-16-16-16-16__20260925,f1_original,neural,16-16-16-16-16-16-16-16-16-16,20260925.0,3057.0,82.0,54.52584637546743,349.928195664131,480.41424431993477,1329.7404421548576,547.0697520142705
f1_original__neural__16-16-16-16-16-16-16-16-16-16__20260926,f1_original,neural,16-16-16-16-16-16-16-16-16-16,20260926.0,3057.0,17.0,162.32630747080702,285.7608220662032,393.1814611615483,1096.1611344899482,438.4903090972136
f1_original__neural__16-16-16-16-16__20260924,f1_original,neural,16-16-16-16-16,20260924.0,1697.0,600.0,5.309642632061479,190.95844933938127,264.4080911271304,807.0430958090533,275.31235728068134
f1_original__neural__16-16-16-16-16__20260925,f1_original,neural,16-16-16-16-16,20260925.0,1697.0,599.0,6.721299540226891,95.10423413873907,171.0122787923687,668.8007822836598,173.1517122456085
f1_original__neural__16-16-16-16-16__20260926,f1_original,neural,16-16-16-16-16,20260926.0,1697.0,594.0,6.595958303190665,116.54731838804251,168.95078255701372,562.4205970451999,196.4689733048319
f1_original__neural__16__20260924,f1_original,neural,16,20260924.0,609.0,593.0,6.421198831501746,68.45990803831705,119.82317130419364,515.5218220637612,118.43029318747939
f1_original__neural__16__20260925,f1_original,neural,16,20260925.0,609.0,598.0,6.57251419573639,81.25022235114119,113.13924605713612,345.6483005374221,124.82403340890833
f1_original__neural__16__20260926,f1_original,neural,16,20260926.0,609.0,597.0,5.902278777738431,90.19068713821025,141.22575938881732,503.3984108955765,185.3951731484247
f1_original__neural__256__20260924,f1_original,neural,256,20260924.0,9729.0,397.0,23.10874822173038,58.069891026795844,103.88721935968516,413.9549624197539,116.5975149056706
f1_original__neural__256__20260925,f1_original,neural,256,20260925.0,9729.0,593.0,4.742403806802068,52.97554666883316,112.92276388234666,539.8081587604734,110.58523481162774
f1_original__neural__256__20260926,f1_original,neural,256,20260926.0,9729.0,533.0,7.7140486976927045,53.55969945855832,106.78666530596311,512.809108617259,116.35741776405277
f1_original__neural__32-16__20260924,f1_original,neural,32-16,20260924.0,1729.0,600.0,7.351160972956252,106.05403442166411,180.3448846700694,559.7337173751393,223.37808507926428
f1_original__neural__32-16__20260925,f1_original,neural,32-16,20260925.0,1729.0,567.0,5.557920343523178,68.22508541520469,136.99301601576073,636.5741341587905,135.83979501912407
f1_original__neural__32-16__20260926,f1_original,neural,32-16,20260926.0,1729.0,591.0,6.273532796697084,69.15230918204831,124.34948905134844,477.2212666399755,136.8882368924035
f1_original__neural__32__20260924,f1_original,neural,32,20260924.0,1217.0,598.0,4.791455707984059,76.5465637138914,126.43616341647588,418.13627025341793,162.10944245912728
f1_original__neural__32__20260925,f1_original,neural,32,20260925.0,1217.0,599.0,4.559734847517429,98.90810298923846,150.54069946065394,494.3956320105499,184.54736462666207
f1_original__neural__32__20260926,f1_original,neural,32,20260926.0,1217.0,597.0,4.471408299952763,73.58912012988836,125.49385183285074,504.3403343105606,152.56653693221324
f1_original__neural__512__20260924,f1_original,neural,512,20260924.0,19457.0,561.0,5.9193281096227075,50.534214208085444,107.60411165252115,482.68826204291736,113.22293435900723
f1_original__neural__512__20260925,f1_original,neural,512,20260925.0,19457.0,600.0,16.97712071223857,53.7414286365065,101.86742535646721,465.1992381828163,107.95079171020504
f1_original__neural__512__20260926,f1_original,neural,512,20260926.0,19457.0,526.0,7.104328757267094,53.79076298358338,114.29036282603242,527.1212155427529,122.0539622185661
f1_original__neural__64-32-16__20260924,f1_original,neural,64-32-16,20260924.0,4993.0,587.0,6.571896622583854,59.5645855148106,113.67062301502644,484.12832755079125,124.6953043411964
f1_original__neural__64-32-16__20260925,f1_original,neural,64-32-16,20260925.0,4993.0,559.0,7.799518763804114,69.83716245286787,139.2823642098904,583.6504647317197,147.9525824739351
f1_original__neural__64-32-16__20260926,f1_original,neural,64-32-16,20260926.0,4993.0,595.0,8.595876706344537,64.46429425123515,133.5892203919789,587.7674211224303,133.3462185201139
f1_original__neural__64-32__20260924,f1_original,neural,64-32,20260924.0,4481.0,595.0,6.8320407606958575,56.044565238295746,110.80591570956643,457.5161719958428,115.31917790564408
f1_original__neural__64-32__20260925,f1_original,neural,64-32,20260925.0,4481.0,540.0,6.52026159908904,66.72075685821004,139.09906696397837,596.5285108549247,145.49612723840966
f1_original__neural__64-32__20260926,f1_original,neural,64-32,20260926.0,4481.0,465.0,5.336118548749052,64.22474461164201,120.81359545486042,495.81922801086284,133.19815820540364
f1_original__neural__64__20260924,f1_original,neural,64,20260924.0,2433.0,599.0,6.914733191600725,68.96968261427864,118.30422700264569,504.3362302539372,137.48831904950927
f1_original__neural__64__20260925,f1_original,neural,64,20260925.0,2433.0,538.0,8.712888517087686,67.2403980584112,103.07315289811496,338.78978901179653,127.6487380444324
f1_original__neural__64__20260926,f1_original,neural,64,20260926.0,2433.0,596.0,3.349822736006837,64.39454979258525,116.67747507980238,487.8264943278991,132.1690613321967
f1_original__ridge__fixed,f1_original,ridge,fixed,,,,35.7888306682122,71.18677333161632,141.66598766418537,706.7387577960126,153.19195571379151
f1_original__xgboost__fixed,f1_original,xgboost,fixed,,,,1.576268948671015,107.26950830038032,172.45662757096193,601.7666137695314,200.31622836530704
f2_corrected_fixed__neural__1024__20260924,f2_corrected_fixed,neural,1024,20260924.0,48129.0,413.0,15.131221623873104,43.1600806995214,89.24865110290013,400.5492045948795,99.74381587210152
f2_corrected_fixed__neural__1024__20260925,f2_corrected_fixed,neural,1024,20260925.0,48129.0,220.0,15.569885520657566,54.232959867668576,94.50175527703816,455.8613660471906,92.10362461767299
f2_corrected_fixed__neural__1024__20260926,f2_corrected_fixed,neural,1024,20260926.0,48129.0,507.0,8.7967622033962,42.53336495186765,88.5034992549533,413.0537681437754,99.11358948672829
f2_corrected_fixed__neural__128-64-32-16__20260924,f2_corrected_fixed,neural,128-64-32-16,20260924.0,16769.0,300.0,18.224240555786096,60.32030544595653,126.0615606575365,547.0007297188004,130.36807153650355
f2_corrected_fixed__neural__128-64-32-16__20260925,f2_corrected_fixed,neural,128-64-32-16,20260925.0,16769.0,444.0,9.260780893235962,42.29122828187943,96.7783651390231,457.0885419477804,89.27861495404828
f2_corrected_fixed__neural__128-64-32-16__20260926,f2_corrected_fixed,neural,128-64-32-16,20260926.0,16769.0,341.0,11.802595821968275,48.1090895369401,101.96702876203744,467.1963813750963,106.1865312269682
f2_corrected_fixed__neural__128-64-32__20260924,f2_corrected_fixed,neural,128-64-32,20260924.0,16257.0,545.0,14.505930848833994,41.22399123580913,88.02072607241482,407.0920986443639,81.49084154814864
f2_corrected_fixed__neural__128-64-32__20260925,f2_corrected_fixed,neural,128-64-32,20260925.0,16257.0,363.0,9.401583693722516,44.69830251861304,102.1658939263918,456.1330930986601,96.734217335109
f2_corrected_fixed__neural__128-64-32__20260926,f2_corrected_fixed,neural,128-64-32,20260926.0,16257.0,371.0,9.130793908696672,40.78351595029268,95.0643663545473,450.56239991600705,91.99984632729358
f2_corrected_fixed__neural__128-64__20260924,f2_corrected_fixed,neural,128-64,20260924.0,14209.0,514.0,8.737140106227843,43.66275251712532,98.46245082998851,439.5493543910479,95.24488630968357
f2_corrected_fixed__neural__128-64__20260925,f2_corrected_fixed,neural,128-64,20260925.0,14209.0,465.0,7.626502039216618,44.20724538559701,97.75481054278379,450.1025934197214,99.36673802090839
f2_corrected_fixed__neural__128-64__20260926,f2_corrected_fixed,neural,128-64,20260926.0,14209.0,470.0,6.323360479224535,45.936498627481875,98.0954089368855,448.68882320238936,106.33454923231956
f2_corrected_fixed__neural__128__20260924,f2_corrected_fixed,neural,128,20260924.0,6017.0,580.0,4.028364004934398,46.28753680322671,93.08220001804975,417.4654848130981,100.28564603967685
f2_corrected_fixed__neural__128__20260925,f2_corrected_fixed,neural,128,20260925.0,6017.0,593.0,2.6505018925697112,46.80725313247862,87.20435995774962,366.8289919167619,99.70458477643217
f2_corrected_fixed__neural__128__20260926,f2_corrected_fixed,neural,128,20260926.0,6017.0,544.0,5.5001231091584515,51.035514831476235,96.7203339081312,395.12828486792887,109.24033669322353
f2_corrected_fixed__neural__16-16-16-16-16-16-16-16-16-16__20260924,f2_corrected_fixed,neural,16-16-16-16-16-16-16-16-16-16,20260924.0,3201.0,199.0,10.830152307356945,180.1924589859077,242.72115073363568,655.2985974953885,245.11893595585062
f2_corrected_fixed__neural__16-16-16-16-16-16-16-16-16-16__20260925,f2_corrected_fixed,neural,16-16-16-16-16-16-16-16-16-16,20260925.0,3201.0,599.0,10.748392409363468,117.2122569121767,154.69534535287974,374.2784064032144,164.58517361248212
f2_corrected_fixed__neural__16-16-16-16-16-16-16-16-16-16__20260926,f2_corrected_fixed,neural,16-16-16-16-16-16-16-16-16-16,20260926.0,3201.0,273.0,29.622112411970267,192.81539053051287,291.95842725044196,1008.5373762183824,254.87822163288203
f2_corrected_fixed__neural__16-16-16-16-16__20260924,f2_corrected_fixed,neural,16-16-16-16-16,20260924.0,1841.0,599.0,7.313544563738262,54.78256182860003,108.50138001793107,497.0296098032327,115.82111020362133
f2_corrected_fixed__neural__16-16-16-16-16__20260925,f2_corrected_fixed,neural,16-16-16-16-16,20260925.0,1841.0,595.0,6.530260385138317,62.805927860272845,114.61463308897287,478.22399839607897,126.73421881760052
f2_corrected_fixed__neural__16-16-16-16-16__20260926,f2_corrected_fixed,neural,16-16-16-16-16,20260926.0,1841.0,598.0,7.600973415022806,51.149998922365405,104.05765498312958,495.85406701418924,92.49437258802651
f2_corrected_fixed__neural__16__20260924,f2_corrected_fixed,neural,16,20260924.0,753.0,592.0,6.184561869465112,56.66620095622152,94.30759656259589,354.52971849658434,107.37265444337679
f2_corrected_fixed__neural__16__20260925,f2_corrected_fixed,neural,16,20260925.0,753.0,592.0,6.831286759221508,49.04815995914231,85.479275865991,323.00670485264163,95.5785282180043
f2_corrected_fixed__neural__16__20260926,f2_corrected_fixed,neural,16,20260926.0,753.0,454.0,8.079608059618593,66.65090536523248,108.20094134987475,481.87692572293736,118.92342502297184
f2_corrected_fixed__neural__256__20260924,f2_corrected_fixed,neural,256,20260924.0,12033.0,444.0,6.6725006381725285,44.12101740182079,84.02265915562813,358.23915431641353,89.39708922632393
f2_corrected_fixed__neural__256__20260925,f2_corrected_fixed,neural,256,20260925.0,12033.0,370.0,13.015858902082734,47.148586810269556,89.56823648128703,382.46311825644807,100.68171512994351
f2_corrected_fixed__neural__256__20260926,f2_corrected_fixed,neural,256,20260926.0,12033.0,496.0,8.287213574200907,47.975355349560104,99.19143926946522,456.86554840394,102.84624068368284
f2_corrected_fixed__neural__32-16__20260924,f2_corrected_fixed,neural,32-16,20260924.0,2017.0,576.0,4.572373413086398,50.104372000683824,94.32375038556222,368.9341742007009,99.70245377652493
f2_corrected_fixed__neural__32-16__20260925,f2_corrected_fixed,neural,32-16,20260925.0,2017.0,555.0,4.331788973446856,56.328761560431154,98.51405640957391,421.9193494374358,113.86228847983695
f2_corrected_fixed__neural__32-16__20260926,f2_corrected_fixed,neural,32-16,20260926.0,2017.0,596.0,5.700900276811174,58.979033320414416,104.09589113484591,401.4361359173363,93.86564594018266
f2_corrected_fixed__neural__32__20260924,f2_corrected_fixed,neural,32,20260924.0,1505.0,587.0,5.363436464247706,61.71005466952651,99.99965025984427,403.460608209828,110.53634827511067
f2_corrected_fixed__neural__32__20260925,f2_corrected_fixed,neural,32,20260925.0,1505.0,598.0,3.6490499711166455,71.52871358300851,122.19176077267294,493.96248921006827,147.4288951800367
f2_corrected_fixed__neural__32__20260926,f2_corrected_fixed,neural,32,20260926.0,1505.0,343.0,5.053254905534414,63.20061745409439,103.29399684274708,377.46183261326314,118.51058656091185
f2_corrected_fixed__neural__512__20260924,f2_corrected_fixed,neural,512,20260924.0,24065.0,256.0,18.305384363189386,52.56221357917857,100.03815803560167,487.8462386718088,87.47989666835477
f2_corrected_fixed__neural__512__20260925,f2_corrected_fixed,neural,512,20260925.0,24065.0,518.0,10.153692620763605,42.058175225904016,93.76207755600221,428.5963498770743,92.41187889663787
f2_corrected_fixed__neural__512__20260926,f2_corrected_fixed,neural,512,20260926.0,24065.0,277.0,15.820039235947883,52.2524775987793,90.58395895611763,344.10365273636216,106.45551690747011
f2_corrected_fixed__neural__64-32-16__20260924,f2_corrected_fixed,neural,64-32-16,20260924.0,5569.0,443.0,5.968315047247114,46.67952186517626,99.52137048406166,463.93168858250965,98.10484105884282
f2_corrected_fixed__neural__64-32-16__20260925,f2_corrected_fixed,neural,64-32-16,20260925.0,5569.0,493.0,5.859444937452636,44.243808520183634,100.20768920027487,484.7240113540761,92.21251222363769
f2_corrected_fixed__neural__64-32-16__20260926,f2_corrected_fixed,neural,64-32-16,20260926.0,5569.0,599.0,7.016594674621821,55.51678775391905,105.67146848728505,462.01993544174775,109.35048391126907
f2_corrected_fixed__neural__64-32__20260924,f2_corrected_fixed,neural,64-32,20260924.0,5057.0,566.0,9.18427269891594,44.47515849022532,89.81246049324997,414.0570028403713,94.07699085956942
f2_corrected_fixed__neural__64-32__20260925,f2_corrected_fixed,neural,64-32,20260925.0,5057.0,564.0,8.782216940434024,50.99930961354119,107.45214567683298,485.88884443031884,107.44497751577275
f2_corrected_fixed__neural__64-32__20260926,f2_corrected_fixed,neural,64-32,20260926.0,5057.0,578.0,5.841886276513529,46.5650435344702,98.60229807461354,429.4135111834603,103.5911757996286
f2_corrected_fixed__neural__64__20260924,f2_corrected_fixed,neural,64,20260924.0,3009.0,600.0,4.756958702771032,57.61883631300954,96.02311659345551,408.0357753363205,109.60030416055979
f2_corrected_fixed__neural__64__20260925,f2_corrected_fixed,neural,64,20260925.0,3009.0,499.0,7.637107019219676,69.57641104174851,117.38085805198003,469.3769943682855,126.53583096529837
f2_corrected_fixed__neural__64__20260926,f2_corrected_fixed,neural,64,20260926.0,3009.0,599.0,4.8987183409069495,57.42350931221598,101.21309853547231,410.5121294790006,113.19999312539167
f2_corrected_fixed__ridge__fixed,f2_corrected_fixed,ridge,fixed,,,,26.39768078972139,72.90343039818507,135.9123889580546,591.1988217404078,170.7623472920862
f2_corrected_fixed__xgboost__fixed,f2_corrected_fixed,xgboost,fixed,,,,1.2730649581167293,91.47656388619258,171.84388907604915,720.9487426757814,175.5764790018165
f2_corrected_learned__neural__1024__20260924,f2_corrected_learned,neural,1024,20260924.0,48129.0,489.0,9.640605180596594,35.75900510219261,76.11615904536097,385.8240219360973,72.61743259815995
f2_corrected_learned__neural__1024__20260925,f2_corrected_learned,neural,1024,20260925.0,48129.0,386.0,7.966416032148776,36.270214384572256,69.07340067922186,345.45343743763533,73.5393949633544
f2_corrected_learned__neural__1024__20260926,f2_corrected_learned,neural,1024,20260926.0,48129.0,146.0,33.481766251740005,60.34841294579708,87.57534517761455,349.8969297391759,98.14400398118899
f2_corrected_learned__neural__128-64-32-16__20260924,f2_corrected_learned,neural,128-64-32-16,20260924.0,16769.0,471.0,16.482586378835585,44.53378923847789,90.42965235467538,434.70231504422645,97.66301832317845
f2_corrected_learned__neural__128-64-32-16__20260925,f2_corrected_learned,neural,128-64-32-16,20260925.0,16769.0,402.0,6.5326419473990125,40.05766845993334,93.23288096483954,492.8879437360456,83.97622801288593
f2_corrected_learned__neural__128-64-32-16__20260926,f2_corrected_learned,neural,128-64-32-16,20260926.0,16769.0,411.0,12.256099978412553,42.68417874583342,87.12708784399912,427.5892167108691,96.45832074665557
f2_corrected_learned__neural__128-64-32__20260924,f2_corrected_learned,neural,128-64-32,20260924.0,16257.0,470.0,8.467072592563252,43.417750270528856,94.46966655194406,458.3995742363941,96.11364702005449
f2_corrected_learned__neural__128-64-32__20260925,f2_corrected_learned,neural,128-64-32,20260925.0,16257.0,363.0,10.379041660234988,45.1398188256936,91.94246872194897,455.00599075212176,95.39251223381312
f2_corrected_learned__neural__128-64-32__20260926,f2_corrected_learned,neural,128-64-32,20260926.0,16257.0,337.0,8.374148669797751,38.690213750308665,83.19462366449419,423.5904887465813,82.19987479248405
f2_corrected_learned__neural__128-64__20260924,f2_corrected_learned,neural,128-64,20260924.0,14209.0,547.0,12.372550343291191,40.01536251911185,81.82242621081122,397.6701375223447,84.44701592144773
f2_corrected_learned__neural__128-64__20260925,f2_corrected_learned,neural,128-64,20260925.0,14209.0,562.0,5.262570389557856,40.78858555272502,88.63768734761659,462.48753237897745,83.16156959576809
f2_corrected_learned__neural__128-64__20260926,f2_corrected_learned,neural,128-64,20260926.0,14209.0,580.0,9.148776004781183,40.60806966840515,82.63149102446131,410.65959529611155,90.98642732657547
f2_corrected_learned__neural__128__20260924,f2_corrected_learned,neural,128,20260924.0,6017.0,571.0,5.562494411067116,45.40574761833822,93.86955742973913,461.63731815896654,97.41413842403456
f2_corrected_learned__neural__128__20260925,f2_corrected_learned,neural,128,20260925.0,6017.0,490.0,6.064424467647357,41.031979607439105,70.64951694895356,335.52796696012774,71.46034109179428
f2_corrected_learned__neural__128__20260926,f2_corrected_learned,neural,128,20260926.0,6017.0,520.0,6.522207294957324,49.61814966288224,88.03198159993646,386.2629508838977,98.40862119186396
f2_corrected_learned__neural__16-16-16-16-16-16-16-16-16-16__20260924,f2_corrected_learned,neural,16-16-16-16-16-16-16-16-16-16,20260924.0,3201.0,113.0,16.28792718275737,183.86760262189296,254.08702091308444,832.6401279700849,269.3463746883593
f2_corrected_learned__neural__16-16-16-16-16-16-16-16-16-16__20260925,f2_corrected_learned,neural,16-16-16-16-16-16-16-16-16-16,20260925.0,3201.0,593.0,13.058427756611021,122.58527928647719,173.95150242557074,429.3802878276107,168.92202254133187
f2_corrected_learned__neural__16-16-16-16-16-16-16-16-16-16__20260926,f2_corrected_learned,neural,16-16-16-16-16-16-16-16-16-16,20260926.0,3201.0,33.0,74.34320360015862,219.4565844074548,309.6378472622735,783.4760536842377,265.10940904469174
f2_corrected_learned__neural__16-16-16-16-16__20260924,f2_corrected_learned,neural,16-16-16-16-16,20260924.0,1841.0,595.0,5.49852659385678,50.6700745508159,108.19899398735714,544.9947479070738,98.27162794409631
f2_corrected_learned__neural__16-16-16-16-16__20260925,f2_corrected_learned,neural,16-16-16-16-16,20260925.0,1841.0,592.0,6.294812613608333,59.93890648501967,103.63620146292277,448.3542117882889,116.30581662978058
f2_corrected_learned__neural__16-16-16-16-16__20260926,f2_corrected_learned,neural,16-16-16-16-16,20260926.0,1841.0,320.0,6.762849218437316,111.46479346112919,163.34400877905503,597.7714473499059,170.63123937109452
f2_corrected_learned__neural__16__20260924,f2_corrected_learned,neural,16,20260924.0,753.0,588.0,5.036675807411291,54.79062557730311,92.96755943773464,418.30444798066355,99.56130340633037
f2_corrected_learned__neural__16__20260925,f2_corrected_learned,neural,16,20260925.0,753.0,558.0,6.062335209596838,50.44153048202946,95.85764298709277,398.6215976936146,106.45194815442198
f2_corrected_learned__neural__16__20260926,f2_corrected_learned,neural,16,20260926.0,753.0,598.0,5.8280248978348945,56.22026542683374,94.47182578964792,431.61771779421133,103.2265364708898
f2_corrected_learned__neural__256__20260924,f2_corrected_learned,neural,256,20260924.0,12033.0,467.0,15.004291240426461,38.2379517440438,62.12509147449011,282.24694130906437,74.79298874539548
f2_corrected_learned__neural__256__20260925,f2_corrected_learned,neural,256,20260925.0,12033.0,441.0,14.511499145563961,37.972998773479425,70.55390355332932,342.9788144436734,86.36292958498795
f2_corrected_learned__neural__256__20260926,f2_corrected_learned,neural,256,20260926.0,12033.0,467.0,6.231759549463656,37.72786215316879,79.88008372856285,420.2384422746022,71.44178139501413
f2_corrected_learned__neural__32-16__20260924,f2_corrected_learned,neural,32-16,20260924.0,2017.0,600.0,4.660074995956708,55.221952209851246,98.61259007634365,454.0753771728132,95.92555817530926
f2_corrected_learned__neural__32-16__20260925,f2_corrected_learned,neural,32-16,20260925.0,2017.0,593.0,4.544631058132753,50.33941734262784,85.02361881544718,417.1470152752722,85.1530411981073
f2_corrected_learned__neural__32-16__20260926,f2_corrected_learned,neural,32-16,20260926.0,2017.0,586.0,4.302795472326218,62.57181040037334,98.11056694695208,433.88955891680007,97.40007974527713
f2_corrected_learned__neural__32__20260924,f2_corrected_learned,neural,32,20260924.0,1505.0,600.0,3.994512126451186,58.74564282106423,99.85956825345993,467.7943700364508,96.87228912122389
f2_corrected_learned__neural__32__20260925,f2_corrected_learned,neural,32,20260925.0,1505.0,597.0,3.958179016081247,60.628289649179514,103.36475035357975,500.86494382923865,114.37717475300735
f2_corrected_learned__neural__32__20260926,f2_corrected_learned,neural,32,20260926.0,1505.0,444.0,8.288394540892012,50.35094697986073,90.89455865080761,395.31814103083616,99.93462441646953
f2_corrected_learned__neural__512__20260924,f2_corrected_learned,neural,512,20260924.0,24065.0,320.0,11.555906152411797,41.82147780309032,83.2456090191248,436.8591250100899,82.23910834805888
f2_corrected_learned__neural__512__20260925,f2_corrected_learned,neural,512,20260925.0,24065.0,496.0,13.598288861148047,33.450986890034436,65.46618300965423,346.71207469743695,60.710903237441904
f2_corrected_learned__neural__512__20260926,f2_corrected_learned,neural,512,20260926.0,24065.0,288.0,21.531538186448223,43.85224777188569,71.71681389509473,317.9590920064711,80.05394975272273
f2_corrected_learned__neural__64-32-16__20260924,f2_corrected_learned,neural,64-32-16,20260924.0,5569.0,508.0,6.880265091454563,44.38663632185593,97.20016272555814,503.32533373953083,84.4569307712042
f2_corrected_learned__neural__64-32-16__20260925,f2_corrected_learned,neural,64-32-16,20260925.0,5569.0,532.0,6.998806525487017,44.02061795976697,94.4145292786441,480.0997413961022,86.6870718066972
f2_corrected_learned__neural__64-32-16__20260926,f2_corrected_learned,neural,64-32-16,20260926.0,5569.0,599.0,3.624149416434606,48.81120950699802,87.01400606105223,431.6275833107675,87.81798667259957
f2_corrected_learned__neural__64-32__20260924,f2_corrected_learned,neural,64-32,20260924.0,5057.0,586.0,4.021786389019237,46.28399875653887,92.20133140229672,456.38080615638046,91.22207494708849
f2_corrected_learned__neural__64-32__20260925,f2_corrected_learned,neural,64-32,20260925.0,5057.0,591.0,7.701670974269894,48.213176219020795,100.37186226331123,505.0322029410845,101.01236021753269
f2_corrected_learned__neural__64-32__20260926,f2_corrected_learned,neural,64-32,20260926.0,5057.0,567.0,5.422581103384686,45.97763427997156,96.30308676537504,454.5516254512713,89.66032491057133
f2_corrected_learned__neural__64__20260924,f2_corrected_learned,neural,64,20260924.0,3009.0,598.0,6.349568234579678,48.58034544196109,78.94042013678634,337.9270110738298,92.64152027663364
f2_corrected_learned__neural__64__20260925,f2_corrected_learned,neural,64,20260925.0,3009.0,599.0,3.186992938263372,57.01354942412303,101.44306965960902,438.9890489889385,98.40658167656288
f2_corrected_learned__neural__64__20260926,f2_corrected_learned,neural,64,20260926.0,3009.0,597.0,6.407178206728169,54.5805640887996,89.69501884171144,378.8846376272095,103.66623817968245
f2_corrected_learned__ridge__fixed,f2_corrected_learned,ridge,fixed,,,,23.00360588572462,47.484905534381205,89.76647572428962,483.1544796225753,87.0026281518069
f2_corrected_learned__xgboost__fixed,f2_corrected_learned,xgboost,fixed,,,,1.2956272514558902,62.32021505618959,131.51750744375977,569.2639282226564,118.46012114397612
f3_cubic_fixed__neural__1024__20260924,f3_cubic_fixed,neural,1024,20260924.0,46081.0,341.0,11.01095284849458,29.89409609225862,51.44638442206518,232.5802571861759,59.841515332244875
f3_cubic_fixed__neural__1024__20260925,f3_cubic_fixed,neural,1024,20260925.0,46081.0,415.0,4.87389679300029,32.01156120708105,70.02929455761121,331.74100215663475,70.64367099138845
f3_cubic_fixed__neural__1024__20260926,f3_cubic_fixed,neural,1024,20260926.0,46081.0,462.0,4.371500330657639,34.367367746362724,79.72319717418767,394.8634162740609,77.28409331206252
f3_cubic_fixed__neural__128-64-32-16__20260924,f3_cubic_fixed,neural,128-64-32-16,20260924.0,16513.0,449.0,5.217467601988904,36.417619190615675,87.68292659259306,397.66039685569876,82.42831678286514
f3_cubic_fixed__neural__128-64-32-16__20260925,f3_cubic_fixed,neural,128-64-32-16,20260925.0,16513.0,326.0,5.69048587524486,45.76253907485289,105.20131261345071,511.7886798758168,103.951660045364
f3_cubic_fixed__neural__128-64-32-16__20260926,f3_cubic_fixed,neural,128-64-32-16,20260926.0,16513.0,514.0,5.670298536187604,37.07812755715311,88.08701753236076,423.4315245009293,86.27843442529323
f3_cubic_fixed__neural__128-64-32__20260924,f3_cubic_fixed,neural,128-64-32,20260924.0,16001.0,393.0,6.180088333729242,41.45995227268724,88.0818902943539,393.67209434050164,95.64000264685902
f3_cubic_fixed__neural__128-64-32__20260925,f3_cubic_fixed,neural,128-64-32,20260925.0,16001.0,347.0,6.468225752405956,37.020641722000406,84.53244699822716,402.42020408773396,83.30507105850755
f3_cubic_fixed__neural__128-64-32__20260926,f3_cubic_fixed,neural,128-64-32,20260926.0,16001.0,339.0,8.391899644668099,34.89383039313549,82.88703952594027,409.43287867116214,72.79767235420954
f3_cubic_fixed__neural__128-64__20260924,f3_cubic_fixed,neural,128-64,20260924.0,13953.0,573.0,5.198994596442032,38.89168012083994,84.77829065803027,379.1159824654428,83.20757825191448
f3_cubic_fixed__neural__128-64__20260925,f3_cubic_fixed,neural,128-64,20260925.0,13953.0,552.0,6.802017147290683,35.08291554954411,84.60106443419274,414.7650021423801,70.63617124414876
f3_cubic_fixed__neural__128-64__20260926,f3_cubic_fixed,neural,128-64,20260926.0,13953.0,424.0,5.070840828182674,41.95646357245079,85.98393327528022,406.47401351276085,92.64274794243958
f3_cubic_fixed__neural__128__20260924,f3_cubic_fixed,neural,128,20260924.0,5761.0,595.0,8.644019221301141,35.93635762820711,65.8153752833654,261.57751391112924,74.23786418364298
f3_cubic_fixed__neural__128__20260925,f3_cubic_fixed,neural,128,20260925.0,5761.0,599.0,4.470594351965089,38.18867725679617,77.0067085871106,371.99726183537905,73.4024685263828
f3_cubic_fixed__neural__128__20260926,f3_cubic_fixed,neural,128,20260926.0,5761.0,528.0,8.516890287235144,38.62559577484998,78.57900688714298,349.46617625624367,83.42794960534782
f3_cubic_fixed__neural__16-16-16-16-16-16-16-16-16-16__20260924,f3_cubic_fixed,neural,16-16-16-16-16-16-16-16-16-16,20260924.0,3169.0,67.0,32.69880594596047,217.75711507107494,322.05923493330585,871.7072109328415,339.8785321821503
f3_cubic_fixed__neural__16-16-16-16-16-16-16-16-16-16__20260925,f3_cubic_fixed,neural,16-16-16-16-16-16-16-16-16-16,20260925.0,3169.0,591.0,12.50831800870178,67.39270432124889,109.00174432172868,466.61194293416565,118.00560884299304
f3_cubic_fixed__neural__16-16-16-16-16-16-16-16-16-16__20260926,f3_cubic_fixed,neural,16-16-16-16-16-16-16-16-16-16,20260926.0,3169.0,581.0,10.465200505483166,55.020518874781736,91.36305397954494,345.06831023519953,97.44250047900498
f3_cubic_fixed__neural__16-16-16-16-16__20260924,f3_cubic_fixed,neural,16-16-16-16-16,20260924.0,1809.0,599.0,6.329609471913636,40.378292532343416,75.2473971309246,366.79689734434214,75.70942988544643
f3_cubic_fixed__neural__16-16-16-16-16__20260925,f3_cubic_fixed,neural,16-16-16-16-16,20260925.0,1809.0,467.0,6.288854314991665,50.86975200650621,88.03624752283805,409.2095884374953,87.3671630219724
f3_cubic_fixed__neural__16-16-16-16-16__20260926,f3_cubic_fixed,neural,16-16-16-16-16,20260926.0,1809.0,594.0,6.339761327606044,49.847579971005764,93.47598813724292,416.7581521790821,98.78123163501358
f3_cubic_fixed__neural__16__20260924,f3_cubic_fixed,neural,16,20260924.0,721.0,589.0,7.139436758227872,71.59354333106845,90.96964361342481,191.00521514653474,110.72250956764124
f3_cubic_fixed__neural__16__20260925,f3_cubic_fixed,neural,16,20260925.0,721.0,595.0,6.402027707961893,68.50470170635998,113.9280523021643,469.64891920428454,125.59763392928512
f3_cubic_fixed__neural__16__20260926,f3_cubic_fixed,neural,16,20260926.0,721.0,598.0,5.967056887327499,85.63210666828985,136.0634993755881,596.1790006390079,162.12411301931408
f3_cubic_fixed__neural__256__20260924,f3_cubic_fixed,neural,256,20260924.0,11521.0,450.0,7.041234623930229,35.39405063259953,80.04649609045363,405.2375680573314,69.90857535582752
f3_cubic_fixed__neural__256__20260925,f3_cubic_fixed,neural,256,20260925.0,11521.0,580.0,4.6797627861158775,38.35627154393726,69.95925450528823,301.49751949675556,84.49054777315398
f3_cubic_fixed__neural__256__20260926,f3_cubic_fixed,neural,256,20260926.0,11521.0,487.0,12.056170942998689,39.04474429445757,72.68111337845048,333.46451366060455,77.3031797196217
f3_cubic_fixed__neural__32-16__20260924,f3_cubic_fixed,neural,32-16,20260924.0,1953.0,599.0,3.7951387115682533,44.138298329115955,83.98327633846853,356.87767420889577,88.41566464048303
f3_cubic_fixed__neural__32-16__20260925,f3_cubic_fixed,neural,32-16,20260925.0,1953.0,595.0,4.3195562739176685,47.554691113552465,90.77955868493429,402.4912003958593,109.228271694935
f3_cubic_fixed__neural__32-16__20260926,f3_cubic_fixed,neural,32-16,20260926.0,1953.0,600.0,4.075388422799116,45.74116587451524,92.37189053605663,428.7414043924264,97.14669323330322
f3_cubic_fixed__neural__32__20260924,f3_cubic_fixed,neural,32,20260924.0,1441.0,591.0,4.342600075406998,61.657516551209376,97.67564350691389,431.3511761353061,103.04540449314605
f3_cubic_fixed__neural__32__20260925,f3_cubic_fixed,neural,32,20260925.0,1441.0,593.0,3.269993293347969,50.828751539521775,86.89805182302943,309.386802710188,108.71215555067756
f3_cubic_fixed__neural__32__20260926,f3_cubic_fixed,neural,32,20260926.0,1441.0,585.0,4.501421224704335,45.5755441822909,89.45344815326106,424.2031765003949,92.27622761428513
f3_cubic_fixed__neural__512__20260924,f3_cubic_fixed,neural,512,20260924.0,23041.0,256.0,20.026435300018136,47.41579858122552,69.63278500389075,284.7257111825202,82.05790755772497
f3_cubic_fixed__neural__512__20260925,f3_cubic_fixed,neural,512,20260925.0,23041.0,512.0,7.1893190476511615,37.15659421902316,78.38589552044118,352.0425163233076,85.12578189816993
f3_cubic_fixed__neural__512__20260926,f3_cubic_fixed,neural,512,20260926.0,23041.0,598.0,9.217450032212595,38.673017814515816,81.25752305847924,380.6700066951744,80.04998211456655
f3_cubic_fixed__neural__64-32-16__20260924,f3_cubic_fixed,neural,64-32-16,20260924.0,5441.0,468.0,9.903156289681792,36.82805637059525,73.31572636971164,315.14693063905634,70.54751455635936
f3_cubic_fixed__neural__64-32-16__20260925,f3_cubic_fixed,neural,64-32-16,20260925.0,5441.0,539.0,7.942128227885479,35.77659075281613,83.64257948151472,408.27087483999594,73.77809829737309
f3_cubic_fixed__neural__64-32-16__20260926,f3_cubic_fixed,neural,64-32-16,20260926.0,5441.0,600.0,2.8686307659380743,59.56822511137754,110.79768277915144,484.39962028316995,124.99592107732833
f3_cubic_fixed__neural__64-32__20260924,f3_cubic_fixed,neural,64-32,20260924.0,4929.0,577.0,5.273340384041424,39.85350735645978,85.84174857577077,401.9915887090783,83.1723331635584
f3_cubic_fixed__neural__64-32__20260925,f3_cubic_fixed,neural,64-32,20260925.0,4929.0,515.0,4.870616491952103,39.621289865501325,86.06135023089652,399.0263480746712,84.70513967567331
f3_cubic_fixed__neural__64-32__20260926,f3_cubic_fixed,neural,64-32,20260926.0,4929.0,573.0,6.100751559345884,44.90318212298151,90.8410615605443,424.52810950862977,95.96400079723698
f3_cubic_fixed__neural__64__20260924,f3_cubic_fixed,neural,64,20260924.0,2881.0,599.0,8.737776734810064,35.62270655739207,64.09624354037496,296.93606283624104,72.33663491993626
f3_cubic_fixed__neural__64__20260925,f3_cubic_fixed,neural,64,20260925.0,2881.0,594.0,3.7006744617904324,48.18074160046182,87.58488442340958,347.8956881323538,93.92667001642664
f3_cubic_fixed__neural__64__20260926,f3_cubic_fixed,neural,64,20260926.0,2881.0,36.0,43.20048538519566,75.30759970527167,107.88902153660278,261.6079179883691,91.80640146169732
f3_cubic_fixed__ridge__fixed,f3_cubic_fixed,ridge,fixed,,,,20.16578555892042,41.10526445420374,80.7743719905497,415.66639245754686,80.60416070290951
f3_cubic_fixed__xgboost__fixed,f3_cubic_fixed,xgboost,fixed,,,,1.3147900955461282,77.25139498087177,161.26590374637098,701.3193481445314,153.84775738316415
f3_cubic_learned__neural__1024__20260924,f3_cubic_learned,neural,1024,20260924.0,46081.0,321.0,5.367716969576839,29.8362954419515,54.746046294454004,272.4548939520241,56.86821182790442
f3_cubic_learned__neural__1024__20260925,f3_cubic_learned,neural,1024,20260925.0,46081.0,409.0,10.544279476397644,28.785911781559754,54.335121314304864,272.64668935605187,57.46613145947852
f3_cubic_learned__neural__1024__20260926,f3_cubic_learned,neural,1024,20260926.0,46081.0,421.0,4.975945909342195,32.21172896224098,65.45214918591763,346.6039809594017,69.38130564485955
f3_cubic_learned__neural__128-64-32-16__20260924,f3_cubic_learned,neural,128-64-32-16,20260924.0,16513.0,408.0,6.132838276950901,38.67204511334403,86.04636819890581,442.55037612007345,80.23816402218075
f3_cubic_learned__neural__128-64-32-16__20260925,f3_cubic_learned,neural,128-64-32-16,20260925.0,16513.0,440.0,7.810799299448231,39.41307799974761,84.35221887882841,415.05244930492336,82.41883010376849
f3_cubic_learned__neural__128-64-32-16__20260926,f3_cubic_learned,neural,128-64-32-16,20260926.0,16513.0,421.0,5.346760852710972,39.769025747577636,85.77866786077766,414.1455427933979,85.68345385096173
f3_cubic_learned__neural__128-64-32__20260924,f3_cubic_learned,neural,128-64-32,20260924.0,16001.0,529.0,11.741604880702344,38.21130397814212,84.78099698876723,428.08605938248184,83.64616761952091
f3_cubic_learned__neural__128-64-32__20260925,f3_cubic_learned,neural,128-64-32,20260925.0,16001.0,342.0,8.365836409716263,40.001198582299196,80.40378647972494,403.00374296311065,82.46213086417588
f3_cubic_learned__neural__128-64-32__20260926,f3_cubic_learned,neural,128-64-32,20260926.0,16001.0,317.0,5.841771834627901,36.69689323470411,71.32841104949246,352.27666072194825,66.62582579593997
f3_cubic_learned__neural__128-64__20260924,f3_cubic_learned,neural,128-64,20260924.0,13953.0,400.0,9.446897915330153,42.905773213444874,77.69744110269518,351.88755056620084,72.1835451309802
f3_cubic_learned__neural__128-64__20260925,f3_cubic_learned,neural,128-64,20260925.0,13953.0,561.0,6.580227654186624,35.00484866504656,80.19003901934192,408.50070499494586,69.5668945240906
f3_cubic_learned__neural__128-64__20260926,f3_cubic_learned,neural,128-64,20260926.0,13953.0,471.0,10.288599785919454,38.084671924003004,79.04661174805547,398.5368244716424,79.8684615666494
f3_cubic_learned__neural__128__20260924,f3_cubic_learned,neural,128,20260924.0,5761.0,571.0,4.593064571322764,31.76736363933817,60.72903333948162,283.26141228955294,57.44522338744812
f3_cubic_learned__neural__128__20260925,f3_cubic_learned,neural,128,20260925.0,5761.0,527.0,24.252849833405154,44.80255643774644,74.51191643059124,343.22844266310767,75.5636609308489
f3_cubic_learned__neural__128__20260926,f3_cubic_learned,neural,128,20260926.0,5761.0,396.0,5.660106078983807,41.1815263072033,77.2537944910577,370.82080154602227,79.0222947970027
f3_cubic_learned__neural__16-16-16-16-16-16-16-16-16-16__20260924,f3_cubic_learned,neural,16-16-16-16-16-16-16-16-16-16,20260924.0,3169.0,599.0,8.487775565727818,61.63269795091932,121.65788913871305,543.7400081091464,121.10052506488691
f3_cubic_learned__neural__16-16-16-16-16-16-16-16-16-16__20260925,f3_cubic_learned,neural,16-16-16-16-16-16-16-16-16-16,20260925.0,3169.0,304.0,20.56742405903411,142.7262860955359,201.66296414902757,752.2434590248499,187.5385407191204
f3_cubic_learned__neural__16-16-16-16-16-16-16-16-16-16__20260926,f3_cubic_learned,neural,16-16-16-16-16-16-16-16-16-16,20260926.0,3169.0,582.0,12.489140279099665,59.248138436311386,95.01880110459507,357.93592843052147,98.0389810778072
f3_cubic_learned__neural__16-16-16-16-16__20260924,f3_cubic_learned,neural,16-16-16-16-16,20260924.0,1809.0,600.0,8.690765591399696,37.96705812659251,76.13815686335658,413.3520174345331,68.30178201628793
f3_cubic_learned__neural__16-16-16-16-16__20260925,f3_cubic_learned,neural,16-16-16-16-16,20260925.0,1809.0,595.0,6.955372405175345,59.34969447532257,109.90599969759428,529.8742155141153,104.47985848382288
f3_cubic_learned__neural__16-16-16-16-16__20260926,f3_cubic_learned,neural,16-16-16-16-16,20260926.0,1809.0,231.0,8.137045947426206,81.90537006136562,126.02277493375448,425.9580076732208,114.34308244406323
f3_cubic_learned__neural__16__20260924,f3_cubic_learned,neural,16,20260924.0,721.0,532.0,7.1417208216645385,55.419650077103036,73.07607533040576,143.4570074054809,71.12715723646474
f3_cubic_learned__neural__16__20260925,f3_cubic_learned,neural,16,20260925.0,721.0,597.0,6.714254850895779,59.159371810017305,94.84798775284366,360.1730120412258,104.56810877663418
f3_cubic_learned__neural__16__20260926,f3_cubic_learned,neural,16,20260926.0,721.0,594.0,5.221019465531197,81.1199058040824,129.07274010997168,571.7855227409254,149.74915881096143
f3_cubic_learned__neural__256__20260924,f3_cubic_learned,neural,256,20260924.0,11521.0,589.0,8.884537712111115,34.049938892761915,78.64563377016044,408.27185016269914,71.29628679704875
f3_cubic_learned__neural__256__20260925,f3_cubic_learned,neural,256,20260925.0,11521.0,556.0,24.471430969340545,38.03072165718457,56.0986907020862,176.45341284461847,78.10222043214308
f3_cubic_learned__neural__256__20260926,f3_cubic_learned,neural,256,20260926.0,11521.0,452.0,13.226413502515962,37.49987420444513,65.0277707665339,296.1961896601133,77.1659155014945
f3_cubic_learned__neural__32-16__20260924,f3_cubic_learned,neural,32-16,20260924.0,1953.0,598.0,4.320579313442953,47.06763862076648,94.59496839594004,443.3712786652277,97.87002042349653
f3_cubic_learned__neural__32-16__20260925,f3_cubic_learned,neural,32-16,20260925.0,1953.0,593.0,4.3165054185009515,46.24922814896524,78.2990070813564,356.16523391468854,98.28452733664653
f3_cubic_learned__neural__32-16__20260926,f3_cubic_learned,neural,32-16,20260926.0,1953.0,600.0,4.617777577052249,42.89181112006051,84.18165869626644,415.1856223665236,85.47554685650367
f3_cubic_learned__neural__32__20260924,f3_cubic_learned,neural,32,20260924.0,1441.0,593.0,3.6760821658326446,54.26061276049945,90.55379164865266,402.8428744474977,91.29825230476841
f3_cubic_learned__neural__32__20260925,f3_cubic_learned,neural,32,20260925.0,1441.0,598.0,4.413183524007599,42.96058917021911,68.82988581431607,261.3405008205118,76.6309683707218
f3_cubic_learned__neural__32__20260926,f3_cubic_learned,neural,32,20260926.0,1441.0,588.0,4.401469596341425,51.176420146514296,91.60663353085702,401.78779933156875,102.52613256420214
f3_cubic_learned__neural__512__20260924,f3_cubic_learned,neural,512,20260924.0,23041.0,454.0,13.365820709629778,30.886740653584855,57.632155115737795,302.76916974353526,58.33432271944749
f3_cubic_learned__neural__512__20260925,f3_cubic_learned,neural,512,20260925.0,23041.0,353.0,13.387535600457827,33.14272845392405,56.91618700121743,236.39948135259783,64.57228054984519
f3_cubic_learned__neural__512__20260926,f3_cubic_learned,neural,512,20260926.0,23041.0,203.0,23.004564003789664,53.87046780123215,87.980981637393,407.3111699813994,89.41216015076073
f3_cubic_learned__neural__64-32-16__20260924,f3_cubic_learned,neural,64-32-16,20260924.0,5441.0,553.0,7.026931488529224,34.12816333182568,71.72171047520366,360.0014893259877,65.6066122366543
f3_cubic_learned__neural__64-32-16__20260925,f3_cubic_learned,neural,64-32-16,20260925.0,5441.0,481.0,5.582118905419317,34.051323596544826,69.42220828472088,359.5940996633235,66.69674038638702
f3_cubic_learned__neural__64-32-16__20260926,f3_cubic_learned,neural,64-32-16,20260926.0,5441.0,597.0,3.9363503385254104,59.964811427192856,110.05906062646925,499.63490494348207,121.45960571410623
f3_cubic_learned__neural__64-32__20260924,f3_cubic_learned,neural,64-32,20260924.0,4929.0,579.0,4.920763161589397,39.93770899016808,82.71564861219208,401.90859823965957,86.18604673380482
f3_cubic_learned__neural__64-32__20260925,f3_cubic_learned,neural,64-32,20260925.0,4929.0,586.0,8.21984472445854,35.558245630481984,74.11916751379734,380.66646596282044,72.76885955137139
f3_cubic_learned__neural__64-32__20260926,f3_cubic_learned,neural,64-32,20260926.0,4929.0,560.0,7.017578686430141,42.933783880443045,95.44159430897626,470.51718825419084,86.37213255041107
f3_cubic_learned__neural__64__20260924,f3_cubic_learned,neural,64,20260924.0,2881.0,599.0,5.103377827107986,36.380088463406196,65.17789844288467,302.3159607892112,73.50125060898688
f3_cubic_learned__neural__64__20260925,f3_cubic_learned,neural,64,20260925.0,2881.0,574.0,15.24417641116775,42.98202734133903,73.21849803001474,326.01829485726694,74.71108418273762
f3_cubic_learned__neural__64__20260926,f3_cubic_learned,neural,64,20260926.0,2881.0,56.0,29.247333264998826,84.0099579493798,119.52692968886771,333.4631193409732,111.13127565925899
f3_cubic_learned__ridge__fixed,f3_cubic_learned,ridge,fixed,,,,21.009764813843145,37.55209326936853,75.74500747629047,414.5267777534773,62.59601953989806
f3_cubic_learned__xgboost__fixed,f3_cubic_learned,xgboost,fixed,,,,0.9557879425758582,57.38716585709397,123.2867164449401,544.9174926757814,106.76757225027616
