scenario_id,run_id,scenario_family_id,seed,split,status,failure_reason,ardupilot_commit,patch_hash,parameter_file_hash,scenario_fingerprint,distance_m,bearing_deg,decision_altitude_m,wind_speed_m_s,wind_direction_deg,payload_mass_kg,turbulence_m_s,observation_window_s,started_unix_s,ended_unix_s,raw_log_path
confirm-h-0001,confirm-h-0001-run-001,confirm-h-0001-family,872890650191889313,test,completed,,d12a8f8997634cee977581cbaa5548c04facc1f5,6c58c27282539d3519962692d87bdfaba41ce01b094a18e3956a3473bb14fe20,2f5ce03671f92bfca42dabff69a505058fb52e27086fafbd86a866f5b4af27cf,aff0151d5222d654d1f0b419d6a1c831c967bb27257fc0ed2b11f5393db3f8ca,270.656593702397,176.27735555761333,80.11390771155217,4.661857973977243,326.6382216832483,0.4207043681585826,0.0,10.0,2026-09-23T21:02:47.788840+00:00,2026-09-23T21:04:49.965719+00:00,data/raw/confirm-h-0001-run-001/logs/00000001.BIN
confirm-h-0002,confirm-h-0002-run-001,confirm-h-0002-family,4110318248018062193,test,completed,,d12a8f8997634cee977581cbaa5548c04facc1f5,6c58c27282539d3519962692d87bdfaba41ce01b094a18e3956a3473bb14fe20,2f5ce03671f92bfca42dabff69a505058fb52e27086fafbd86a866f5b4af27cf,f81ca44a9b93d5a8eb3769207e93ccc0bff3dd179bf1f8a3df1ef38ee8037702,851.7280153300721,264.4218066076276,74.49999490914294,4.074688538738645,70.84842122776837,0.13071330190110542,0.0,10.0,2026-09-23T21:02:47.794586+00:00,2026-09-23T21:05:53.715680+00:00,data/raw/confirm-h-0002-run-001/logs/00000001.BIN
confirm-h-0003,confirm-h-0003-run-001,confirm-h-0003-family,6433711846997765290,test,completed,,d12a8f8997634cee977581cbaa5548c04facc1f5,6c58c27282539d3519962692d87bdfaba41ce01b094a18e3956a3473bb14fe20,2f5ce03671f92bfca42dabff69a505058fb52e27086fafbd86a866f5b4af27cf,0e99916ac495d4af4169f620efb4f1db71cc97c4b81fdc49d0b6415ad72a2bed,1337.199326058513,36.80107839136042,38.6164343903223,4.894278496255643,226.5943701019338,0.8876470131424158,0.0,10.0,2026-09-23T21:04:49.968500+00:00,2026-09-23T21:08:28.569946+00:00,data/raw/confirm-h-0003-run-001/logs/00000001.BIN
confirm-h-0004,confirm-h-0004-run-001,confirm-h-0004-family,676664450602682762,test,completed,,d12a8f8997634cee977581cbaa5548c04facc1f5,6c58c27282539d3519962692d87bdfaba41ce01b094a18e3956a3473bb14fe20,2f5ce03671f92bfca42dabff69a505058fb52e27086fafbd86a866f5b4af27cf,7cb4d7f0c39e436f308b9b832f3a9a82f08391dcf17a7ae58707079a77425026,676.6581646004942,324.1574023014443,35.39277250749105,5.1869481381566445,167.66824126881932,0.7087760589387118,0.0,10.0,2026-09-23T21:05:53.718263+00:00,2026-09-23T21:08:21.895680+00:00,data/raw/confirm-h-0004-run-001/logs/00000001.BIN
confirm-h-0005,confirm-h-0005-run-001,confirm-h-0005-family,5306607312061805810,test,completed,,d12a8f8997634cee977581cbaa5548c04facc1f5,6c58c27282539d3519962692d87bdfaba41ce01b094a18e3956a3473bb14fe20,2f5ce03671f92bfca42dabff69a505058fb52e27086fafbd86a866f5b4af27cf,0c99bd4e9898c85e3a7ec64c830695fd039ff58f23aa7e0194bd0bf459650187,620.6515972751331,105.81006612840773,44.58246785672433,5.517928821422579,284.891195387691,0.6353405155554113,0.0,10.0,2026-09-23T21:08:21.898193+00:00,2026-09-23T21:10:56.428016+00:00,data/raw/confirm-h-0005-run-001/logs/00000001.BIN
confirm-h-0006,confirm-h-0006-run-001,confirm-h-0006-family,9216290821915724351,test,completed,,d12a8f8997634cee977581cbaa5548c04facc1f5,6c58c27282539d3519962692d87bdfaba41ce01b094a18e3956a3473bb14fe20,2f5ce03671f92bfca42dabff69a505058fb52e27086fafbd86a866f5b4af27cf,c230304b40c4a928a378ce7e259955c0b2a3823b6075ee02461d0f91dfb005eb,1123.9624141719316,75.02891943773793,49.557695070648656,4.058545572393889,255.0702100303031,0.6276344939075919,0.0,10.0,2026-09-23T21:08:28.572309+00:00,2026-09-23T21:11:57.576515+00:00,data/raw/confirm-h-0006-run-001/logs/00000001.BIN
confirm-h-0007,confirm-h-0007-run-001,confirm-h-0007-family,7437517461254905811,test,completed,,d12a8f8997634cee977581cbaa5548c04facc1f5,6c58c27282539d3519962692d87bdfaba41ce01b094a18e3956a3473bb14fe20,2f5ce03671f92bfca42dabff69a505058fb52e27086fafbd86a866f5b4af27cf,8f48318a880cec79950900a3c455c5d8aa9798c2e8295da516e16b3391dd03b3,757.6124538193646,244.70171690695062,76.17908461743244,4.18494873238433,77.62933025128387,0.5906420563287696,0.0,10.0,2026-09-23T21:10:56.430464+00:00,2026-09-23T21:13:49.639163+00:00,data/raw/confirm-h-0007-run-001/logs/00000001.BIN
confirm-h-0008,confirm-h-0008-run-001,confirm-h-0008-family,423069495580055288,test,completed,,d12a8f8997634cee977581cbaa5548c04facc1f5,6c58c27282539d3519962692d87bdfaba41ce01b094a18e3956a3473bb14fe20,2f5ce03671f92bfca42dabff69a505058fb52e27086fafbd86a866f5b4af27cf,0117ccaf7013af8e57b0eeb71798a88dce686afbd08db237966be08166b2ac6d,395.0846104638556,94.05932767342003,31.189283313422816,5.596215070814186,263.2718189728869,0.9944797012434695,0.0,10.0,2026-09-23T21:11:57.578701+00:00,2026-09-23T21:13:50.821826+00:00,data/raw/confirm-h-0008-run-001/logs/00000001.BIN
confirm-h-0009,confirm-h-0009-run-001,confirm-h-0009-family,5193208787350974779,test,completed,,d12a8f8997634cee977581cbaa5548c04facc1f5,6c58c27282539d3519962692d87bdfaba41ce01b094a18e3956a3473bb14fe20,2f5ce03671f92bfca42dabff69a505058fb52e27086fafbd86a866f5b4af27cf,2eb6060d450b0f03de5dc8a9334426191542130f908a18ac842b29163cbb36aa,538.9484460971828,190.5517622333512,102.69840985570504,4.991525696174943,17.92597823646946,0.9177786063652925,0.0,10.0,2026-09-23T21:13:49.642368+00:00,2026-09-23T21:16:33.620854+00:00,data/raw/confirm-h-0009-run-001/logs/00000001.BIN
confirm-h-0010,confirm-h-0010-run-001,confirm-h-0010-family,6182603371944032958,test,completed,,d12a8f8997634cee977581cbaa5548c04facc1f5,6c58c27282539d3519962692d87bdfaba41ce01b094a18e3956a3473bb14fe20,2f5ce03671f92bfca42dabff69a505058fb52e27086fafbd86a866f5b4af27cf,33697ab8137003397f38d31066822096c877a857a1886cdcb1d3ed2e32c1fcc0,1003.0945817515156,336.5382936669799,56.324751039734906,4.423352310141511,181.66852069937977,0.3961297750311034,0.0,10.0,2026-09-23T21:13:50.825624+00:00,2026-09-23T21:17:02.985016+00:00,data/raw/confirm-h-0010-run-001/logs/00000001.BIN
confirm-h-0011,confirm-h-0011-run-001,confirm-h-0011-family,6524096291203558732,test,completed,,d12a8f8997634cee977581cbaa5548c04facc1f5,6c58c27282539d3519962692d87bdfaba41ce01b094a18e3956a3473bb14fe20,2f5ce03671f92bfca42dabff69a505058fb52e27086fafbd86a866f5b4af27cf,1db0702104c6eed59e7e62f3dc8995d606ba882afdfb33f6328a13650af1632f,1425.4041220690144,204.4769988913101,93.26572591848175,4.358321958691837,14.666646287517892,0.24042667609894627,0.0,10.0,2026-09-23T21:16:33.623211+00:00,2026-09-23T21:20:56.059612+00:00,data/raw/confirm-h-0011-run-001/logs/00000001.BIN
confirm-h-0012,confirm-h-0012-run-001,confirm-h-0012-family,4180314465511455890,test,completed,,d12a8f8997634cee977581cbaa5548c04facc1f5,6c58c27282539d3519962692d87bdfaba41ce01b094a18e3956a3473bb14fe20,2f5ce03671f92bfca42dabff69a505058fb52e27086fafbd86a866f5b4af27cf,462cae9e5bb41961db7d3f31774389d154ee6d22b9b76ad369a1e46b1a1fcc9e,220.05407450773586,231.27532024064305,67.09022785503896,5.028687633604629,44.86277254736342,0.06122144515434381,0.0,10.0,2026-09-23T21:17:02.988149+00:00,2026-09-23T21:18:55.515967+00:00,data/raw/confirm-h-0012-run-001/logs/00000001.BIN
confirm-h-0013,confirm-h-0013-run-001,confirm-h-0013-family,1265566170457663767,test,completed,,d12a8f8997634cee977581cbaa5548c04facc1f5,6c58c27282539d3519962692d87bdfaba41ce01b094a18e3956a3473bb14fe20,2f5ce03671f92bfca42dabff69a505058fb52e27086fafbd86a866f5b4af27cf,f5dce85417068fb276983063e02fcd8b939102a743b77fa67e01f83b2553baf6,807.8283821683276,4.115552692249493,57.282766440811244,5.838337597508831,195.32865069509214,0.4814630895329883,0.0,10.0,2026-09-23T21:18:55.517999+00:00,2026-09-23T21:22:06.118883+00:00,data/raw/confirm-h-0013-run-001/logs/00000001.BIN
confirm-h-0014,confirm-h-0014-run-001,confirm-h-0014-family,5726407074001243843,test,completed,,d12a8f8997634cee977581cbaa5548c04facc1f5,6c58c27282539d3519962692d87bdfaba41ce01b094a18e3956a3473bb14fe20,2f5ce03671f92bfca42dabff69a505058fb52e27086fafbd86a866f5b4af27cf,eed3573e4b87c8b55c9429cc7a4255570f83e0dcf8f59255c540fefa268d9433,1280.5278846184776,298.81693037817354,65.59910750030775,5.41505931594942,121.51433291980874,0.7956373889893184,0.0,10.0,2026-09-23T21:20:56.061834+00:00,2026-09-23T21:24:58.933122+00:00,data/raw/confirm-h-0014-run-001/logs/00000001.BIN
confirm-h-0015,confirm-h-0015-run-001,confirm-h-0015-family,5696397397572297902,test,completed,,d12a8f8997634cee977581cbaa5548c04facc1f5,6c58c27282539d3519962692d87bdfaba41ce01b094a18e3956a3473bb14fe20,2f5ce03671f92bfca42dabff69a505058fb52e27086fafbd86a866f5b4af27cf,876ffda2ea90271c353a022e3529362117b76e2ee30ded338425283f26a1dfa5,296.300752033112,67.41182926059302,114.51363639765302,4.680092898765306,262.4263060340923,0.282810578433751,0.0,10.0,2026-09-23T21:22:06.121373+00:00,2026-09-23T21:24:29.840338+00:00,data/raw/confirm-h-0015-run-001/logs/00000001.BIN
confirm-h-0016,confirm-h-0016-run-001,confirm-h-0016-family,4356882891319280479,test,completed,,d12a8f8997634cee977581cbaa5548c04facc1f5,6c58c27282539d3519962692d87bdfaba41ce01b094a18e3956a3473bb14fe20,2f5ce03671f92bfca42dabff69a505058fb52e27086fafbd86a866f5b4af27cf,92d5c3c11e44a4db052e4faab6719e02c67bac58c373ad2d8584c5b294f7f3f0,1082.947573159362,193.0852756770471,41.88178159462618,5.974969540893443,29.792321082120054,0.687042941450061,0.0,10.0,2026-09-23T21:24:29.842431+00:00,2026-09-23T21:28:09.155981+00:00,data/raw/confirm-h-0016-run-001/logs/00000001.BIN
confirm-h-0017,confirm-h-0017-run-001,confirm-h-0017-family,5457281846897741675,test,completed,,d12a8f8997634cee977581cbaa5548c04facc1f5,6c58c27282539d3519962692d87bdfaba41ce01b094a18e3956a3473bb14fe20,2f5ce03671f92bfca42dabff69a505058fb52e27086fafbd86a866f5b4af27cf,f84297b0c44af5e76a769c1273df9f6afc35ac74159dbeceb91ad4ab22a2419f,1499.049309549148,143.3254397996906,47.751452883970906,4.493104853495552,304.4818701107901,0.5311767752437669,0.0,10.0,2026-09-23T21:24:58.935282+00:00,2026-09-23T21:29:04.356506+00:00,data/raw/confirm-h-0017-run-001/logs/00000001.BIN
confirm-h-0018,confirm-h-0018-run-001,confirm-h-0018-family,461901578393816930,test,completed,,d12a8f8997634cee977581cbaa5548c04facc1f5,6c58c27282539d3519962692d87bdfaba41ce01b094a18e3956a3473bb14fe20,2f5ce03671f92bfca42dabff69a505058fb52e27086fafbd86a866f5b4af27cf,e8ac69bf562cf68a4a14cf72d9da92f1e6c2cfaddc8b6a82876254b03184f657,788.6516436583628,350.578408108362,112.59059993171931,5.794300006561784,144.4396517945894,0.460090408711085,0.0,10.0,2026-09-23T21:28:09.158208+00:00,2026-09-23T21:31:41.601083+00:00,data/raw/confirm-h-0018-run-001/logs/00000001.BIN
confirm-h-0019,confirm-h-0019-run-001,confirm-h-0019-family,2268304394172837184,test,completed,,d12a8f8997634cee977581cbaa5548c04facc1f5,6c58c27282539d3519962692d87bdfaba41ce01b094a18e3956a3473bb14fe20,2f5ce03671f92bfca42dabff69a505058fb52e27086fafbd86a866f5b4af27cf,fd4b44ea04f6e292a2731d34f5b782e37b7d7ca1a4be0d75ab2d9780984c7992,1189.8499987482915,285.6976981689564,91.00394875675514,4.591174640978896,132.7893185720186,0.18031769192827932,0.0,10.0,2026-09-23T21:29:04.359074+00:00,2026-09-23T21:33:02.821578+00:00,data/raw/confirm-h-0019-run-001/logs/00000001.BIN
confirm-h-0020,confirm-h-0020-run-001,confirm-h-0020-family,5635353566632652355,test,completed,,d12a8f8997634cee977581cbaa5548c04facc1f5,6c58c27282539d3519962692d87bdfaba41ce01b094a18e3956a3473bb14fe20,2f5ce03671f92bfca42dabff69a505058fb52e27086fafbd86a866f5b4af27cf,3018e818f4557f403c37e364bc0d556c6fd7f18b31ca71dc8abc9440c4c962f1,696.9006229182912,127.6156781356997,84.09967444454591,5.322271911744359,326.66273844821313,0.01706035583826711,0.0,10.0,2026-09-23T21:31:41.603200+00:00,2026-09-23T21:34:52.257741+00:00,data/raw/confirm-h-0020-run-001/logs/00000001.BIN
confirm-h-0021,confirm-h-0021-run-001,confirm-h-0021-family,5791947126617072614,test,completed,,d12a8f8997634cee977581cbaa5548c04facc1f5,6c58c27282539d3519962692d87bdfaba41ce01b094a18e3956a3473bb14fe20,2f5ce03671f92bfca42dabff69a505058fb52e27086fafbd86a866f5b4af27cf,c1a3eb293ad0e97837b177f8f5bb6ba13d2b470ddced5090db3520fb6389050e,548.8265898417828,111.83831293688823,89.88399092773415,5.359083378890334,286.0654224749519,0.7589911374381623,0.0,10.0,2026-09-23T21:33:02.824925+00:00,2026-09-23T21:35:43.085267+00:00,data/raw/confirm-h-0021-run-001/logs/00000001.BIN
confirm-h-0022,confirm-h-0022-run-001,confirm-h-0022-family,4614730183389014366,test,completed,,d12a8f8997634cee977581cbaa5548c04facc1f5,6c58c27282539d3519962692d87bdfaba41ce01b094a18e3956a3473bb14fe20,2f5ce03671f92bfca42dabff69a505058fb52e27086fafbd86a866f5b4af27cf,34e48822784987aacfc9493ef9fbf5a27edfa2418371ff3a2c1a87f367182183,457.42671828343975,52.355394946347936,98.29703440298778,4.862859440052227,218.34282824457793,0.14412787163521806,0.0,10.0,2026-09-23T21:34:52.261075+00:00,2026-09-23T21:37:30.476231+00:00,data/raw/confirm-h-0022-run-001/logs/00000001.BIN
confirm-h-0023,confirm-h-0023-run-001,confirm-h-0023-family,3041858527067184123,test,completed,,d12a8f8997634cee977581cbaa5548c04facc1f5,6c58c27282539d3519962692d87bdfaba41ce01b094a18e3956a3473bb14fe20,2f5ce03671f92bfca42dabff69a505058fb52e27086fafbd86a866f5b4af27cf,9e268cba3b80dc4577651bec8bdc74e030c111bfb8642e05850a8b2a6ccfb13f,1370.2970693651366,159.5659990544165,119.37327425803072,5.707188813098062,344.84558486241065,0.3294377832299043,0.0,10.0,2026-09-23T21:35:43.087655+00:00,2026-09-23T21:40:35.399696+00:00,data/raw/confirm-h-0023-run-001/logs/00000001.BIN
confirm-h-0024,confirm-h-0024-run-001,confirm-h-0024-family,5961194776243389417,test,completed,,d12a8f8997634cee977581cbaa5548c04facc1f5,6c58c27282539d3519962692d87bdfaba41ce01b094a18e3956a3473bb14fe20,2f5ce03671f92bfca42dabff69a505058fb52e27086fafbd86a866f5b4af27cf,25bb33ffca94f3f1ac1a7049e92ec7a89c9f618070aadd58530ca1f1c928f39f,1026.6552963359425,217.99862711475677,52.96200812430605,4.738407234144032,67.90245683310093,0.9455582292350393,0.0,10.0,2026-09-23T21:37:30.479537+00:00,2026-09-23T21:40:38.190647+00:00,data/raw/confirm-h-0024-run-001/logs/00000001.BIN
confirm-h-0025,confirm-h-0025-run-001,confirm-h-0025-family,697782392386074987,test,completed,,d12a8f8997634cee977581cbaa5548c04facc1f5,6c58c27282539d3519962692d87bdfaba41ce01b094a18e3956a3473bb14fe20,2f5ce03671f92bfca42dabff69a505058fb52e27086fafbd86a866f5b4af27cf,43492534b192003f7a2160d14e18f26f8b8fd8be4b71ce26c0b797a44865bcb5,1230.5818984275131,300.88548826628266,61.45916286823712,5.631793027150243,118.10692098804788,0.3451733040581141,0.0,10.0,2026-09-23T21:40:35.404510+00:00,2026-09-23T21:44:33.571356+00:00,data/raw/confirm-h-0025-run-001/logs/00000001.BIN
confirm-h-0026,confirm-h-0026-run-001,confirm-h-0026-family,4558622359058496591,test,completed,,d12a8f8997634cee977581cbaa5548c04facc1f5,6c58c27282539d3519962692d87bdfaba41ce01b094a18e3956a3473bb14fe20,2f5ce03671f92bfca42dabff69a505058fb52e27086fafbd86a866f5b4af27cf,bfc3241e78521703201929c2b78200ffd9a6f2a8ce6edbc89788248bb4387f36,487.90116341018523,315.9542234269084,107.45235039023403,5.1004160760844135,112.46441315577584,0.8548537221169561,0.0,10.0,2026-09-23T21:40:38.193225+00:00,2026-09-23T21:43:18.813871+00:00,data/raw/confirm-h-0026-run-001/logs/00000001.BIN
confirm-h-0027,confirm-h-0027-run-001,confirm-h-0027-family,456375325325158976,test,completed,,d12a8f8997634cee977581cbaa5548c04facc1f5,6c58c27282539d3519962692d87bdfaba41ce01b094a18e3956a3473bb14fe20,2f5ce03671f92bfca42dabff69a505058fb52e27086fafbd86a866f5b4af27cf,69a1fc64c2a85925b8718649d177459defc70f4088c7235b6dc3bfb18ea4920b,343.3304076472415,150.6144595600379,99.1974972526018,5.877530494015523,306.4001645631153,0.20776840131458515,0.0,10.0,2026-09-23T21:43:18.816352+00:00,2026-09-23T21:45:48.531776+00:00,data/raw/confirm-h-0027-run-001/logs/00000001.BIN
confirm-h-0028,confirm-h-0028-run-001,confirm-h-0028-family,264517620346300631,test,completed,,d12a8f8997634cee977581cbaa5548c04facc1f5,6c58c27282539d3519962692d87bdfaba41ce01b094a18e3956a3473bb14fe20,2f5ce03671f92bfca42dabff69a505058fb52e27086fafbd86a866f5b4af27cf,b4021a1401de1dde8c3946d4150a7648d40035014eeafbb00a9eb41944d2808b,944.352306499406,35.39761834024003,109.67734891257004,5.245456374148784,194.38585501784493,0.08486712763480467,0.0,10.0,2026-09-23T21:44:33.573708+00:00,2026-09-23T21:48:27.019427+00:00,data/raw/confirm-h-0028-run-001/logs/00000001.BIN
confirm-h-0029,confirm-h-0029-run-001,confirm-h-0029-family,7077415914190992858,test,completed,,d12a8f8997634cee977581cbaa5548c04facc1f5,6c58c27282539d3519962692d87bdfaba41ce01b094a18e3956a3473bb14fe20,2f5ce03671f92bfca42dabff69a505058fb52e27086fafbd86a866f5b4af27cf,4ffc9e171387474de7a294bdde1e919076bd0fdb5219641103107663453ceb28,1322.2261717070487,260.3596716762416,82.46785110744476,4.266885886333202,63.84246901151852,0.5336657200273954,0.0,10.0,2026-09-23T21:45:48.534256+00:00,2026-09-23T21:49:46.211045+00:00,data/raw/confirm-h-0029-run-001/logs/00000001.BIN
confirm-h-0030,confirm-h-0030-run-001,confirm-h-0030-family,6428007247621171696,test,completed,,d12a8f8997634cee977581cbaa5548c04facc1f5,6c58c27282539d3519962692d87bdfaba41ce01b094a18e3956a3473bb14fe20,2f5ce03671f92bfca42dabff69a505058fb52e27086fafbd86a866f5b4af27cf,055cda98ed7746ffd4b9a1fde3f373cc12295448e8336fbb844ec8c367078d6c,930.8693182244606,15.171274096442541,71.80282261357416,4.204431843996906,216.38726205811395,0.830549384052622,0.0,10.0,2026-09-23T21:48:27.023930+00:00,2026-09-23T21:51:32.693674+00:00,data/raw/confirm-h-0030-run-001/logs/00000001.BIN
confirm-g-0001,confirm-g-0001-run-001,confirm-g-0001-family,4511305580674310689,test,completed,,d12a8f8997634cee977581cbaa5548c04facc1f5,6c58c27282539d3519962692d87bdfaba41ce01b094a18e3956a3473bb14fe20,2f5ce03671f92bfca42dabff69a505058fb52e27086fafbd86a866f5b4af27cf,6dbeef8034f2d11fc4146682a4d1c1d7fea1acbb4095b8719b08ab46e091f404,312.8131469623371,132.6095952659898,36.07312723391523,3.584456128493747,202.69675749711504,0.4313751860396603,0.0,10.0,2026-09-23T21:49:46.213188+00:00,2026-09-23T21:51:26.875110+00:00,data/raw/confirm-g-0001-run-001/logs/00000001.BIN
confirm-g-0002,confirm-g-0002-run-001,confirm-g-0002-family,8375556437193660849,test,completed,,d12a8f8997634cee977581cbaa5548c04facc1f5,6c58c27282539d3519962692d87bdfaba41ce01b094a18e3956a3473bb14fe20,2f5ce03671f92bfca42dabff69a505058fb52e27086fafbd86a866f5b4af27cf,6808cb58428049bb05c021353981affb8c78a0de1ba937732548866a8e434399,882.7003442523226,174.22507649492945,54.50039712633668,2.9934985448594715,113.20543231149269,0.11494561321798402,0.0,10.0,2026-09-23T21:51:26.878102+00:00,2026-09-23T21:54:18.286237+00:00,data/raw/confirm-g-0002-run-001/logs/00000001.BIN
confirm-g-0003,confirm-g-0003-run-001,confirm-g-0003-family,5985124885291597080,test,completed,,d12a8f8997634cee977581cbaa5548c04facc1f5,6c58c27282539d3519962692d87bdfaba41ce01b094a18e3956a3473bb14fe20,2f5ce03671f92bfca42dabff69a505058fb52e27086fafbd86a866f5b4af27cf,f2287d6080986c61b4e92337b063e6899ddbebe43c588abd9fde174444566e0b,548.9058918303733,210.88475482423445,83.70994035450559,2.1344975507849244,292.85632474663504,0.05642868264369092,0.0,10.0,2026-09-23T21:51:32.697257+00:00,2026-09-23T21:54:00.875901+00:00,data/raw/confirm-g-0003-run-001/logs/00000001.BIN
confirm-g-0004,confirm-g-0004-run-001,confirm-g-0004-family,2408277331457867490,test,completed,,d12a8f8997634cee977581cbaa5548c04facc1f5,6c58c27282539d3519962692d87bdfaba41ce01b094a18e3956a3473bb14fe20,2f5ce03671f92bfca42dabff69a505058fb52e27086fafbd86a866f5b4af27cf,729f4fd38b2ab063196a060b14d4db61ccdf45801ee02e6fe4b1a9539db0da1e,919.4783336127718,16.048349295950953,78.17312609514693,4.0045856861101505,253.2397841379523,0.6950337030196266,0.0,10.0,2026-09-23T21:54:00.879189+00:00,2026-09-23T21:57:02.996520+00:00,data/raw/confirm-g-0004-run-001/logs/00000001.BIN
confirm-g-0005,confirm-g-0005-run-001,confirm-g-0005-family,2949921749584739748,test,completed,,d12a8f8997634cee977581cbaa5548c04facc1f5,6c58c27282539d3519962692d87bdfaba41ce01b094a18e3956a3473bb14fe20,2f5ce03671f92bfca42dabff69a505058fb52e27086fafbd86a866f5b4af27cf,f88ed7ffaf29d7ca31565fbe6aaed84c6629c11393f32df2790917fd3e20339d,1078.1553415617873,11.117507063649937,103.24376476169664,2.7507422330534705,328.9546056875921,0.5782298893022173,0.0,10.0,2026-09-23T21:54:18.290312+00:00,2026-09-23T21:57:53.731749+00:00,data/raw/confirm-g-0005-run-001/logs/00000001.BIN
confirm-g-0006,confirm-g-0006-run-001,confirm-g-0006-family,7589203865266424026,test,completed,,d12a8f8997634cee977581cbaa5548c04facc1f5,6c58c27282539d3519962692d87bdfaba41ce01b094a18e3956a3473bb14fe20,2f5ce03671f92bfca42dabff69a505058fb52e27086fafbd86a866f5b4af27cf,fe83ba4682a2f98a063ec176376ae7e7695823bca656e252f1ac2d184bba702a,1216.5827793708079,343.98789351338576,64.48075861728688,1.6917839002180637,159.7398546155172,0.3623130015461436,0.0,10.0,2026-09-23T21:57:02.999237+00:00,2026-09-23T22:00:33.226115+00:00,data/raw/confirm-g-0006-run-001/logs/00000001.BIN
confirm-g-0007,confirm-g-0007-run-001,confirm-g-0007-family,8849743530816360039,test,completed,,d12a8f8997634cee977581cbaa5548c04facc1f5,6c58c27282539d3519962692d87bdfaba41ce01b094a18e3956a3473bb14fe20,2f5ce03671f92bfca42dabff69a505058fb52e27086fafbd86a866f5b4af27cf,8c73c66ac86adcc933005190277e218603f0737c5da9178508f2b086dbfe0ac7,981.6283326760293,160.52709734812254,50.39758829272871,3.0245854317211354,234.0872882026974,0.47614215127549764,0.0,10.0,2026-09-23T21:57:53.734076+00:00,2026-09-23T22:00:47.825076+00:00,data/raw/confirm-g-0007-run-001/logs/00000001.BIN
confirm-g-0008,confirm-g-0008-run-001,confirm-g-0008-family,503537930708569825,test,completed,,d12a8f8997634cee977581cbaa5548c04facc1f5,6c58c27282539d3519962692d87bdfaba41ce01b094a18e3956a3473bb14fe20,2f5ce03671f92bfca42dabff69a505058fb52e27086fafbd86a866f5b4af27cf,0eb49a62aaf0bbef3855b25c10201f32ae2fe734468d36e8741eeb301ddf3afd,960.5850826860059,197.75599466148063,33.66759406365357,4.208674538849458,30.66485910019902,0.011591774362160604,0.0,10.0,2026-09-23T22:00:33.228693+00:00,2026-09-23T22:03:33.649248+00:00,data/raw/confirm-g-0008-run-001/logs/00000001.BIN
confirm-g-0009,confirm-g-0009-run-001,confirm-g-0009-family,6975106433637121201,test,completed,,d12a8f8997634cee977581cbaa5548c04facc1f5,6c58c27282539d3519962692d87bdfaba41ce01b094a18e3956a3473bb14fe20,2f5ce03671f92bfca42dabff69a505058fb52e27086fafbd86a866f5b4af27cf,ea3a74a5172508188ad4b4f38f012f3c7a92643fe2e1249ecdd948c53903374a,1184.4274722898185,151.72857755275695,66.82963986690277,1.976377804964022,307.137297811731,0.29961633166319834,0.0,10.0,2026-09-23T22:00:47.827418+00:00,2026-09-23T22:04:16.206501+00:00,data/raw/confirm-g-0009-run-001/logs/00000001.BIN
confirm-g-0010,confirm-g-0010-run-001,confirm-g-0010-family,6471648519250462224,test,completed,,d12a8f8997634cee977581cbaa5548c04facc1f5,6c58c27282539d3519962692d87bdfaba41ce01b094a18e3956a3473bb14fe20,2f5ce03671f92bfca42dabff69a505058fb52e27086fafbd86a866f5b4af27cf,3519badd763a3a720ea0072819408bcef40aec3058c86cde71824bbebba342da,1492.7354256730723,226.27249756345347,87.82497032360176,0.35572635554541376,60.59157093954687,0.50328473304324,0.0,10.0,2026-09-23T22:03:33.652397+00:00,2026-09-23T22:07:38.020773+00:00,data/raw/confirm-g-0010-run-001/logs/00000001.BIN
confirm-g-0011,confirm-g-0011-run-001,confirm-g-0011-family,5924600458695945921,test,completed,,d12a8f8997634cee977581cbaa5548c04facc1f5,6c58c27282539d3519962692d87bdfaba41ce01b094a18e3956a3473bb14fe20,2f5ce03671f92bfca42dabff69a505058fb52e27086fafbd86a866f5b4af27cf,5190ee594e71846d22f9ba752517813b0a1c4fde8736eefce33822e5eb14f348,536.6001082151203,269.39996326669404,100.68686164150907,0.9368419618359124,88.16513001107344,0.8485969739525582,0.0,10.0,2026-09-23T22:04:16.209917+00:00,2026-09-23T22:06:51.941452+00:00,data/raw/confirm-g-0011-run-001/logs/00000001.BIN
confirm-g-0012,confirm-g-0012-run-001,confirm-g-0012-family,6306110455947685936,test,completed,,d12a8f8997634cee977581cbaa5548c04facc1f5,6c58c27282539d3519962692d87bdfaba41ce01b094a18e3956a3473bb14fe20,2f5ce03671f92bfca42dabff69a505058fb52e27086fafbd86a866f5b4af27cf,22ef9870d0a5427751bbed4d9c41ee514ba5b438fe829c687abd167274c24352,1416.8148353728013,102.27319312599742,93.51633964969159,3.347630964317182,240.1131391967641,0.07650590356761523,0.0,10.0,2026-09-23T22:06:51.944628+00:00,2026-09-23T22:11:00.439450+00:00,data/raw/confirm-g-0012-run-001/logs/00000001.BIN
confirm-g-0013,confirm-g-0013-run-001,confirm-g-0013-family,8013317134144954984,test,completed,,d12a8f8997634cee977581cbaa5548c04facc1f5,6c58c27282539d3519962692d87bdfaba41ce01b094a18e3956a3473bb14fe20,2f5ce03671f92bfca42dabff69a505058fb52e27086fafbd86a866f5b4af27cf,842272c4eb112e87e65bff14d69e300bf94fcd7d1ca0113a477fcd718ac93c2e,1370.4493757637326,232.56390928197257,47.90050498887871,2.4549455193575738,152.16142214995227,0.6521816762857756,0.0,10.0,2026-09-23T22:07:38.024338+00:00,2026-09-23T22:11:09.758847+00:00,data/raw/confirm-g-0013-run-001/logs/00000001.BIN
confirm-g-0014,confirm-g-0014-run-001,confirm-g-0014-family,2788952917113716690,test,completed,,d12a8f8997634cee977581cbaa5548c04facc1f5,6c58c27282539d3519962692d87bdfaba41ce01b094a18e3956a3473bb14fe20,2f5ce03671f92bfca42dabff69a505058fb52e27086fafbd86a866f5b4af27cf,ce667cb6c3395d17397d5aef912658974743fa00e53f7bcebe844e189ddc0901,1324.3150264969138,254.14583090546046,53.865140202587796,5.624589995565161,106.38546373021558,0.13571309575726218,0.0,10.0,2026-09-23T22:11:00.443199+00:00,2026-09-23T22:15:17.892278+00:00,data/raw/confirm-g-0014-run-001/logs/00000001.BIN
confirm-g-0015,confirm-g-0015-run-001,confirm-g-0015-family,4338909634134989590,test,completed,,d12a8f8997634cee977581cbaa5548c04facc1f5,6c58c27282539d3519962692d87bdfaba41ce01b094a18e3956a3473bb14fe20,2f5ce03671f92bfca42dabff69a505058fb52e27086fafbd86a866f5b4af27cf,f970242317577585ed05d2a0371e5463fb8788ac30e3744f183793bd1ab99719,799.9522926265787,111.26563106760953,109.669892119486,3.766343131842497,212.76033508582915,0.4576743480599045,0.0,10.0,2026-09-23T22:11:09.761611+00:00,2026-09-23T22:14:16.187614+00:00,data/raw/confirm-g-0015-run-001/logs/00000001.BIN
confirm-g-0016,confirm-g-0016-run-001,confirm-g-0016-family,4450287623439282620,test,completed,,d12a8f8997634cee977581cbaa5548c04facc1f5,6c58c27282539d3519962692d87bdfaba41ce01b094a18e3956a3473bb14fe20,2f5ce03671f92bfca42dabff69a505058fb52e27086fafbd86a866f5b4af27cf,e92eefb095b5a07d6045afa65ae04be4efe496fc371bc7d9e67e0015cf1d88f2,1341.0300694424425,243.30808910138055,31.054183647058814,0.7930559297353226,312.36806716306495,0.7762955104687118,0.0,10.0,2026-09-23T22:14:16.190290+00:00,2026-09-23T22:17:36.361563+00:00,data/raw/confirm-g-0016-run-001/logs/00000001.BIN
confirm-g-0017,confirm-g-0017-run-001,confirm-g-0017-family,7121013267056438798,test,completed,,d12a8f8997634cee977581cbaa5548c04facc1f5,6c58c27282539d3519962692d87bdfaba41ce01b094a18e3956a3473bb14fe20,2f5ce03671f92bfca42dabff69a505058fb52e27086fafbd86a866f5b4af27cf,87f2f4d7be0cc020dc2e1a749c3a19d89885910f09c4ef2bde013261b56e156d,268.1110510346193,312.7707631588002,90.71231399433918,5.409536957924973,188.92607436284987,0.26334967619299043,0.0,10.0,2026-09-23T22:15:17.894983+00:00,2026-09-23T22:17:24.574739+00:00,data/raw/confirm-g-0017-run-001/logs/00000001.BIN
confirm-g-0018,confirm-g-0018-run-001,confirm-g-0018-family,2552462528149086540,test,completed,,d12a8f8997634cee977581cbaa5548c04facc1f5,6c58c27282539d3519962692d87bdfaba41ce01b094a18e3956a3473bb14fe20,2f5ce03671f92bfca42dabff69a505058fb52e27086fafbd86a866f5b4af27cf,e13986ed4d36c35586806101badfdfc546b66e2e849254fdfacf373166a5a1a0,1243.4575684585157,30.31474628559162,71.45117567964493,2.242077904015729,37.43684962936239,0.3020587631893713,0.0,10.0,2026-09-23T22:17:24.577661+00:00,2026-09-23T22:21:05.640450+00:00,data/raw/confirm-g-0018-run-001/logs/00000001.BIN
confirm-g-0019,confirm-g-0019-run-001,confirm-g-0019-family,8275747675158350469,test,completed,,d12a8f8997634cee977581cbaa5548c04facc1f5,6c58c27282539d3519962692d87bdfaba41ce01b094a18e3956a3473bb14fe20,2f5ce03671f92bfca42dabff69a505058fb52e27086fafbd86a866f5b4af27cf,bdb87cd4abe50312828a99b40fd15f74fe360adbdbec319d11d890083fdcbac7,478.3916523914184,87.04561246864974,86.05679000966633,1.0797320214745993,4.10595451250795,0.2200050120085147,0.0,10.0,2026-09-23T22:17:36.364034+00:00,2026-09-23T22:19:58.678605+00:00,data/raw/confirm-g-0019-run-001/logs/00000001.BIN
confirm-g-0020,confirm-g-0020-run-001,confirm-g-0020-family,7389138248600472135,test,completed,,d12a8f8997634cee977581cbaa5548c04facc1f5,6c58c27282539d3519962692d87bdfaba41ce01b094a18e3956a3473bb14fe20,2f5ce03671f92bfca42dabff69a505058fb52e27086fafbd86a866f5b4af27cf,642fd797bc83026350fdb43a7171be9127f0e255b84ab41a645f2accf5042f0a,628.6168166664486,74.91730996831228,60.031077900243204,1.4908687310732933,269.2759431234415,0.9367470893775202,0.0,10.0,2026-09-23T22:19:58.681305+00:00,2026-09-23T22:22:22.697079+00:00,data/raw/confirm-g-0020-run-001/logs/00000001.BIN
confirm-g-0021,confirm-g-0021-run-001,confirm-g-0021-family,7443275351885841703,test,completed,,d12a8f8997634cee977581cbaa5548c04facc1f5,6c58c27282539d3519962692d87bdfaba41ce01b094a18e3956a3473bb14fe20,2f5ce03671f92bfca42dabff69a505058fb52e27086fafbd86a866f5b4af27cf,abdbf5f4f0fc5e70577bd87784e3a9a5474bad276cf79e8b8297a2ee8c0cd97c,1111.4091933992058,276.6522074774211,77.98240897979075,4.6752680181796835,82.54701408387596,0.9883359058226252,0.0,10.0,2026-09-23T22:21:05.642588+00:00,2026-09-23T22:24:35.625172+00:00,data/raw/confirm-g-0021-run-001/logs/00000001.BIN
confirm-g-0022,confirm-g-0022-run-001,confirm-g-0022-family,5597921083658304044,test,completed,,d12a8f8997634cee977581cbaa5548c04facc1f5,6c58c27282539d3519962692d87bdfaba41ce01b094a18e3956a3473bb14fe20,2f5ce03671f92bfca42dabff69a505058fb52e27086fafbd86a866f5b4af27cf,28f365e6c291bc3fa5ee25b0a70a10448f3ab8a4b408dadeff902f3eb80e44ef,1036.8057332428527,188.29341433150307,114.29511354882928,4.8286484895733714,19.878968065477633,0.39550729229078535,0.0,10.0,2026-09-23T22:22:22.700184+00:00,2026-09-23T22:26:13.635531+00:00,data/raw/confirm-g-0022-run-001/logs/00000001.BIN
confirm-g-0023,confirm-g-0023-run-001,confirm-g-0023-family,7876200568934588669,test,completed,,d12a8f8997634cee977581cbaa5548c04facc1f5,6c58c27282539d3519962692d87bdfaba41ce01b094a18e3956a3473bb14fe20,2f5ce03671f92bfca42dabff69a505058fb52e27086fafbd86a866f5b4af27cf,87911b9b65ce42242beeb5a548ffb3a53f122ad5ac4a2c35a6d88a4b9f73f4a5,421.06132358694333,40.45846090059431,98.63213063299892,3.936709252135006,347.4532684912925,0.6006627967825666,0.0,10.0,2026-09-23T22:24:35.629173+00:00,2026-09-23T22:27:01.796694+00:00,data/raw/confirm-g-0023-run-001/logs/00000001.BIN
confirm-g-0024,confirm-g-0024-run-001,confirm-g-0024-family,6527272543175940562,test,completed,,d12a8f8997634cee977581cbaa5548c04facc1f5,6c58c27282539d3519962692d87bdfaba41ce01b094a18e3956a3473bb14fe20,2f5ce03671f92bfca42dabff69a505058fb52e27086fafbd86a866f5b4af27cf,176dc8d088fa71ba80227bce1592c0ae07474d5b82a965280a0ba672f2a3340e,634.2776587135409,311.95383468734957,74.34779072612568,4.412430924844134,223.11981408694058,0.5458713971399286,0.0,10.0,2026-09-23T22:26:13.638070+00:00,2026-09-23T22:28:46.349406+00:00,data/raw/confirm-g-0024-run-001/logs/00000001.BIN
confirm-g-0025,confirm-g-0025-run-001,confirm-g-0025-family,156084263779868692,test,completed,,d12a8f8997634cee977581cbaa5548c04facc1f5,6c58c27282539d3519962692d87bdfaba41ce01b094a18e3956a3473bb14fe20,2f5ce03671f92bfca42dabff69a505058fb52e27086fafbd86a866f5b4af27cf,5fd4bec50afe1f9faf1e9b7bd85ba93d829119a95bad51ef97f091b1db638923,360.9240624242682,60.00202553196528,59.8302072492828,1.354954261791392,53.404234419470406,0.8800206010244892,0.0,10.0,2026-09-23T22:27:01.799704+00:00,2026-09-23T22:33:11.951723+00:00,data/raw/confirm-g-0025-run-001/logs/00000001.BIN
confirm-g-0026,confirm-g-0026-run-001,confirm-g-0026-family,7893274146501482145,test,completed,,d12a8f8997634cee977581cbaa5548c04facc1f5,6c58c27282539d3519962692d87bdfaba41ce01b094a18e3956a3473bb14fe20,2f5ce03671f92bfca42dabff69a505058fb52e27086fafbd86a866f5b4af27cf,d0a7636601ab727ba47fd318829f9ac5aaa77e9aeb980ff408fec70ab1cd69d6,740.1446362354062,333.6428807368221,42.04255474186104,0.4121815626149473,132.8175211868322,0.7150590587355232,0.0,10.0,2026-09-23T22:28:46.352909+00:00,2026-09-23T23:10:23.315603+00:00,data/raw/confirm-g-0026-run-001/logs/00000001.BIN
confirm-g-0027,confirm-g-0027-run-001,confirm-g-0027-family,4094741673411141003,test,completed,,d12a8f8997634cee977581cbaa5548c04facc1f5,6c58c27282539d3519962692d87bdfaba41ce01b094a18e3956a3473bb14fe20,2f5ce03671f92bfca42dabff69a505058fb52e27086fafbd86a866f5b4af27cf,7b13b38ed36dd0f8af08e3300d375146c9b1dd3686aaf11bd25155661415e9c1,716.839991519875,128.3772277815641,105.21709283476284,5.0079843423186325,171.939445773887,0.8310262555078632,0.0,10.0,2026-09-23T22:33:11.974132+00:00,2026-09-23T23:11:17.497364+00:00,data/raw/confirm-g-0027-run-001/logs/00000001.BIN
confirm-g-0028,confirm-g-0028-run-001,confirm-g-0028-family,74037864078852105,test,completed,,d12a8f8997634cee977581cbaa5548c04facc1f5,6c58c27282539d3519962692d87bdfaba41ce01b094a18e3956a3473bb14fe20,2f5ce03671f92bfca42dabff69a505058fb52e27086fafbd86a866f5b4af27cf,1afe777dc4376193c0f779c60b2581af6c5b1a9b7e5ee867d6838cc498ac1225,839.3340120871192,359.8834840729148,117.8769648600021,5.988640191582429,131.20995724186741,0.18666456269628198,0.0,10.0,2026-09-24T00:39:50.593334+00:00,2026-09-24T00:43:27.605698+00:00,data/raw/confirm-g-0028-run-001/logs/00000001.BIN
confirm-g-0029,confirm-g-0029-run-001,confirm-g-0029-family,2464525056195496672,test,completed,,d12a8f8997634cee977581cbaa5548c04facc1f5,6c58c27282539d3519962692d87bdfaba41ce01b094a18e3956a3473bb14fe20,2f5ce03671f92bfca42dabff69a505058fb52e27086fafbd86a866f5b4af27cf,50360249325723625d0e347b3e78246fbdc8ebc707a776906e2186303075c44c,210.45792344046075,292.91751549182675,40.652441102806534,5.350005775348915,286.23295562986107,0.9226826014103188,0.0,10.0,2026-09-23T23:11:17.502753+00:00,2026-09-23T23:12:55.430832+00:00,data/raw/confirm-g-0029-run-001/logs/00000001.BIN
confirm-g-0030,confirm-g-0030-run-001,confirm-g-0030-family,785798878357537620,test,completed,,d12a8f8997634cee977581cbaa5548c04facc1f5,6c58c27282539d3519962692d87bdfaba41ce01b094a18e3956a3473bb14fe20,2f5ce03671f92bfca42dabff69a505058fb52e27086fafbd86a866f5b4af27cf,e78c0304519eb596b45853b631048d9d915a40f6d3490dd9a71ca025af689ecf,406.92713011265135,54.66808347896057,112.41876395932346,0.13857662502394077,357.2062655345166,0.7427333811808285,0.0,10.0,2026-09-23T23:12:55.434076+00:00,2026-09-23T23:15:24.287507+00:00,data/raw/confirm-g-0030-run-001/logs/00000001.BIN
