run_id,split,middle_route_duration_s,middle_route_ground_speed_m_s,median_radial_ground_speed_m_s,median_target_ground_speed_m_s,median_lean_deg,lean_near_30deg_fraction,median_altitude_delta_m,n_middle_position_samples
pipeline-0001-run-001,train,29.258846671363898,7.9103120423907045,7.931616915670827,10.518253342444295,29.989686469180246,1.0,-0.02417755126953125,293
pipeline-0002-run-001,train,57.111811048778975,9.905934846761,9.924289697399889,10.515552892544926,29.99316956581278,1.0,-0.006191253662109375,571
pipeline-0003-run-001,train,40.46254904710315,9.998147727966222,10.012645187696135,10.01304189744167,29.200954128154,0.0024691358024691358,-0.01456451416015625,405
pipeline-0004-run-001,train,87.80572858641372,8.067178999543287,8.082183823897523,10.521200236587108,29.990794305457513,1.0,-0.00896453857421875,878
pipeline-0005-run-001,train,89.60122476570149,10.009021139799634,10.007570813919635,10.00630065927116,22.858362976120866,0.0,-0.0028839111328125,896
pipeline-0006-run-001,train,71.42804992498952,10.005737651993964,10.018449661389479,10.017871572113357,25.488233835202053,0.0,-0.011640548706061793,714
pipeline-0007-run-001,train,20.162420271507358,9.591477519852749,9.615945493519504,10.508253615583282,29.98791882847982,1.0,-0.02133941650390625,202
pipeline-0008-run-001,validation,58.507610641723346,10.003745226664604,10.015004972803565,10.014642606376821,27.361104030473776,0.0,-0.004898071289069605,585
pipeline-0009-run-001,train,96.63513550094461,8.80537255747002,8.805019008167719,10.520620655033749,30.00193433224878,1.0,-0.01836395263671875,966
pipeline-0010-run-001,train,17.788805801341425,9.97925126182609,10.00911501640938,10.016267178007045,24.991656267665665,0.0,-0.022869110107436086,178
pipeline-0011-run-001,train,43.672232721770825,9.998358997988156,10.01159912244697,10.011242780730115,25.93911947721039,0.0,-0.008983612060561086,436
pipeline-0012-run-001,validation,86.34589036406993,10.008399339471696,10.009153146005712,10.007111151412285,26.742886640374945,0.0,-0.009130477905273438,864
pipeline-0013-run-001,train,38.991727721286196,9.999023627133628,9.9912814457135,9.989553393212827,7.559880204779032,0.0,0.00058746337890625,390
pipeline-0014-run-001,train,35.21067966927504,9.997013029229823,10.014967277326862,10.016489353472986,23.921867010277094,0.0,-0.01786041259765625,353
pipeline-0015-run-001,test,86.8759578589507,10.008343323931218,10.00347680144629,10.002565806782272,24.607366739342012,0.0,-0.003269195556654836,868
pipeline-0016-run-001,train,41.66560800580439,9.998251928886047,10.002106636080924,10.001480765355637,18.30466924557522,0.0,-0.007175445556640625,416
pipeline-0017-run-001,train,72.79598369601769,9.846555670103468,9.864332784355572,10.518468672570776,29.992096192561636,1.0,-0.00797271728515625,728
pipeline-0018-run-001,validation,15.947794614564188,9.985192038192553,10.008040321991732,10.028238944802379,20.069748793316272,0.0,-0.005611419677734375,160
pipeline-0019-run-001,train,32.33582740426402,9.998517888909905,10.014721770117616,10.01505433067946,27.789670056667298,0.0,-0.0189056396484375,323
pipeline-0020-run-001,test,25.569486060994677,9.995622310463107,10.01648821898139,10.018698827796129,18.35734444976681,0.0,-0.008792877197265625,255
pipeline-0021-run-001,train,12.992085686505987,9.970350289956793,10.000336850643944,10.021226329022,22.09181826342644,0.0,-0.006833076477050781,130
pipeline-0022-run-001,train,71.90155586633091,9.035601906877995,9.04559468289146,10.523611120938966,30.002524801651596,1.0,-0.0031394958496164804,719
pipeline-0023-run-001,train,66.7817845982207,7.153455533706946,7.168409012106741,10.5193246549523,29.993887468178205,1.0,-0.0143280029296875,668
pipeline-0024-run-001,train,81.17422395003086,10.007667977532176,10.000291127500912,10.000648454234831,19.961967392189333,0.0,-0.00629425048828125,812
pipeline-0025-run-001,test,15.132170157198374,9.974074801635496,10.001179446137115,10.01538328826329,24.36592146020063,0.0,-0.011899948120117188,152
pipeline-0026-run-001,train,23.53908261790943,9.959937834782549,9.985833269280839,10.262594237970939,29.98771104072777,1.0,-0.014820098876953125,235
pipeline-0027-run-001,test,89.83779993214085,10.008919851167645,9.995961015615451,9.995947007277483,13.984025883872228,0.0,-0.0018711090087890625,898
pipeline-0028-run-001,train,16.3907744523802,9.963290712228465,10.000964826548302,10.008637520076718,29.103011757223385,0.0,-0.01760101318359375,163
pipeline-0029-run-001,train,30.096709806579952,9.996837185796206,10.011306632092921,10.012681592051727,23.52159171294296,0.0,-0.020648956298828125,301
pipeline-0030-run-001,train,38.1918380977408,9.999130651953264,10.0135977008868,10.013691758460945,26.739304614438232,0.0,-0.003665924072265625,382
pipeline-0031-run-001,validation,19.72648226907387,6.249570421688942,6.274923053881979,10.514938543953257,29.991930631600034,1.0,-0.01409912109375,198
pipeline-0032-run-001,test,72.04506900604909,10.006483883758213,10.020774851444125,10.018391529071794,20.499843860919228,0.0,-0.016021728515625,721
pipeline-0033-run-001,test,51.892301321347986,8.789194525440424,8.79810132189425,10.504514397878093,29.99822232182045,1.0,-0.010372161865234375,518
pipeline-0034-run-001,train,28.36305080858267,9.994222579305669,10.012254536284335,10.012626276342326,29.0175532423827,0.0,-0.010692596435546875,283
pipeline-0035-run-001,validation,17.172899200183252,9.987329420826999,10.020614652231721,10.029921099693567,14.94174934189477,0.0,-0.007915496826186086,172
pipeline-0036-run-001,test,64.3314791687811,10.003550552836215,10.018926498961447,10.019456929480013,29.19118711077668,0.0,-0.01026153564453125,643
pipeline-0037-run-001,train,70.45267443393865,10.00559805376205,10.020011921750333,10.01956502975859,26.53800636965803,0.0,-0.005249023437507105,705
pipeline-0038-run-001,train,55.029973237065946,10.001541643722405,10.003652108530943,10.00299732429733,22.720765264840427,0.0,-0.010860443115234375,550
pipeline-0039-run-001,train,84.33772011935588,10.007810605231061,9.983408155686572,9.98270137343286,17.872481495691193,0.0,-0.00080108642578125,843
pipeline-0040-run-001,train,62.675099976518254,7.682287550100777,7.6837984973468085,10.50791601120233,30.003022437678787,1.0,-0.010280609130859375,626
pipeline-0041-run-001,test,31.465847152755344,8.602891484401622,8.625225726951157,10.542499056086362,29.99150858926372,1.0,-0.00760650634765625,315
pipeline-0042-run-001,train,61.15297903191757,8.782295912725077,8.8029585523123,10.526860843504698,29.986746465044728,1.0,-0.016082763671875,611
pipeline-0043-run-001,train,55.85188648995927,10.001857739350225,10.018424157351555,10.017922621774265,21.64065278513076,0.0,-0.00823974609375,559
pipeline-0044-run-001,validation,47.022699174014036,9.999466564672257,9.997798943722465,9.997088028294662,14.3673599829526,0.0,-0.002944946289048289,470
pipeline-0045-run-001,train,26.936834027717566,9.971240893780577,9.992195255499045,10.287022127276536,29.99153846013142,1.0,-0.0084381103515625,270
pipeline-0046-run-001,train,58.26659562393368,8.928735015302506,8.951658446335394,10.533476020022611,29.988513242608374,1.0,-0.0039520263671875,582
pipeline-0047-run-001,validation,124.86660842632847,7.096278675639988,7.081568437647684,10.501226596982313,30.010533896290504,1.0,-0.0071868896484375,1249
pipeline-0048-run-001,train,32.61513798758824,9.995972653821786,10.014910141149697,10.018206352532289,28.883289350977435,0.0,-0.00820159912110796,327
pipeline-0049-run-001,train,69.18660988041646,10.0054631231744,10.015963505750495,10.015323480723831,23.809966672508605,0.0,-0.01482391357421875,692
pipeline-0050-run-001,train,66.61253609136014,10.005926720204693,10.0228454270148,10.02091871750482,18.972598887960828,0.0,-0.002445220947265625,666
pipeline-0051-run-001,train,79.45067826444131,10.007370177654437,10.009510955415312,10.00759130705253,26.969373124075503,0.0,-0.014217376708984375,794
pipeline-0052-run-001,train,20.33362755448249,9.984057354308874,10.010917492297118,10.01920131141329,26.062184487555886,0.0,-0.023145675659179688,204
pipeline-0053-run-001,train,88.77057297185343,10.009233440747662,10.011068025551303,10.008994313552847,28.83732779683899,0.0,-0.0010833740234375,888
pipeline-0054-run-001,validation,25.946006626494523,8.323437903938759,8.343460651649668,10.522181867433005,29.989299920097217,1.0,-0.0045166015625,259
pipeline-0055-run-001,train,47.34675675718793,9.999255056088888,10.013360839375252,10.012661369656321,12.748448572962669,0.0,-0.001827239990234375,474
pipeline-0056-run-001,test,84.86090214189346,10.008387011870234,9.99080284487306,9.989674597756341,19.758206685872185,0.0,-0.0014877319336079609,849
pipeline-0057-run-001,train,43.1917143837087,9.998693024569288,10.010871758658482,10.009668291343278,26.256777352589786,0.0,-0.00746917724609375,432
pipeline-0058-run-001,validation,24.30693440699642,9.993394210049443,10.011325093920473,10.013841499430177,25.795283291125195,0.0,-0.0067596435546875,244
pipeline-0059-run-001,train,49.65461941061403,10.00019379535336,10.005284405850519,10.004436837109232,25.52430358664099,0.0,-0.009307861328125,497
pipeline-0060-run-001,train,102.93008866655981,6.7878076763213056,6.800172486904876,10.523562946185173,29.993718465946763,1.0,-0.00522613525390625,1030
pipeline-0061-run-001,train,13.973160960277525,9.972136817029032,10.005397860227973,10.03118656278971,23.106164446435102,0.0,-0.01134872436522727,140
pipeline-0062-run-001,train,66.91978491010502,8.590547690629386,8.602805517561556,10.51036763475919,29.994511568287827,1.0,-0.02047729492188921,669
pipeline-0063-run-001,train,40.04341721850352,9.998536359867513,10.004501548389474,10.003998006577326,11.423320489454937,0.0,-0.015655517578125,401
pipeline-0064-run-001,test,59.54999807902692,10.003268842089712,10.013029869476938,10.012369052540073,27.868844263360387,0.0,-0.00724029541015625,596
pipeline-0065-run-001,train,51.68408971682919,10.001014715950996,10.013803154760396,10.013314303370347,27.019195965574724,0.0,-0.0027179718017578125,517
pipeline-0066-run-001,train,12.685360474933475,9.973061074090086,10.002989966758015,10.029799928299042,15.90087002945651,0.0,-0.005867004394517039,127
pipeline-0067-run-001,test,41.722616431236645,9.904146915816405,9.917260983415167,10.511675460333437,30.00192233808017,1.0,-0.00693511962890625,418
pipeline-0068-run-001,train,69.56235656383802,10.005370961401814,10.013740268982588,10.01364800296501,15.798340628077062,0.0,-0.0022373199462890625,696
pipeline-0069-run-001,train,74.3159155164621,10.006556910771371,10.008478969239594,10.007129948463199,20.600413554845524,0.0,-0.00527191162109375,743
pipeline-0070-run-001,test,16.480111925451197,7.44742746324286,7.4768010468338115,10.484683583290865,29.992257162233088,1.0,-0.0132904052734375,165
pipeline-0071-run-001,train,16.421511656747015,9.974903982194027,10.008028416759393,10.017772401607992,27.152173547522718,0.0,-0.02465057373046875,165
pipeline-0072-run-001,train,34.413318553350166,9.998009807131885,9.998723550676676,9.999324519970937,11.339468779473899,0.0,-0.008026123046875,344
pipeline-0073-run-001,train,46.256532108957,9.998167738424465,10.012777055339754,10.013888844804763,21.52312057507093,0.0,-0.00717926025390625,463
pipeline-0074-run-001,train,54.56144984095664,10.00140503269901,10.016960005898737,10.017048638831682,18.58919235100038,0.0,-0.00656890869140625,545
pipeline-0075-run-001,train,20.825896961498913,9.98656413118625,10.010104751520945,10.015680708260735,27.519861851248358,0.0,-0.010501861572265625,208
pipeline-0076-run-001,train,22.15909136969165,9.992033870035284,10.011901893709883,10.016483451064333,17.527207915607256,0.0,-0.00823974609375,222
pipeline-0077-run-001,train,74.84090797504541,10.007096825311784,10.011781310441794,10.010395452240452,26.002056119807424,0.0,-0.005138397216796875,748
pipeline-0078-run-001,test,29.002075083786366,9.996947336173063,10.015652874718736,10.016393100597384,20.2953585486405,0.0,-0.007335662841796875,290
pipeline-0079-run-001,validation,59.953650994727866,10.003091962789563,10.010635914974593,10.009172701666806,24.615474277201464,0.0,-0.004112243652329539,600
pipeline-0080-run-001,train,51.58265183851435,7.788041101326774,7.797640086868805,10.546192734781583,30.00121262961484,1.0,-0.002506256103515625,516
pipeline-0081-run-001,validation,25.397334944807994,8.802506654990816,8.815449476839891,10.50361668379961,29.992202419683963,1.0,-0.012676239013671875,254
pipeline-0082-run-001,train,34.987340062282215,9.997664383996797,10.011113885506656,10.011750343475622,27.698326916834667,0.0,-0.004138946533203125,350
pipeline-0083-run-001,validation,60.28291633721284,10.002856152884336,10.014679453151722,10.015039989376191,28.309440784459436,0.0,-0.00107574462890625,603
pipeline-0084-run-001,test,44.785577930322034,9.998874343674238,10.011860031977312,10.011248878807038,24.31877601301764,0.0,-0.006458282470703125,448
pipeline-0085-run-001,train,68.38864530598886,6.2391776227536155,6.2358339782994,10.517358688841645,30.005837851124205,1.0,-0.009510040283203125,684
pipeline-0086-run-001,train,13.535481279747955,9.954106961096434,9.994302587268535,10.0141425684875,25.079714261180328,0.0,-0.016292572021484375,136
pipeline-0087-run-001,test,19.632221384669094,9.44688664785842,9.468292773202657,10.50743123489864,29.995875462705612,1.0,-0.005062103271484375,196
pipeline-0088-run-001,train,24.565294295758036,9.991066233886974,10.011534212669071,10.015106748238908,29.25589332066828,0.044897959183673466,-0.006561279296860789,245
pipeline-0089-run-001,train,57.211269699923804,10.002443733795795,10.007397450878177,10.006838234100782,11.832229544079862,0.0,-0.008699417114257812,572
pipeline-0090-run-001,train,42.58057374051691,9.998396869853398,10.014468597095647,10.01385416097404,26.59559935584477,0.0,-0.0213165283203125,426
pipeline-0091-run-001,test,75.14696895973466,8.326272232538313,8.343480082440893,10.547491638845376,29.987195451950086,1.0,-0.0068511962890625,752
pipeline-0092-run-001,train,53.55602607630817,9.782039790975055,9.797024719133821,10.511938719844066,29.993432570209176,1.0,-0.00553131103515625,535
pipeline-0093-run-001,train,44.70824400586545,8.395364495949842,8.419662751696992,10.53519358925908,29.989110627870655,1.0,-0.007637023925767039,447
pipeline-0094-run-001,train,78.61920398544368,9.829737037772203,9.847456586425592,10.518379476212722,29.993687060779425,1.0,-0.019756317138671875,787
pipeline-0095-run-001,test,36.60184628998198,9.998594245962547,10.010766396320896,10.009725404873919,27.58994238073624,0.0,-0.010250091552734375,366
pipeline-0096-run-001,train,19.086613167895962,9.979517204317213,10.007377744515257,10.013823239223994,29.306958098969176,0.05759162303664921,-0.007099151611328125,191
pipeline-0097-run-001,validation,86.77104668240452,10.007905870098543,9.994164404850627,9.993641013148999,9.916040379069203,0.0,-0.009037017822265625,868
pipeline-0098-run-001,train,30.720470324207128,9.996157593104021,10.01159724975911,10.0123499870856,28.692365168814998,0.0,-0.008457183837890625,308
pipeline-0099-run-001,test,78.03694792219173,10.00696170491809,10.017966179944965,10.016292786483127,29.278744320197426,0.06666666666666667,-0.000865936279296875,780
pipeline-0100-run-001,train,39.78836124733385,9.727520549074676,9.736829664353372,10.514550490701973,29.997451734194467,1.0,-0.012159347534179688,398
pipeline-0101-run-001,train,42.32697097790458,9.621995747805899,9.634134401677892,10.509907862550934,29.994662188947828,1.0,-0.0174713134765625,423
pipeline-0102-run-001,test,26.683690609418704,7.5226678275311984,7.529130430876379,10.529608348932083,30.002523151824494,1.0,-0.0023651123046875,267
pipeline-0103-run-001,train,63.35532765635074,10.003786707682004,10.017245857819812,10.017146985178316,24.208527139970414,0.0,-0.00698089599609375,633
pipeline-0104-run-001,train,62.03152698654182,7.012726818866097,7.029079090205759,10.522729456989161,29.99303095602146,1.0,-0.01041412353515625,620
pipeline-0105-run-001,test,33.542908347205895,9.997491932676041,10.013442098158869,10.013837356940693,28.813438849799553,0.0,-0.01064300537107954,335
pipeline-0106-run-001,train,56.112869646704695,10.001512970235272,10.014735680878573,10.014130270434636,24.502511254213946,0.0,-0.00481414794921875,561
pipeline-0107-run-001,train,60.81834338013158,10.003598005524868,10.015576326280367,10.01622914910243,29.432911107752904,0.20723684210526316,-0.004482269287123586,608
pipeline-0108-run-001,validation,28.553247547539883,9.995580563619647,10.010913104344507,10.013432600316715,28.244476166133122,0.0,-0.0070953369140625,285
pipeline-0109-run-001,train,66.55030628400254,10.005061673753623,9.998339575839733,9.997281260300905,11.301134641953755,0.0,-0.00862884521484375,665
pipeline-0110-run-001,train,36.17491626461771,9.998283378356843,10.01387137647542,10.013049934360668,25.55325917857582,0.0,-0.008419036865234375,362
pipeline-0111-run-001,train,44.40908191822584,9.998637574383112,10.009628867886498,10.009234887064704,26.444169209803185,0.0,-0.01074981689453125,444
pipeline-0112-run-001,train,67.56224482152177,10.004872518650552,10.016626578891131,10.016565808010478,24.278316719692167,0.0,-0.018693923950195312,675
pipeline-0113-run-001,validation,89.02518249612854,10.008533232399213,10.001256502548896,10.000608394998123,24.104346808549895,0.0,-0.00783538818359375,891
pipeline-0114-run-001,test,16.988518213315103,9.975560623794681,10.004561474021628,10.019028201373953,27.754295586781147,0.0,-0.016258239746100855,170
pipeline-0115-run-001,train,85.5344953133756,10.007763685668328,10.002439553171381,10.001666969987815,19.329919101634623,0.0,-0.00141143798828125,856
pipeline-0116-run-001,train,68.02615027334033,10.005003604967706,10.012951917204276,10.013103565268114,29.18809269291149,0.0,-0.00946807861328125,680
pipeline-0117-run-001,validation,73.83883390195547,10.007395022412382,9.985849977101584,9.985646346212437,15.15573122710847,0.0,-0.010181427001953125,738
pipeline-0118-run-001,train,61.52892585623263,8.976499104635149,8.999835645422602,10.526013981772671,29.992485757580884,1.0,-0.0105743408203125,615
pipeline-0119-run-001,train,52.75378533630297,10.001053137719794,10.014378326864051,10.013510283780551,27.972538636476887,0.0,-0.0018463134765625,528
pipeline-0120-run-001,train,77.14549288010738,10.007180206391297,10.012485390190651,10.011565805704983,17.83261484853124,0.0,-0.005359649658203125,772
pipeline-0121-run-001,validation,76.79229293785437,10.00676647320157,10.011383548605526,10.009615427586123,25.084891899578125,0.0,-0.010284423828125,768
pipeline-0122-run-001,train,54.98232035715745,7.219314275754719,7.240058752104486,10.522256521227577,29.98904016733798,1.0,-0.00897216796875,550
pipeline-0123-run-001,test,64.45277300557001,9.409353351627958,9.428566729291985,10.522914251241207,29.995662745962374,1.0,-0.005828857421875,645
pipeline-0124-run-001,train,31.090075423889914,9.998282349173158,10.011213680849844,10.010882461103133,18.140436953305965,0.0,-0.0090484619140625,311
pipeline-0125-run-001,validation,39.455558263757894,9.07752406594262,9.094004941357507,10.512707535507541,29.99654485542612,1.0,-0.003597259521484375,394
pipeline-0126-run-001,train,63.45691460195735,10.004447237877992,10.016580950423139,10.01539583648857,18.500963413108227,0.0,-0.00165557861328125,635
pipeline-0127-run-001,train,36.82543076122593,9.998571632927737,10.012777166662369,10.011633971552493,26.27307595826066,0.0,-0.018810272216796875,368
pipeline-0128-run-001,test,62.513541556585665,10.004718717515846,10.015298974804807,10.013915803772715,26.528680967940268,0.0,-0.010478973388671875,625
pipeline-0129-run-001,validation,25.972920107324995,9.994744395420724,10.010969609097074,10.012269651041818,28.038952529220616,0.0,-0.0061817169189453125,260
pipeline-0130-run-001,train,72.50778275038533,10.006155661162467,10.00741814788509,10.006752635813697,14.91719495691879,0.0,-0.015216827392578125,725
pipeline-0131-run-001,train,23.727034175244256,9.993729902639942,10.00024756306911,10.004406184411417,16.1618337548587,0.0,-0.010200500488288355,237
pipeline-0132-run-001,train,21.2534429378058,9.990786257797815,10.011173078499478,10.017763653870626,22.395040657319534,0.0,-0.013408660888657664,212
pipeline-0133-run-001,train,54.2211098920005,10.001686703171861,10.014776233154553,10.015195469482155,25.117102536739026,0.0,-0.007781982421875,542
pipeline-0134-run-001,test,64.61414087299741,10.004224721671262,10.01844021974264,10.018211242000229,28.329892033332623,0.0,-0.00110626220703125,647
pipeline-0135-run-001,train,61.93538832888285,10.004041669798841,10.012452389264995,10.011391815897897,25.226176257938896,0.0,-0.00750732421875,619
pipeline-0136-run-001,train,45.29238090964202,9.99855417411658,10.012541688264056,10.011864653002498,23.986615080205713,0.0,-0.01003265380859375,453
pipeline-0137-run-001,train,69.06086128365232,10.00513852548896,10.018046787184424,10.017598473756735,25.252519065403447,0.0,-0.0059986114501953125,690
pipeline-0138-run-001,train,18.05128258519366,9.982987783668813,10.008582088295938,10.016237626380672,25.936207234469606,0.0,-0.011074066162109375,180
pipeline-0139-run-001,train,82.47810758229326,10.007932524539962,10.006516364043343,10.005311985381482,25.137748520221393,0.0,-0.006320953369154836,824
pipeline-0140-run-001,validation,66.99525277770869,10.004009157393115,10.020411637016604,10.021446285136133,20.311316586065566,0.0,-0.00344085693359375,670
pipeline-0141-run-001,train,65.85496141899085,9.286151562976746,9.303432074262604,10.518336096329248,29.991874817963275,1.0,-0.00992584228515625,659
pipeline-0142-run-001,validation,107.8558252747581,7.267946312457277,7.269930990016237,10.49932438752381,29.999389668194507,1.0,-0.0074005126953125,1079
pipeline-0143-run-001,train,37.656803940067846,9.998620895648902,10.00703880898478,10.005823510011433,29.40033214026989,0.1246684350132626,-0.01665496826171875,377
pipeline-0144-run-001,train,63.11685721174874,10.003647977608802,10.018579546058643,10.018183471541757,28.006096262108127,0.0,-0.0095977783203125,631
pipeline-0145-run-001,train,50.07525409204652,10.000121617625792,10.015326512825574,10.015073639630211,26.938169061423622,0.0,-0.01214599609373579,501
pipeline-0146-run-001,train,70.1280943620012,10.005420187082935,10.02350690403396,10.022941869390362,29.475575790697395,0.37089871611982883,-0.01509475708008523,701
pipeline-0147-run-001,train,73.16243509028891,10.006657803265053,10.00787852708188,10.00569923164818,15.44049820218046,0.0,-0.01160430908203125,732
pipeline-0148-run-001,train,35.63248632312485,9.998812108045723,10.011474672842235,10.011297806493543,26.763750448807777,0.0,-0.010101318359375,356
pipeline-0149-run-001,validation,23.946800158024757,8.53777901345668,8.548468898659205,10.518423155046728,29.99735856580303,1.0,-0.024272918701171875,239
pipeline-0150-run-001,train,86.01035854237301,10.007931857535823,10.011748078099187,10.011386430315124,25.061490346674717,0.0,-0.005861282348639918,860
pipeline-0151-run-001,train,14.323783251345361,9.976297798382614,9.992457939666231,10.014650746811776,17.499707223229343,0.0,-0.0239715576171875,143
pipeline-0152-run-001,validation,19.639792402631556,8.914497903704646,8.933606867782252,10.51719212332673,30.002240964113962,1.0,-0.01029205322265625,196
pipeline-0153-run-001,test,57.72002809184869,10.002885630482297,10.014132172787411,10.014244733994184,28.96175208328531,0.0,-0.02053833007813921,577
pipeline-0154-run-001,validation,19.444146457628676,7.467378941299045,7.476988732436116,10.498411726411291,29.997083662022835,1.0,-0.012218475341796875,194
pipeline-0155-run-001,train,27.360033677581185,9.996374935897716,10.00761344645802,10.010439253612526,22.656904638626145,0.0,-0.016452789306640625,273
pipeline-0156-run-001,validation,71.01724828928826,10.005895746373271,10.006855467474553,10.005741935776346,19.38187911839956,0.0,-0.003356933593735789,711
pipeline-0157-run-001,test,61.8013168808489,10.003920359928516,10.015986182582461,10.015916187004336,19.598959123575913,0.0,-0.0105438232421875,618
pipeline-0158-run-001,train,32.06379636160921,9.997113503202382,10.011193884960893,10.012766958859796,25.56739073496289,0.0,-0.003551483154296875,320
pipeline-0159-run-001,train,49.98666012318691,10.000297459144083,10.014197387216,10.014180623168876,27.686664716116677,0.0,-0.002532958984375,500
pipeline-0160-run-001,train,43.935857381493946,9.998346732107908,10.010808637716666,10.010240571730872,27.203248750093366,0.0,-0.0089263916015625,440
pipeline-0161-run-001,train,73.67508005251523,10.007105477254658,10.012105858214325,10.010733380576355,27.880546441637232,0.0,-0.0084228515625,737
pipeline-0162-run-001,train,65.83948620705331,10.005267039400698,9.992954977599485,9.99259564415382,11.31770514971095,0.0,-0.01784515380859375,658
pipeline-0163-run-001,train,83.0694340929802,10.007724545597053,10.011267336113912,10.010817604090153,20.969519823226648,0.0,-0.00266265869140625,831
pipeline-0164-run-001,train,59.30617799543239,10.002946609178586,10.01437240711708,10.013919275459784,28.72564393203532,0.0,-0.00490188598633523,593
pipeline-0165-run-001,validation,23.995868219005644,9.99476107340574,10.01419312935311,10.017302186158263,19.016677903520204,0.0,-0.00563812255859375,240
pipeline-0166-run-001,train,67.20669119856498,10.0048373436056,10.018927722456375,10.01928101217711,26.696996350368774,0.0,-0.0105743408203125,672
pipeline-0167-run-001,test,18.749895837506898,9.985517553704545,10.00949486753522,10.018156534807222,20.92957996615214,0.0,-0.01365661621095171,188
pipeline-0168-run-001,train,45.9767000292772,9.997599773646387,10.011516534480851,10.01116246479313,25.720118884907706,0.0,-0.003902435302734375,460
pipeline-0169-run-001,train,34.656422439215845,9.99786669778051,10.015752550693868,10.017377191390437,18.926177837462873,0.0,-0.0177001953125,347
pipeline-0170-run-001,train,65.51204630784932,10.004969270005363,10.019191099781075,10.0178745035934,26.547623740134227,0.0,-0.020053863525390625,656
pipeline-0171-run-001,test,72.97402544482901,10.006495295374767,10.011877095079917,10.01078655533124,25.364765062766814,0.0,-0.00921630859375,730
pipeline-0172-run-001,train,77.59821384171676,10.006788087818578,10.016854656147856,10.015993292287376,25.336214935261147,0.0,-0.017892837524414062,776
pipeline-0173-run-001,validation,76.08880122963086,10.006792484095143,10.01497882234067,10.014078806905713,23.570464728227492,0.0,-0.01094818115234375,761
pipeline-0174-run-001,train,29.416884340521676,9.99688238635261,10.011682516452211,10.01361031020086,24.27888124921084,0.0,-0.014179229736328125,294
pipeline-0175-run-001,validation,58.61362712796327,8.738781642563685,8.763056335650411,10.526189651288767,29.991477731459906,1.0,-0.0069580078125,587
pipeline-0176-run-001,test,22.86661911154505,9.988906584485965,10.00970277905325,10.015911456660735,27.93099614472889,0.0,-0.0055103302001953125,228
pipeline-0177-run-001,train,61.44143716495668,10.002849584489754,10.017172364935233,10.017016181003605,25.474725864733518,0.0,-0.01978683471678977,615
pipeline-0178-run-001,train,65.16561820836367,10.004916928035144,10.018415231589167,10.017060553143894,26.435177588724617,0.0,-0.014812469482421875,651
pipeline-0179-run-001,test,57.29206719864635,8.553975382777928,8.569515260873196,10.544906995650564,29.987305239938504,1.0,-0.00238800048828125,573
pipeline-0180-run-001,train,92.0343177574176,6.9648423667210775,6.983370837490417,10.539896850832951,29.996553317106976,1.0,-0.007717132568359375,921
pipeline-0181-run-001,train,31.673053681237235,7.997512447425252,8.013462255827267,10.519565653506605,29.995189994239716,1.0,-0.01101684570311079,317
pipeline-0182-run-001,train,37.681629811854094,9.862063323580257,9.883924911457408,10.529762672698077,29.988014110221055,1.0,-0.022560119628913355,377
pipeline-0183-run-001,validation,51.554427380020684,10.000356855263005,10.012609392715932,10.01157154626211,27.66265232381176,0.0,-0.01483917236328125,515
pipeline-0184-run-001,train,31.47145212792168,9.577160194613818,9.590587761430728,10.519153721461041,29.992520675362677,1.0,-0.01316070556640625,315
pipeline-0185-run-001,train,81.77821372967804,10.007602585071352,10.009881675156116,10.00902175678388,24.345446911532406,0.0,-0.00457763671875,818
pipeline-0186-run-001,test,105.96402720903791,7.127331982198971,7.128788417892401,10.501365462997283,29.999170181471506,1.0,-0.0013122558593821054,1059
pipeline-0187-run-001,test,61.146247249601885,9.089994247649463,9.103367834302745,10.516300788486168,29.993881754933387,1.0,-0.0203704833984375,611
pipeline-0188-run-001,train,48.60716430485476,9.999327006708015,10.011137320374708,10.010420122201731,19.27753660735081,0.0,-0.01891326904296875,486
pipeline-0189-run-001,train,83.97751105111337,10.008037898696656,10.000933287390769,9.999821493446643,19.79691832172193,0.0,-0.00504302978515625,840
pipeline-0190-run-001,train,27.985638536902968,9.995562748030121,10.01166379955583,10.013589709097298,25.181642270281152,0.0,-0.012163162231445312,280
pipeline-0191-run-001,validation,74.50142362534308,10.006261389200318,10.017887223719335,10.016630373864992,26.777678122785154,0.0,-0.01538848876953125,745
pipeline-0192-run-001,train,58.467917546949224,10.002743978121327,10.021593431830077,10.021120825494409,19.768382510729616,0.0,-0.00701141357421875,584
pipeline-0193-run-001,train,39.396401568158154,9.9897461102601,10.002529016648676,10.262347166958229,29.99845336304633,1.0,-0.00217437744140625,394
pipeline-0194-run-001,train,25.078709634265493,9.995222817236803,10.011086359436453,10.011564645389726,26.459615117644322,0.0,-0.013637542724609375,251
pipeline-0195-run-001,train,72.38379197717776,9.43044101085514,9.444397552122771,10.506835368550846,29.992526340367906,1.0,-0.01074218749998579,723
pipeline-0196-run-001,validation,50.499322602394756,9.999530968328525,10.014463053546278,10.014257305482088,25.7698779261948,0.0,-0.00243377685546875,505
pipeline-0197-run-001,train,42.10026923510057,9.998482835820909,10.010574574196898,10.009563667557426,29.707486564654538,1.0,-0.00832366943359375,421
pipeline-0198-run-001,train,58.902091376976415,7.5779015091343185,7.582781362248262,10.523892344911744,30.004839680719027,1.0,-0.01325225830078125,589
pipeline-0199-run-001,train,32.972312450015096,9.997766054737351,10.015418384944358,10.016404081934478,25.11903703930766,0.0,-0.012744903564453125,330
pipeline-0200-run-001,train,80.85474668523432,10.007566158962309,10.011337603073947,10.010513417520453,22.991933719135048,0.0,-0.0018939971923828125,808
pipeline-0201-run-001,train,15.629170656742915,9.95713098306871,10.00527044940976,10.018535726618879,29.553056829158756,0.7628205128205128,-0.030076980590820312,156
pipeline-0202-run-001,train,53.3986475439456,10.000629102786238,10.0142023291442,10.014981888398951,26.478062295537143,0.0,-0.007049560546875,534
pipeline-0203-run-001,train,19.57325454551821,9.97836046825065,10.010306152488829,10.015947983649447,28.8877557838662,0.0,-0.01220703125,195
pipeline-0204-run-001,test,75.18368804437893,10.006594812591832,10.00471940358306,10.003673840068345,17.475731955118967,0.0,-0.001739501953125,752
pipeline-0205-run-001,validation,89.59894652874405,8.95720789637473,8.961688108026452,10.509009599971915,29.998555123675416,1.0,-0.0012340545654296875,896
pipeline-0206-run-001,validation,14.928195178535248,9.165102653013331,9.208411760819747,10.507398975793521,29.991217754292563,1.0,-0.01459503173828125,149
pipeline-0207-run-001,train,34.08208791639399,9.99761051217393,10.008835131298609,10.009145438414798,22.149449195823472,0.0,-0.008930206298828125,340
pipeline-0208-run-001,validation,31.747096003731713,9.99835112745906,10.01407327494413,10.014151000083006,27.662117246209093,0.0,-0.004470825195326711,317
pipeline-0209-run-001,train,79.0900218953202,10.007475130970498,10.013372471855439,10.01303174373613,19.21779240833401,0.0,-0.007335662841796875,791
pipeline-0210-run-001,test,38.35646521612853,9.998614772165459,10.009623127640616,10.0097259379834,23.69821258549751,0.0,-0.018848419189453125,384
pipeline-0211-run-001,train,87.374441673955,10.008585355936622,10.004908802862092,10.003015467100177,23.279301731787704,0.0,-0.002410888671875,874
pipeline-0212-run-001,validation,112.64346510669321,7.8272359378706176,7.824231904331154,10.494903485018629,30.007628320516844,1.0,-0.003814697265625,1127
pipeline-0213-run-001,test,76.53231910789793,10.007111189649455,10.01454448274453,10.013738856316074,20.644775904271857,0.0,-0.01058197021484375,765
pipeline-0214-run-001,train,50.708290983641234,10.000598107657002,10.017419991960493,10.015800979239316,27.181618011143733,0.0,-0.00435638427734375,507
pipeline-0215-run-001,train,56.764856504730204,10.002190981781949,10.013104612637589,10.01345593217458,26.970176257840066,0.0,-0.00286865234375,568
pipeline-0216-run-001,train,31.476989463899116,9.996913693225165,10.016262243015998,10.015219994949675,27.410705112521427,0.0,-0.012081146240234375,314
pipeline-0217-run-001,train,30.842412752908217,9.996331542086773,10.010355071353782,10.012187918539443,29.204132663369123,0.0,-0.0071563720703125,308
pipeline-0218-run-001,train,78.8402692799342,10.007627091880709,10.007283103031272,10.005783893055622,21.413347353002074,0.0,-0.002086639404296875,788
pipeline-0219-run-001,test,75.81953200080022,10.006634467874449,10.003733436790217,10.003310530398302,10.828466080743052,0.0,-0.00644683837890625,758
pipeline-0220-run-001,train,65.99220596116999,10.005366777245762,10.007517785352746,10.006133201479425,19.81682105161393,0.0,-0.018909454345703125,660
pipeline-0221-run-001,validation,41.91569652096359,5.2140225093584975,5.20699357050021,10.50429526899127,30.008736341834986,1.0,-0.0140228271484375,419
pipeline-0222-run-001,validation,26.307066647203584,9.995552955737688,10.01469443481195,10.017973148266263,25.040556979861208,0.0,-0.022735595703125,263
pipeline-0223-run-001,test,80.49002172075302,10.00729889917912,9.979402042628061,9.978936698630333,9.319900997582806,0.0,-0.01323699951171875,805
pipeline-0224-run-001,train,54.18544498436202,8.591141469936911,8.609899881172263,10.519249622373806,29.98753028180419,1.0,-0.004241943359375,542
pipeline-0225-run-001,train,26.564408299002224,9.995520617297212,10.014197176490486,10.01735276337197,25.729905793234288,0.0,-0.0104217529296875,265
pipeline-0226-run-001,train,83.51419053461717,10.007897150908768,9.989646659791966,9.988646462349376,12.6160603380175,0.0,-0.008029937744140625,835
pipeline-0227-run-001,train,81.39017648604528,10.007044234849438,10.012077146474047,10.010905060988314,26.377416471017575,0.0,-0.0106658935546875,814
pipeline-0228-run-001,train,87.86229367078664,10.008040330812783,10.015785247945667,10.015013928592365,8.58209012758665,0.0,-0.003143310546889211,879
pipeline-0229-run-001,train,82.54275399064909,9.960197934805116,9.968413976236587,10.503972794214292,29.98916111004023,1.0,-0.010227203369140625,826
pipeline-0230-run-001,train,92.36341134734113,9.026242827484586,9.028149554679011,10.507555608714377,29.99263751816672,1.0,-0.014274597167975855,923
pipeline-0231-run-001,train,41.538301180118054,9.998698828809305,10.01875747653963,10.017258187509459,21.18504158070882,0.0,-0.007717132568359375,416
pipeline-0232-run-001,train,54.08551173945443,10.0012144657481,10.012992425271868,10.012978104590935,23.76125848914717,0.0,-0.01055908203125,541
pipeline-0233-run-001,train,62.28393929922197,9.462302580780603,9.485758991654357,10.526060397070943,29.993390140626197,1.0,-0.0196990966796875,623
pipeline-0234-run-001,train,68.55802691346449,10.005467901084037,10.019639593906945,10.018415074638863,24.56992280666768,0.0,-0.0096282958984375,686
pipeline-0235-run-001,train,80.01849816979544,9.810269767248794,9.823054256322072,10.51256706658867,29.998139047182715,1.0,-0.009357452392578125,800
pipeline-0236-run-001,train,49.271490493252315,10.000151328557875,10.011820111643193,10.011905567458657,23.999103870501926,0.0,-0.0019454956054545391,492
pipeline-0237-run-001,validation,144.00876668533243,5.853698334654179,5.854368074905366,10.51692207131672,29.99745602901944,1.0,-0.006243705749511719,1440
pipeline-0238-run-001,train,79.70006671776758,10.006677967949832,10.00547230559033,10.005018701219749,23.025769374273068,0.0,-0.00815582275390625,797
pipeline-0239-run-001,test,85.7143906017991,10.008047503263983,9.992224628184589,9.992533398601982,20.914270193085176,0.0,-0.004081726074232961,857
pipeline-0240-run-001,train,59.21980041594182,9.808818682022052,9.819510563143321,10.511739802504131,29.998426136758777,1.0,-0.005641937255859375,593
pipeline-0241-run-001,test,27.66027510948888,9.994573283075152,10.012604548640022,10.014777585284207,28.46378914741338,0.0,-0.02240753173828125,277
pipeline-0242-run-001,train,48.31882584798382,9.999093932935807,10.011298401952786,10.010763991206405,26.96282807820599,0.0,-0.002929687499985789,483
pipeline-0243-run-001,train,53.65269031527296,9.86588109322036,9.882673203147933,10.518210984442097,29.99502833940631,1.0,-0.008678436279296875,537
pipeline-0244-run-001,train,29.556380996158822,9.996732313505541,10.00816281606505,10.009337792668273,25.61722926538926,0.0,-0.00567626953125,295
pipeline-0245-run-001,train,27.040871641133947,5.673670114154645,5.6938038447170864,10.511675700374271,29.99015499794832,1.0,-0.01336669921875,271
pipeline-0246-run-001,train,81.43385046672446,5.762274287212704,5.783680645462994,10.523371224500755,29.98884188096943,1.0,-0.009172439575195312,814
pipeline-0247-run-001,train,39.74467131055596,8.436747699659682,8.449399184769925,10.539838778881968,30.001493226445955,1.0,-0.005268096923828125,397
pipeline-0248-run-001,train,93.5205426794947,7.754575776180162,7.7667089868794195,10.514835519200684,29.992514866674615,1.0,-0.0028533935546875,935
pipeline-0249-run-001,validation,81.87411807354829,10.007670324142223,10.011733485808463,10.010889069749886,24.756780587287892,0.0,-0.007129669189453125,818
pipeline-0250-run-001,train,88.0647699469273,9.940202766641258,9.940037983300757,10.498897041706561,29.998013068258473,1.0,-0.00852966308592329,881
