run_id,actual_rtl_charge_mah,headwind_m_s,F0__Ridge,F0__XGBoost,F0__network 256,F1__Ridge,F1__XGBoost,F1__network 256,F2__Ridge,F2__XGBoost,F2__network 256,F3__Ridge,F3__XGBoost,F3__network 256
pipeline-0001-run-001,1071.970964050293,2.4849633576103245,1083.635465316305,1057.2943115234375,1020.8071604658304,1006.2547924749725,1075.4501953125,1045.1609003408373,1014.5947662911165,1117.7796630859375,1051.4613855121152,1017.6324309626148,1034.08740234375,1071.8460481209966
pipeline-0002-run-001,1304.0767944335937,0.1838929128527865,1382.6442088829876,1372.4521484375,1321.5715657955232,1300.3457416642932,1352.774658203125,1329.8758681689314,1285.662609087036,1337.2618408203125,1316.4980375296875,1288.3614726650092,1299.082275390625,1316.7345403156894
pipeline-0003-run-001,1544.5511108398437,0.4597477345595001,1589.6896718757532,1595.3951416015625,1527.0409557438804,1549.7195215180639,1602.4215087890625,1546.028321335656,1547.4335124128943,1558.50341796875,1541.3541015951696,1542.5156209900654,1531.340087890625,1551.534308092553
pipeline-0004-run-001,2027.3917999267576,3.203714018498802,2178.683666929898,2205.063232421875,2127.345621225591,2096.281979222209,2082.272216796875,2072.2842333108233,2100.475782004678,2071.21875,2039.5358880880867,2075.8409839964156,2084.52587890625,2047.9034443093062
pipeline-0005-run-001,1958.1971130371091,-1.2889286497324592,2032.0067841214695,2001.790771484375,1920.2332356751829,2025.1132149310035,2003.1007080078125,1931.3394347597387,1965.938985161984,1996.715087890625,1955.514136488099,1969.9146821738773,1956.6710205078125,1970.6412014448597
pipeline-0006-run-001,1604.4671783447266,-1.2058458289286225,1716.2270941264464,1665.80029296875,1589.5436527040508,1686.1864292406326,1705.537841796875,1581.7283733719498,1650.061469117162,1646.3984375,1611.3777567372017,1628.2776476423005,1590.6580810546875,1625.4740565863465
pipeline-0007-run-001,1097.440753173828,2.5567805579622185,1124.1486898201345,1036.410888671875,1102.8076993643592,1134.096904858479,1085.218505859375,1094.8263946519285,1093.530988449631,1113.2056884765625,1112.4573834544387,1096.7999718275526,1095.7955322265625,1114.7584869469617
pipeline-0008-run-001,1323.1202140366736,-0.8375832123344037,1385.0885439431827,1394.3922119140625,1323.7471665469632,1360.049849770055,1348.9688720703125,1331.6205973880067,1339.884105599671,1343.3353271484375,1340.3254051339075,1332.2819489128337,1334.57861328125,1320.4307803123038
pipeline-0009-run-001,2646.578568892045,3.39029162554223,2613.8731045134195,2844.5400390625,2590.0730536217543,2562.2045332881253,2456.82958984375,2663.1184947430042,2624.6876501806505,2496.6201171875,2575.348027120684,2666.0014986574656,2499.454345703125,2635.5999937033207
pipeline-0010-run-001,1315.724708557129,0.2685041273373478,1255.2043344600681,1316.3089599609375,1318.0047069548366,1158.2467290509417,1327.3883056640625,1314.5498679941745,1317.1580494810269,1262.19091796875,1333.2239916374456,1320.496486694992,1303.4647216796875,1317.9914616792298
pipeline-0011-run-001,1425.988812255859,-0.9167140346206636,1430.8496913619606,1464.465576171875,1418.7617373592802,1425.1597437666192,1436.97119140625,1419.8395713681423,1439.0927867334628,1435.5899658203125,1414.1305820371197,1432.9023303926444,1410.286376953125,1421.2247384933678
pipeline-0012-run-001,2306.475830078125,1.4524976492290138,2451.349233715556,2249.44677734375,2357.794530857592,2351.444856260686,2217.2958984375,2330.24031875559,2271.472217230207,2313.919921875,2310.3308304435195,2274.2897519679022,2304.62744140625,2296.7883427455968
pipeline-0013-run-001,1064.1130859375,-6.00433070444747,1029.502669651649,1216.1478271484375,1128.3169914427328,1420.0573671179297,1153.9786376953125,1172.3097405897938,1110.0763561055428,999.5281982421875,972.6653329838083,1030.997224584707,1101.652587890625,1022.0136552280904
pipeline-0014-run-001,1162.770122433497,-0.0477263977096688,1140.6658052296746,1164.9150390625,1144.8609277314388,1131.5600548385933,1204.433349609375,1162.7914474591432,1162.5626226493382,1112.68798828125,1156.5543783919245,1176.5014038396378,1153.01025390625,1166.3430449563998
pipeline-0015-run-001,2363.331640625,-1.1806284255226482,2340.601974623046,2293.25634765625,2332.3121401565136,2455.9541946774757,2302.415283203125,2368.9186500994083,2359.808321547538,2315.1708984375,2366.890687797092,2372.0416753838326,2335.5888671875,2323.488451533212
pipeline-0016-run-001,1766.4212768554687,-2.8935823018488374,1617.796227714195,1724.0885009765625,1782.1279859670656,1744.2850509003924,1738.4407958984375,1805.682206217579,1815.1634205897917,1772.0003662109375,1780.1327952586992,1769.0703228102332,1747.3787841796875,1790.871389958382
pipeline-0017-run-001,2036.9288635253904,1.9468317674327105,2154.3771789830216,2117.26708984375,2077.781458875586,2112.170274816816,2074.514404296875,2081.3396004092415,2070.583130837103,2115.959228515625,2059.935924631703,2038.982998367384,2001.02685546875,2033.8179104404019
pipeline-0018-run-001,959.2414031982422,-1.0779565356889536,862.4477592503288,947.737060546875,951.5842936374314,906.8122860343848,957.5470581054688,967.7159332936554,1038.457076850431,942.3823852539062,985.3323020021808,992.6600447004436,968.1649169921875,988.8936067426201
pipeline-0019-run-001,1169.7696411132813,-0.1177081453019537,1154.566482385605,1197.5267333984375,1162.0750908305797,1112.3244087618064,1217.7445068359375,1165.6273250960623,1125.4496189476145,1156.0592041015625,1171.1827127745617,1149.6276967412314,1148.594970703125,1185.6892147813523
pipeline-0020-run-001,919.2473058779376,-2.641153176997998,739.6001446453872,945.7841186523438,937.791723651808,757.0143684249226,963.0031127929688,925.331732240397,934.2477298900528,968.5079956054688,934.7625054166501,930.0147179049658,956.2958984375,930.6066035625563
pipeline-0021-run-001,738.3103454589843,-0.3269084219273709,712.4793368129772,801.743896484375,756.0213051153095,761.2066544762827,823.75439453125,753.6081290377143,803.3858065077688,848.970458984375,769.2515209363924,767.822462172885,827.9678344726562,762.1010837791622
pipeline-0022-run-001,1862.648468017578,2.455748731050152,1902.7520007619112,1883.3267822265625,1956.9165776882026,1868.7641114582752,1928.3306884765625,1908.7935410912905,1843.9072035426325,1972.0521240234375,1871.0597228063905,1903.8966626157385,1896.0714111328125,1905.1700848082219
pipeline-0023-run-001,2285.75244140625,4.866831093802063,2235.7842972029994,2183.82421875,2165.587524604312,2243.4248395250615,2023.9127197265625,2182.988951320762,2204.0655436220436,2269.459228515625,2173.11580076931,2174.940493803613,2149.6533203125,2178.043119538956
pipeline-0024-run-001,1902.9769653320316,-2.622424882575091,2006.9532473825088,2035.8033447265625,1866.4720815629844,2012.5546365905157,2025.7841796875,1852.5254045914207,1957.724972731501,1895.49609375,1883.8286800003143,1950.3872914948674,1912.7982177734375,1895.476025050489
pipeline-0025-run-001,822.6777877807618,-1.163039273954785,674.4112310377831,841.9085083007812,840.1203561473613,786.9352901771383,877.6141967773438,806.1098860800471,944.9986075901297,835.6079711914062,831.1491763866826,849.9744232903563,804.45458984375,819.5714018623476
pipeline-0026-run-001,954.6257873535156,2.126289089605148,1118.9392772484978,894.5263671875,981.4155825596775,1017.283747610305,945.8071899414062,983.2832452613092,949.9103807310207,957.585205078125,986.2648339882303,968.328349304268,928.5877075195312,978.8400220700147
pipeline-0027-run-001,2343.875317382812,-2.7895201471928748,2304.900101208591,2206.424072265625,2321.185693349604,2262.6727737172278,2182.27880859375,2340.577485791622,2275.927350814523,2205.201171875,2325.1963832870624,2313.1530543606905,2319.37841796875,2351.6699435394753
pipeline-0028-run-001,836.2062866210938,2.166056797229995,999.7711982707156,891.5556030273438,873.8178118092592,986.8265101193844,880.0587768554688,855.2744141449307,842.3425728549996,849.9953002929688,875.5733434115776,855.6729578863374,819.0855712890625,879.0337824365221
pipeline-0029-run-001,1010.2629943847656,-0.7177830196989174,925.6168192126395,1064.3140869140625,1012.6816105217653,960.6848878840833,1049.1864013671875,1013.9232249766891,1012.7668251970194,989.2587280273438,998.7178514127231,1016.8236228267496,973.2117309570312,1002.0420296571796
pipeline-0030-run-001,1550.9964904785156,0.340413577661725,1526.7591662594568,1490.667724609375,1612.1158039443671,1556.6760476797454,1473.2020263671875,1561.5977860044497,1539.2101095630853,1480.92626953125,1546.462670738617,1543.9557037803613,1534.54052734375,1551.7552083136823
pipeline-0031-run-001,1126.9349487304687,4.816367182935972,1168.0698180070153,1122.5716552734375,1208.5549438883254,967.3851610856495,1232.609375,1142.331205921873,1111.8049841153634,1221.9359130859375,1158.9828427331058,1081.4938344080201,1154.63427734375,1156.7887276200215
pipeline-0032-run-001,1947.58544921875,-1.2853151097975697,1950.8752255658283,1923.4747314453125,1964.101675499582,1957.93591035523,1984.789794921875,1945.506057352762,1936.3590742681442,1955.989013671875,1960.1890041890213,1940.0639110142442,1970.95751953125,1939.7730217626915
pipeline-0033-run-001,1549.851232910156,3.413342532065451,1578.4057579520938,1641.5618896484375,1553.593693709051,1571.37897456336,1509.096923828125,1543.3004939195419,1545.7805351493284,1589.3382568359375,1592.0619572506491,1568.7042712941293,1546.847412109375,1553.5031087192237
pipeline-0034-run-001,1089.7974014282229,0.761221011109408,1055.6418128554415,1083.2589111328125,1094.9367545620391,1027.9970723829467,1076.4520263671875,1097.9860559794836,1051.7105274299108,1138.98388671875,1092.1586939030144,1073.7925428018762,1086.5909423828125,1096.2277878980376
pipeline-0035-run-001,1202.996844482422,-4.164359794964586,973.0616575721024,1167.2333984375,1201.6951400585324,978.9742305390677,1104.9791259765625,1210.5925565987243,1194.6872481515798,1181.8553466796875,1241.963827770454,1173.8485139699696,1210.372802734375,1231.5398907378526
pipeline-0036-run-001,1741.5382202148437,-0.0481273685729188,1881.325704656846,1700.6866455078125,1738.9080130362884,1870.890993490619,1819.391845703125,1730.100681163063,1807.199556856239,1746.9327392578125,1740.2878882845653,1745.805851985498,1716.909423828125,1705.3601693518533
pipeline-0037-run-001,1826.6234405517575,0.8885294275249609,1936.918174404185,1895.1949462890625,1857.7146717451785,1859.660247841393,1932.180419921875,1838.7967964804504,1823.6750312496706,1974.220703125,1830.538117089209,1827.5072290846822,1798.617919921875,1807.5555901164416
pipeline-0038-run-001,1506.641516113281,-3.117978107739092,1509.3116124263402,1533.0277099609375,1514.1710619329062,1581.5766342327731,1533.8072509765625,1479.5803045254154,1570.9014203201164,1554.1214599609375,1500.5081831126333,1521.3488194379918,1522.64208984375,1490.390806914318
pipeline-0039-run-001,2230.803985595703,-3.630330593730241,2150.3090140516815,2152.04248046875,2200.0079336205413,2224.986013540568,2190.548583984375,2178.400998511168,2215.3379748987672,2153.41064453125,2219.269958212184,2227.0071850599493,2267.218994140625,2220.6304884841625
pipeline-0040-run-001,1505.2078018188477,3.934369108162683,1572.7809149585999,1791.945068359375,1571.3881133401817,1567.033123466485,1653.766845703125,1555.6992943963487,1513.1453695050925,1517.749267578125,1506.4896755239006,1520.3931559445405,1523.4542236328125,1506.4587958524153
pipeline-0041-run-001,1561.9973022460938,3.855355019187592,1735.335310013558,1442.1663818359375,1562.381917626494,1717.461797103512,1447.0413818359375,1521.9865867158785,1601.7432575251867,1531.952392578125,1523.6382014958754,1584.5071916590678,1563.8326416015625,1570.4972844526294
pipeline-0042-run-001,1687.0541015625,2.79113351239433,1788.2277665008091,1621.2857666015625,1749.5409893112949,1712.811672295588,1576.234130859375,1724.5399201559667,1726.826368139032,1735.2308349609375,1715.4588684869038,1706.8504961852584,1705.94189453125,1704.2391656775535
pipeline-0043-run-001,1466.9019287109377,-1.151543496100587,1429.4145715791708,1470.240478515625,1456.6162144549935,1428.7703790634484,1468.0595703125,1469.8308604898782,1461.354173567589,1401.7630615234375,1451.9185938891467,1464.6179518059052,1463.17578125,1480.6354984035472
pipeline-0044-run-001,1960.1807556152344,-3.251144656143353,1820.945323443886,1924.1173095703125,1982.4901312106856,1851.7749833767248,1941.517578125,1912.2291346037016,1908.691673172433,1859.4583740234375,1955.8049998920633,1912.2242474746538,1956.7845458984375,1946.352821226648
pipeline-0045-run-001,1231.3746032714844,1.2385029942656962,1206.9023597165508,1236.4864501953125,1236.1122895887008,1148.738956893335,1227.86083984375,1243.66818792642,1229.8294264365386,1247.6190185546875,1246.7518362538947,1240.4124832622556,1215.6468505859375,1246.9135728825597
pipeline-0046-run-001,1986.9207794189456,3.1248257933030965,2039.307658072521,2019.3836669921875,2000.3435858707762,2062.6794687361544,1941.8275146484375,2051.8701416086906,1989.7589034949249,2001.3204345703125,2019.4015862702356,2012.1264797331282,2022.4696044921875,2043.3165108561216
pipeline-0047-run-001,2922.664535522461,4.6408776210676645,2665.8759713163117,2636.885498046875,2880.842153615344,2699.299078434261,2774.57373046875,2845.9495887857097,2897.244693463035,2602.9765625,2875.3155549830226,2919.57694178361,2989.000244140625,2877.314074658576
pipeline-0048-run-001,1269.1198974609374,-0.1731249450194627,1237.7869941907945,1355.2286376953125,1282.320938841327,1208.4424701064577,1379.1556396484375,1306.291965535949,1267.5586905191842,1279.6148681640625,1297.7706368537708,1244.8980891224692,1309.9595947265625,1292.9602457514504
pipeline-0049-run-001,2369.012377929688,0.3082262782995915,2385.4626098470544,2281.743408203125,2355.6495381281616,2371.420645992804,2297.845947265625,2361.733778751246,2308.29208326755,2236.899169921875,2391.537816242946,2340.0351919013497,2370.9794921875,2364.6657552124902
pipeline-0050-run-001,2176.594189453125,-2.600701938684456,2054.5973440631683,2112.841552734375,2181.429916745838,2054.3516396216714,2111.04296875,2167.062132708496,2107.1723085442486,2100.32763671875,2178.2488085079167,2126.436195515089,2215.1962890625,2162.740562934856
pipeline-0051-run-001,2483.124011230469,1.016447684772778,2570.20752421332,2405.382568359375,2486.1555560870697,2543.389494738447,2425.728271484375,2492.6337536971514,2462.527799836387,2490.242919921875,2499.560362004597,2471.0706594158614,2442.01220703125,2488.8206925453155
pipeline-0052-run-001,839.8194976806641,-0.313227048092818,698.2471162759589,836.3497924804688,848.6208576632293,749.0353261716091,840.4390869140625,830.6139276094747,814.1430609034015,840.307861328125,850.2727457762466,841.9914881790103,813.852294921875,845.3307919819123
pipeline-0053-run-001,2040.376501464844,0.0846566913208979,2227.6210632735024,1987.0750732421875,2046.275972614639,2199.381585788125,2004.443115234375,2049.840702783887,2100.788148667755,2125.17724609375,2044.842027239977,2055.0938672295006,1991.4776611328125,2007.8254046458005
pipeline-0054-run-001,1181.105639648437,3.5210722032996755,1245.1698593882147,1074.264892578125,1173.2850240759174,1235.6771761745833,1131.721435546875,1162.2560700087963,1184.581635016826,1161.7977294921875,1166.1455991955984,1178.0429510443296,1193.5908203125,1178.0414604642162
pipeline-0055-run-001,1388.9899353027345,-3.753268597720725,1306.5311209752108,1410.4635009765625,1397.053225113026,1289.8447344347992,1468.2525634765625,1385.9891546579645,1384.5986969630949,1289.384521484375,1388.7726352346556,1385.616648952299,1435.7178955078125,1372.226469880793
pipeline-0056-run-001,2042.811157226563,-2.785980368308855,2206.3850435276026,2094.94384765625,2016.6068496933974,2204.633614973592,2065.026123046875,2017.7077470029517,2097.680091066355,2097.05078125,2009.7860199914285,2095.2339309183376,2117.400146484375,2033.9180184277227
pipeline-0057-run-001,1454.6990173339843,-0.7359560612738809,1439.8219241371328,1438.8895263671875,1444.4674292286747,1439.768271895008,1433.962158203125,1478.8705553422444,1442.3732765477748,1474.81982421875,1435.4882089506125,1444.2563527773762,1472.677978515625,1455.236943873373
pipeline-0058-run-001,1255.0557723999025,0.2418335209452196,1211.787175924162,1239.9954833984375,1252.5657787230302,1191.8565372104083,1272.93701171875,1264.0173559518646,1268.6952452397445,1257.7720947265625,1259.5419093541261,1263.4077477554406,1277.2225341796875,1260.4296462110747
pipeline-0059-run-001,1522.7857788085937,-2.006828323436708,1444.7998241434962,1511.88525390625,1535.04531061885,1521.752515520524,1593.85546875,1505.6143000774216,1599.152279314235,1475.634033203125,1538.9818811950208,1522.5678740110593,1492.2421875,1541.2334176357356
pipeline-0060-run-001,2239.6731689453127,4.332713435879516,2154.623288844285,2089.015380859375,2188.418445381715,2118.561000849215,2203.82958984375,2206.8740019394804,2220.1754018807073,2230.84375,2233.67416480795,2239.5671251267963,2207.759033203125,2215.9704257316957
pipeline-0061-run-001,847.7076293945312,-0.0240681869377662,816.8165442732106,809.3274536132812,857.0817571929842,863.7107541358694,858.4290771484375,863.6010869321552,881.005868484222,810.3265380859375,852.013860014727,873.0689580642652,827.6798706054688,850.0883315887332
pipeline-0062-run-001,2117.853469848633,3.6377730394977927,2164.277936870063,2131.187744140625,2106.6127826369025,2152.2808493211055,2109.145263671875,2107.8723693733564,2115.8002054365265,2154.442626953125,2102.241662714971,2099.614385661366,2089.185546875,2095.5564831735305
pipeline-0063-run-001,1545.0148193359375,-4.291063932000063,1449.8022326730859,1485.455322265625,1533.6486552659662,1505.781355318328,1488.1502685546875,1574.920117529505,1527.6581888092962,1602.8809814453125,1579.8733493401803,1551.920931420176,1498.561767578125,1559.5412916197874
pipeline-0064-run-001,1669.8533996582032,0.1792588668341905,1665.8196717414444,1635.8424072265625,1695.7952673112823,1681.1398940113233,1706.5418701171875,1673.2641325717298,1669.6137040761157,1645.4298095703125,1658.8662003963025,1649.205622841999,1678.0279541015625,1685.7233889519305
pipeline-0065-run-001,1172.955712890625,-0.6720221908050374,1192.89501234277,1252.0843505859375,1207.0936444527613,1154.0753569017897,1340.923583984375,1211.5099586717133,1176.0993466417472,1271.08740234375,1179.6827311086877,1185.6502990164013,1140.6236572265625,1197.8928759467997
pipeline-0066-run-001,1131.146417236328,-3.169525120408695,1012.6770930214652,1127.062744140625,1114.9780301999651,1015.0951077909667,1136.2191162109375,1150.42098913142,1127.6165855522413,1203.310791015625,1172.1449348658061,1145.0717595822057,1120.282958984375,1142.02411932265
pipeline-0067-run-001,1660.0753845214845,2.1461718810460786,1689.8367704218679,1688.0399169921875,1722.3219904980506,1609.1171000610352,1663.4052734375,1665.5943349906304,1650.057128477489,1693.5821533203125,1656.9344106812448,1670.6468339697526,1675.850341796875,1650.7430932035093
pipeline-0068-run-001,1692.879852294922,-2.8570186099406403,1603.9280108994105,1809.4188232421875,1685.5853871792672,1621.989770832258,1767.227294921875,1689.5912527834764,1723.8626927526752,1656.3927001953125,1698.0570363716931,1706.924934988164,1686.802001953125,1696.2948327208912
pipeline-0069-run-001,1758.932284268466,-2.574149510499717,1799.502765554573,1766.6673583984375,1735.4593983566176,1767.82624372292,1756.9176025390625,1726.0534944932654,1764.837918503292,1706.8763427734375,1729.5913309758362,1762.8477215508642,1763.5948486328125,1753.8735522973802
pipeline-0070-run-001,1019.1554260253906,5.419339135228665,1257.6407565135207,1285.6546630859375,1085.5641287007977,1347.0088013285065,1215.3321533203125,1147.2922708555323,1042.8024411558358,1052.573486328125,998.9710202060763,1063.6489771939832,1006.4440307617188,1038.0514644817574
pipeline-0071-run-001,1077.3010482788086,0.5790087267955754,998.7692276696598,1105.6292724609375,1075.1765291040322,979.7178627089478,1094.57177734375,1070.2895185995715,1030.2780397270012,1100.2603759765625,1059.0094478101203,1067.3265012566771,1057.73681640625,1071.2421528167886
pipeline-0072-run-001,1341.8166290283202,-4.297070986169526,1236.8397786577773,1354.351318359375,1327.4121312179338,1294.1831186345237,1368.272216796875,1290.1150029268204,1325.7605635378818,1288.1512451171875,1291.4145670147093,1314.0446061099206,1347.982666015625,1300.9065990484585
pipeline-0073-run-001,1498.1197937011718,-0.496370247837019,1465.6223741082608,1411.52587890625,1452.556878929392,1497.2920029007348,1359.661865234375,1446.7769323168413,1496.8179500352285,1406.7850341796875,1461.9435718815967,1497.6115077383904,1470.8101806640625,1500.3813846818848
pipeline-0074-run-001,1777.5803527832031,-2.343529252901711,1730.6907627802557,1749.27880859375,1789.2835053594138,1755.670208518402,1752.4451904296875,1819.1986216636315,1778.6479142194564,1750.6021728515625,1794.2169796010792,1782.4895273160714,1825.3682861328125,1806.8850843051907
pipeline-0075-run-001,933.76875,0.5859150884656077,894.2816561856322,998.5375366210938,954.9269411304867,909.563929071986,995.5679931640625,931.5276833155931,904.5031022164586,960.0383911132812,929.3674571329817,939.8529197664445,956.49072265625,929.3039905482927
pipeline-0076-run-001,1149.131851196289,-2.7624997433314906,1007.6428515653749,1226.1956787109375,1150.9845791062414,1018.4333307942593,1158.611572265625,1151.2913973514997,1157.0711051372327,1139.8521728515625,1175.4230159123606,1169.2589526936329,1152.7647705078125,1153.6290945698122
pipeline-0077-run-001,2333.2535400390625,0.5238869298305858,2392.8386218369274,2246.781005859375,2326.933305217421,2371.8516501126564,2341.553955078125,2323.2371469985355,2304.208940752346,2195.95068359375,2353.2997531193487,2320.790312193447,2347.74267578125,2334.119594306411
pipeline-0078-run-001,971.217288208008,-1.710708413950174,836.4339821957724,934.41845703125,967.5341416660699,853.4536678995145,940.7861938476562,979.0330364549109,984.1463912688453,958.1461181640625,966.951222737784,977.3297186146872,967.54638671875,971.0080963886812
pipeline-0079-run-001,1639.9744750976563,-2.077951107680687,1733.878771457384,1661.453857421875,1624.3530387581532,1713.033956935114,1588.3897705078125,1630.8407162373987,1666.0440507310864,1603.195556640625,1625.953707813833,1646.3141929321946,1640.65771484375,1640.2292373890307
pipeline-0080-run-001,1521.5913925170898,2.7141707328709304,1570.2325897578392,1468.919921875,1501.4540022895978,1533.9806947759105,1420.7451171875,1454.5890525871764,1492.8021297489256,1402.7447509765625,1440.9445815263452,1545.4446076630143,1518.917724609375,1468.6495818028768
pipeline-0081-run-001,1006.2977416992188,2.01053607107284,1118.161828963102,1082.0675048828125,1043.746737038992,1023.2802299404678,1075.3031005859375,1024.3148350971749,979.5314371170177,976.4723510742188,994.7710554076443,980.3189636630273,994.230224609375,1011.5720221974299
pipeline-0082-run-001,960.8645446777344,-0.4121884376875858,892.8551264750781,1000.1900634765625,980.8573207692342,884.6100540700818,1031.734375,971.1446377744946,935.9292215775536,990.2765502929688,964.6618002623646,955.409125544463,972.830322265625,964.8926637397584
pipeline-0083-run-001,1523.6819213867188,-0.5472683763105992,1626.7648573425934,1539.4852294921875,1515.450031029836,1597.6319850445996,1596.7484130859375,1531.5128109571945,1544.8583786882482,1537.8502197265625,1510.5033328635334,1512.2900250921944,1502.2535400390625,1524.109926445654
pipeline-0084-run-001,1351.1438232421874,-0.4037412894427733,1308.9769916298715,1347.9581298828125,1347.126257725289,1350.7270791657763,1325.6900634765625,1339.9389639831597,1337.0464133030057,1336.92919921875,1320.931835563981,1354.7894729773598,1336.677490234375,1329.57190250086
pipeline-0085-run-001,1687.7012939453125,4.7981133262066455,1652.8644857017277,1679.8116455078125,1695.2353765443588,1628.3802976158902,1740.7813720703125,1752.6958971571428,1641.7119689866968,1695.87109375,1688.0298135124394,1654.2510399325192,1613.9600830078125,1681.6857821730052
pipeline-0086-run-001,1034.0585708618164,-2.1870685209241385,823.1169873730099,1133.5777587890625,1070.5256314946457,898.4712693296979,1117.441162109375,1081.8520642639517,1069.9876611960954,1018.0663452148438,1051.9597986160504,1019.9687196894065,1041.5552978515625,1066.1088546588603
pipeline-0087-run-001,1194.5564193725586,1.780174027298998,1228.6630714072364,1189.83984375,1191.4783242755036,1114.5235195770842,1204.405029296875,1197.9457550985542,1176.3097791476855,1211.0283203125,1198.877677533899,1189.8150955689289,1160.0894775390625,1197.3776532407944
pipeline-0088-run-001,1401.4253768920898,1.4124277265193712,1436.4216683540494,1492.2958984375,1409.57488564923,1292.7731144703644,1465.95751953125,1431.9915292738312,1370.9764217878746,1414.3485107421875,1417.9359129518916,1396.7701071996423,1435.1898193359375,1414.86934089213
pipeline-0089-run-001,1468.65771484375,-4.5005686582596125,1446.738033275459,1457.1201171875,1476.9016174398703,1449.0146119732476,1509.123779296875,1489.596945255289,1457.5983795082045,1361.8096923828125,1462.7277157326953,1480.2860655423217,1466.70703125,1468.4445013023458
pipeline-0090-run-001,1303.9157257080078,0.8273650768193408,1340.384526185256,1320.0379638671875,1297.2769786591277,1285.3102870347375,1331.8076171875,1292.9323498884949,1306.9098889794068,1298.1353759765625,1277.0345592651875,1320.8943992258396,1297.937744140625,1285.7210830577317
pipeline-0091-run-001,2064.1866943359373,2.5845390554855525,2068.048747727996,1954.922119140625,2049.1348972162036,2131.6592134143593,1882.9674072265625,2173.6671349626545,2072.000753719065,1991.9254150390625,2079.6465670200555,2155.3867181764235,2122.91015625,2139.7106250631573
pipeline-0092-run-001,1522.41212753422,1.324877598532213,1614.2547455400504,1622.5377197265625,1542.5410303657518,1542.4633786024274,1603.22021484375,1538.7750352465525,1511.894321405774,1633.335205078125,1528.9516960489066,1500.0028646802093,1510.455078125,1510.392615547783
pipeline-0093-run-001,1437.2644409179688,2.448656667959437,1562.275457409774,1427.0755615234375,1467.653691788081,1506.3304202833388,1449.072265625,1478.217991973259,1462.4663086304733,1463.6556396484375,1460.1728276031852,1439.9175843121352,1425.0689697265625,1460.0417062875304
pipeline-0094-run-001,1533.0745086669922,-0.0008966134311261,1696.332622002381,1637.8045654296875,1563.6866641416043,1625.4222435167562,1617.6090087890625,1558.3223000957612,1556.9946155325895,1574.7030029296875,1544.4110257842237,1527.1350318184566,1489.1302490234375,1533.61883755855
pipeline-0095-run-001,1180.3380920410157,-0.9871037397613304,1140.974137659725,1178.2822265625,1176.803555948617,1160.0924795916362,1199.041015625,1181.6476152324224,1171.8485220773023,1182.8883056640625,1182.1280119970422,1154.792530084159,1200.9669189453125,1179.3225890915048
pipeline-0096-run-001,789.5549194335938,-0.1392945495202466,671.0629810581241,807.7394409179688,790.3250990937178,687.8504854261296,842.4915771484375,800.3730082935067,742.3434364091381,823.4379272460938,793.0694445465562,740.5312846137066,806.5098266601562,798.5132314715926
pipeline-0097-run-001,2333.1981506347656,-4.375683502650424,2355.568843868219,2344.217529296875,2295.2702321761685,2319.0193914357833,2264.251953125,2303.396454913532,2176.307574221963,2174.156005859375,2265.4123614416203,2294.760198375301,2319.59765625,2298.312990038541
pipeline-0098-run-001,1135.635888671875,0.4959471982339947,1090.8592603961006,1132.7833251953125,1105.0577860435312,1132.5973330571815,1115.77587890625,1133.7310561832592,1166.7781381958991,1185.69921875,1120.8287731789485,1121.3895018156618,1142.385986328125,1109.4099050437146
pipeline-0099-run-001,1816.1587158203124,0.991344449531508,1994.1948032105106,1956.7666015625,1881.577554255312,1930.1756759749996,1901.4390869140625,1831.7092706009505,1850.291722838827,1846.51904296875,1835.0964556745791,1821.5486919229463,1833.4437255859375,1812.7614881221127
pipeline-0100-run-001,1396.1941833496094,2.8069531398996914,1542.346545169436,1437.1251220703125,1408.1216665094987,1478.2231298888305,1390.3883056640625,1393.9712572040708,1409.5369288130482,1429.9208984375,1392.9183759425841,1421.639277507723,1370.56201171875,1391.1689260028936
pipeline-0101-run-001,1421.8775024414062,2.5458932948017776,1524.751730309596,1415.9083251953125,1408.4343231408602,1489.205761431278,1439.8355712890625,1425.717131541016,1435.7613858926572,1452.4891357421875,1445.1617643993147,1440.96672421327,1435.60498046875,1411.4915816065743
pipeline-0102-run-001,929.8018325805664,3.287487607192846,1045.2741122663008,941.12060546875,919.4931665989192,960.9952120894538,923.0487060546875,940.3068893462024,880.9511814075172,922.0827026367188,906.0926725908763,893.0765645167971,942.1346435546875,935.6951634106749
pipeline-0103-run-001,2149.7408203125,0.0779271310233744,2167.9955987312565,2110.074951171875,2148.333726295684,2149.572857222831,2119.83447265625,2145.9144571969755,2101.2014903398067,2115.5947265625,2142.184178785561,2123.1323479964967,2148.0537109375,2143.3531271224406
pipeline-0104-run-001,1700.7686157226565,4.455587623855791,1697.4823560947486,1609.1256103515625,1644.3170129578718,1683.6713179868798,1592.04443359375,1664.1215040431969,1692.9593078260484,1737.42041015625,1696.371835367622,1690.8577683788146,1684.3126220703125,1687.5589270700837
pipeline-0105-run-001,1649.4016845703125,1.640875313706018,1673.3864852446557,1659.0819091796875,1645.6838131522165,1621.3468667780808,1654.0150146484375,1610.585269194491,1631.4519451615963,1594.23828125,1630.6775160438485,1637.7032239069765,1688.178466796875,1650.5522016955535
pipeline-0106-run-001,2029.081005859375,0.462646308729137,2028.3041447123885,1907.399658203125,1998.9798303224004,1992.469841209781,1919.1124267578125,1998.2709048171753,1977.526120047215,1923.2940673828125,2006.1338079876634,2001.47468692772,2045.506103515625,1986.9417664291195
pipeline-0107-run-001,2084.42470703125,1.9495580593184525,2216.3832825653844,1892.3984375,2118.833960707539,2105.190275305209,1986.93115234375,2125.0088447376297,2087.5488334259753,2011.961669921875,2109.1830552597144,2072.587579354736,2095.649169921875,2104.8084637187508
pipeline-0108-run-001,1152.844195556641,0.9941945889472056,1136.7011556562147,1170.8233642578125,1170.0210329362387,1146.6157069905148,1170.1278076171875,1187.8917839619703,1116.2750432748885,1196.29443359375,1135.0985438347846,1144.30423190873,1145.4847412109375,1142.9358871298582
pipeline-0109-run-001,1777.667578125,-4.75571500173304,1787.3183770741234,1829.1710205078125,1788.0428091287167,1874.0920847869143,1760.2158203125,1845.2197982878554,1762.5892516508134,1755.38720703125,1801.4773314546399,1819.1045259792363,1774.7484130859375,1834.45323802594
pipeline-0110-run-001,1567.6306518554688,0.7231172293552527,1590.0745710660271,1547.3310546875,1560.6308531321993,1508.821689532588,1511.1822509765625,1573.0205064821648,1530.8696033880337,1552.4759521484375,1582.9984454630721,1560.2556950118174,1546.266357421875,1556.0768585718986
pipeline-0111-run-001,1801.6048278808596,0.7754659693244943,1813.2848014445472,1724.3428955078125,1799.0720634051775,1774.4913668871548,1731.6475830078125,1757.4105926363238,1764.3490970657574,1807.6842041015625,1778.8331539778437,1781.0392486266562,1768.673095703125,1818.9299379294582
pipeline-0112-run-001,1709.5832214355469,0.1904529110372057,1731.440284869108,1847.5076904296875,1713.0102483599796,1688.0768919595143,1796.2100830078125,1726.189389697897,1723.117473852528,1727.6202392578125,1709.745440377621,1720.5951201819073,1682.754638671875,1716.6376883558878
pipeline-0113-run-001,2647.3147216796874,0.4403127797550912,2661.389758903907,2499.32666015625,2592.988802179235,2599.405982396256,2535.7978515625,2604.4609388807453,2581.0956193914367,2478.37451171875,2595.3145174935803,2623.7964187808084,2720.89404296875,2627.412628417373
pipeline-0114-run-001,913.1190338134766,1.2540286029179015,984.5067654413695,907.3165893554688,915.7296767887037,966.5225540564898,904.2196655273438,913.2575003054058,913.3662844390051,909.8651123046875,904.8199043730921,941.2456107844582,861.3388061523438,918.9520925600385
pipeline-0115-run-001,2084.3603515625,-3.212326990449044,2123.053989604154,2250.27099609375,2092.4312958437363,2239.751555401376,2212.078125,2149.6947460366023,2089.898238721364,2059.48583984375,2104.2223785589035,2107.529354753942,2068.860107421875,2117.9255513043468
pipeline-0116-run-001,2233.40771484375,2.780669436522744,2366.251459974117,2184.767578125,2220.0049592679607,2216.078588298338,2265.023193359375,2209.522051540575,2226.3503024455053,2227.695556640625,2217.13442957388,2205.949290099059,2215.8203125,2193.805451195492
pipeline-0117-run-001,1744.8076538085938,-4.495948719664156,1717.517011009297,1735.253173828125,1778.2490641193206,1797.8764599025747,1721.651123046875,1701.9190331593807,1749.7453615886345,1709.3170166015625,1743.9723334754226,1748.3752498192193,1782.20654296875,1756.014676326028
pipeline-0118-run-001,1726.649365234375,2.7467917211345507,1861.8511964218872,1721.8167724609375,1758.2702461620377,1766.1548321053797,1655.52783203125,1764.5864235378174,1750.038886567211,1753.8533935546875,1730.146371154154,1731.7852944534845,1719.7413330078125,1748.4749016999983
pipeline-0119-run-001,1576.3279571533203,-0.3420781874155151,1669.0566894878434,1582.9683837890625,1576.3547171095606,1653.573628263599,1584.944580078125,1571.9856085139909,1628.7004547060342,1548.7410888671875,1582.1021361986302,1602.4586554268753,1554.0303955078125,1594.8460090735316
pipeline-0120-run-001,1816.2896118164065,-2.5876817797682783,1840.6612659901105,1876.1561279296875,1805.0180427941748,1768.1633905840085,1805.2379150390625,1821.6812744255303,1785.9409266247205,1774.4078369140625,1801.4412152000866,1820.663735393434,1841.40869140625,1823.7066697752862
pipeline-0121-run-001,2004.694058227539,-0.6592963344346282,2112.977640738276,1980.04833984375,1981.536974270116,2150.279171460047,1971.899169921875,1983.6240159572865,2044.151789612643,1999.2711181640625,2013.1510004460586,2029.9746180705472,2013.7288818359375,1999.5509269178685
pipeline-0122-run-001,1744.4651000976562,4.845159783106707,1710.3671454424243,1609.2733154296875,1711.320245314692,1778.8351233461453,1734.596435546875,1718.7591516841428,1750.4737302882438,1775.9051513671875,1744.1764206631913,1754.3068081498807,1747.9407958984375,1732.807412051461
pipeline-0123-run-001,1392.381884765625,0.5784727654501546,1462.835944054345,1400.602294921875,1371.5709997463355,1375.41270400855,1357.5450439453125,1367.6007501739932,1375.5917734621116,1399.638916015625,1384.8835380982603,1344.0655407756617,1367.948974609375,1363.6694489232125
pipeline-0124-run-001,1190.652572631836,-1.852245096615656,1106.7181173669064,1163.4715576171875,1177.7620606588432,1126.478935385691,1180.3673095703125,1170.904977206857,1226.732517828846,1115.6903076171875,1185.8922708245052,1201.7517269476643,1162.935791015625,1162.5553237780025
pipeline-0125-run-001,1402.9373626708984,1.7419938323511015,1477.093284223202,1403.28955078125,1362.8545344165623,1399.6583196711217,1424.6826171875,1376.5378901268843,1393.625395417127,1406.3719482421875,1361.5292211941594,1373.2340407121048,1387.1090087890625,1363.2646863040084
pipeline-0126-run-001,1851.655865478516,-2.737253765393553,1840.7621698751082,1886.4556884765625,1876.5798115597493,1840.3495677165465,1836.38720703125,1853.5657898245179,1857.3617730849942,1835.7593994140625,1875.3132259193878,1864.5743046864452,1864.601806640625,1867.1502523045172
pipeline-0127-run-001,1106.980258178711,-1.242773311656526,1102.2242591411773,1189.698486328125,1109.709656893201,1078.907529727784,1183.45361328125,1107.1517962924843,1082.8082865046154,1142.450927734375,1084.219386941252,1099.8788643701987,1119.8031005859375,1118.5727338325473
pipeline-0128-run-001,1666.8773253890108,0.3567236104853348,1685.8480113771516,1765.11572265625,1682.2100325625208,1680.1040270156063,1803.1463623046875,1651.4664022446639,1638.3572041575308,1712.5714111328125,1647.216945558084,1649.3154104214996,1648.9200439453125,1658.1375235764265
pipeline-0129-run-001,1006.4940551757812,0.1782616997385959,886.4285449706531,948.8855590820312,1020.5664290929393,976.012573029451,1003.0626220703125,989.8332863086274,1037.4588755817258,1035.5699462890625,1014.718874969144,1009.3554550141098,981.5381469726562,989.0124725935084
pipeline-0130-run-001,1858.170251464844,-3.081222483314507,1796.0255197879283,1888.6602783203125,1891.380943791951,1792.4460447931099,1906.43505859375,1879.9026275521219,1831.4411795268886,1774.247314453125,1846.55397083427,1856.1808323977511,1866.7322998046875,1863.053324411145
pipeline-0131-run-001,1034.484033203125,-3.221239295794305,836.7119921207825,995.8136596679688,1036.0458790663824,880.9676375219001,990.7048950195312,992.0484227471137,1080.559102014643,961.6549682617188,1027.8846362080856,1035.2752991468453,1021.7223510742188,1010.5076492989715
pipeline-0132-run-001,1276.4441680908203,-0.7462424385601252,1182.3113217382258,1243.8385009765625,1275.6593792819167,1226.8842650827023,1266.5615234375,1272.8960694002678,1288.0392155970083,1228.7056884765625,1258.3916545497593,1280.283858311182,1259.82421875,1266.1739592166066
pipeline-0133-run-001,1748.0197784423829,0.6416424039086963,1767.6399316341183,1759.1461181640625,1725.8278052685646,1716.3534526353617,1794.0430908203125,1699.4536974733498,1704.7402676877175,1809.5858154296875,1744.307786302191,1736.5875783087558,1755.3486328125,1721.586267232722
pipeline-0134-run-001,1521.497869873047,-0.7743015505390296,1635.084438860929,1582.1640625,1505.1455862007315,1639.4880916309455,1650.7479248046875,1527.3382979153541,1544.4738384447508,1585.1295166015625,1516.882006080731,1523.466292093008,1506.6190185546875,1524.929389358671
pipeline-0135-run-001,1514.2837524414062,-0.8682839185511122,1517.9157512083502,1475.1546630859375,1519.0254232591094,1524.8879986888928,1499.4261474609375,1491.0165638670778,1492.3567018321085,1447.5458984375,1481.6751694303412,1510.4227694599185,1521.7684326171875,1506.6344499751956
pipeline-0136-run-001,1555.0775299072268,-1.4226327540723018,1545.8806437270046,1555.529052734375,1554.6479900205243,1594.6726191811088,1523.15771484375,1553.0157638481803,1579.206160583196,1558.163330078125,1553.2195578125018,1566.602704838598,1521.2608642578125,1548.8728555526807
pipeline-0137-run-001,1481.741784667969,-1.5683426419520985,1572.7422154442338,1559.6668701171875,1459.494754674796,1526.6445515035268,1616.6754150390625,1456.5793871490005,1489.4851397832354,1428.549072265625,1478.820876727745,1493.5990940786419,1506.1075439453125,1488.0050705297665
pipeline-0138-run-001,1203.374066162109,0.2484074297192161,1141.0727621271517,1200.6075439453125,1201.803232974324,1039.0048470393544,1223.6934814453125,1218.079669036181,1197.7076629864525,1177.48583984375,1205.1480006650006,1205.6062980780275,1181.007080078125,1221.127166433895
pipeline-0139-run-001,2148.2653839111326,-0.6855431336747906,2267.673722963616,2036.308349609375,2112.4327026108117,2289.6130978494903,2069.9990234375,2112.580432472822,2167.3958494779354,2128.615966796875,2134.3861670447814,2157.0788168822723,2171.634521484375,2114.7371770488444
pipeline-0140-run-001,1970.8828582763672,-1.09602414717015,1905.5151632739048,2003.162353515625,1984.0497479404846,1960.4040414816805,1963.7127685546875,1993.3619143325523,1942.261876229892,1884.6466064453125,1971.9946067583642,1960.427176543998,1989.50439453125,1971.1821902875633
pipeline-0141-run-001,2041.0894165039065,2.0135393300664592,2116.6881815229312,2076.320556640625,2040.6888157677793,2050.5742349964253,1920.472900390625,2024.2644328291353,2026.1803175774546,2030.5577392578125,2025.460160301478,1993.5477792123743,1954.7437744140625,2004.9647219777326
pipeline-0142-run-001,2159.1549377441406,3.552945700806732,2132.8006810914344,2071.62841796875,2118.0078307478193,2093.3181402855357,2007.6094970703125,2108.428085809523,2125.122415413811,2141.5078125,2089.4972231209535,2123.4681171003176,2101.381103515625,2100.486415648623
pipeline-0143-run-001,1186.4815368652344,2.139577488985687,1297.7097781586117,1240.069091796875,1183.8713348722042,1236.8607987011337,1191.80224609375,1161.963112431006,1181.8095340570046,1236.6610107421875,1169.1549919292213,1198.563337350649,1174.6219482421875,1167.1171859987567
pipeline-0144-run-001,1701.5347473144532,-0.3077873762255412,1815.2065603011213,1691.103271484375,1679.2966579580673,1785.9167596276861,1794.63720703125,1704.2326358349947,1748.053091199101,1729.380615234375,1694.3025508320331,1725.088334635808,1709.429443359375,1720.7465979763526
pipeline-0145-run-001,1741.5088653564453,-0.2608597833218957,1633.6813015275504,1648.38525390625,1723.909031145292,1717.5623221094836,1689.1431884765625,1693.3383997740523,1742.2685336418133,1646.9620361328125,1714.017866992943,1730.6264157982625,1719.4139404296875,1701.0416867387833
pipeline-0146-run-001,1833.378121948242,1.840415608962626,2003.0843302957765,1932.658935546875,1867.1408523973494,1880.9831712974044,1986.2158203125,1864.5850885033703,1851.6432650759764,2006.1480712890625,1865.5305270090382,1827.9881863060675,1834.6781005859375,1847.399941335383
pipeline-0147-run-001,1847.4301147460935,-3.438953213422622,1853.5821648923898,1822.6612548828125,1843.3632013077313,1828.0072908810012,1851.13525390625,1808.687754266314,1813.288570220128,1829.029296875,1823.118721083215,1852.4374679102625,1839.666015625,1828.5679841512026
pipeline-0148-run-001,1433.958605957031,0.6612837351155072,1447.0262034128625,1458.9244384765625,1419.9058715283263,1447.2434168275977,1504.5745849609375,1427.1738679327543,1413.3334774676512,1419.552490234375,1436.585225019992,1425.8340335439896,1455.413818359375,1446.702256547528
pipeline-0149-run-001,818.1109954833985,2.6465326539139604,892.1848464412979,859.7140502929688,854.8998391096271,806.4199462111328,868.0354614257812,834.7272412519864,766.5340596868991,842.969970703125,833.9701476052661,804.9617976808393,806.9755249023438,814.6716417075917
pipeline-0150-run-001,2056.034912109375,0.1680719430754554,2129.3662364888633,2002.9959716796875,2048.74941798029,2074.9221184448697,2120.494873046875,2068.5012594812592,2054.017497254318,2056.265869140625,2055.6165603757586,2065.138182037785,2055.01123046875,2083.53400961123
pipeline-0151-run-001,1003.6436401367188,-3.797389827595668,872.5549450050125,1059.57275390625,970.568814316538,927.7009504510231,1087.9093017578125,937.449125811057,1015.8487390288778,1037.1400146484375,973.0949069981986,995.9125812562223,1020.2272338867188,960.2330375987393
pipeline-0152-run-001,860.1742372118737,2.8625597712547144,963.1897847873237,984.3209838867188,892.195500581748,935.086045977009,897.6203002929688,860.8004988297484,838.4435850807004,839.1422119140625,877.0771109696849,864.8449236062273,842.4411010742188,863.3261219985014
pipeline-0153-run-001,1812.0783203125,0.573592110655823,1892.9045523706277,1778.5379638671875,1826.4804189292418,1840.0899604520766,1747.21923828125,1768.472574015667,1825.0408349673135,1841.7652587890625,1801.3671421201107,1796.3378231295221,1786.3857421875,1804.8763645097795
pipeline-0154-run-001,1218.4499008178711,4.455332513386095,1369.6765395342202,1184.1339111328125,1200.1721789185237,1240.6693243131806,1184.01416015625,1200.8404653598925,1251.3607321580116,1249.713623046875,1213.2456741634837,1231.6019673072838,1177.843505859375,1243.405053676269
pipeline-0155-run-001,963.4808776855468,-0.7634205078925964,874.010035662588,934.3336791992188,958.5291400115348,908.277164841847,937.5806884765625,980.1267910229175,975.0147839816125,938.298828125,964.8297694309622,965.5709768034512,959.6065063476562,967.6171337640408
pipeline-0156-run-001,2357.125061035156,-1.78305874659514,2263.3019458991034,2207.46044921875,2357.03021924504,2284.3840654650103,2203.51220703125,2338.677947582541,2256.8398627954693,2173.2314453125,2334.8716307647646,2302.5921504210874,2358.7041015625,2330.2504631677834
pipeline-0157-run-001,2134.2702880859374,-1.3342155858695062,2108.224794435835,2047.3670654296875,2112.5304352088083,2175.6175852445867,2051.58251953125,2117.1723439761,2113.855927973579,2057.291748046875,2153.318018862718,2123.133820499663,2149.2255859375,2135.822180548443
pipeline-0158-run-001,1213.1280044555665,-0.3326938460945164,1159.560906751682,1206.8095703125,1210.7469510985604,1179.3379414715519,1240.3743896484375,1226.7102080400043,1221.8702370807337,1250.21923828125,1202.9106835635212,1221.6814454409657,1206.2269287109375,1209.5799038718587
pipeline-0159-run-001,1347.9894165039063,-0.3702303391112474,1380.7406357338568,1496.676025390625,1331.2690762840841,1368.3886303606105,1419.697265625,1346.727130638224,1361.215832188439,1338.1629638671875,1362.3368336465458,1356.112377365038,1370.9139404296875,1372.4473609459747
pipeline-0160-run-001,1378.6760711669922,-0.8360791112519808,1415.7547612860221,1401.841064453125,1345.7647227897241,1419.953384897052,1383.1654052734375,1384.5967314623128,1391.7577591335792,1366.869140625,1381.1314114423694,1382.718972493166,1404.110107421875,1397.4989983816233
pipeline-0161-run-001,1905.1765991210937,-0.533644636563062,2050.288036292605,1920.0858154296875,1881.20766696165,2034.7181171855173,1930.3807373046875,1891.682789157918,1951.5055210994906,1961.3985595703125,1895.261753669077,1904.1086010288607,1963.813720703125,1888.1523062523186
pipeline-0162-run-001,1427.8025512695312,-5.220242787745889,1442.0440880955944,1531.9964599609375,1468.7403235382862,1610.7573507461927,1605.2606201171875,1571.1100704343462,1452.8140137308073,1332.991455078125,1409.9086845508564,1438.5500608568054,1403.6488037109375,1423.6186801421889
pipeline-0163-run-001,2120.773303222656,-1.1468295678377254,2119.041884230949,2111.2802734375,2113.5574711150134,2178.676079672256,2159.798095703125,2122.148215271515,2119.192176534426,2161.22021484375,2117.40242696831,2121.061039215781,2140.25048828125,2119.5355992608934
pipeline-0164-run-001,1373.692123413086,-0.1189042246812656,1440.848991902391,1329.977783203125,1368.3581635088842,1405.9190844263096,1328.29736328125,1369.1006353895161,1377.6614253045718,1404.4708251953125,1369.2958725132087,1379.0778301023893,1375.3502197265625,1373.943326728079
pipeline-0165-run-001,1331.115005493164,-1.202357419839593,1229.7629960305567,1326.182373046875,1351.6623362464163,1294.487304632748,1336.2867431640625,1348.2125308999691,1369.663031494654,1280.590576171875,1354.6269608271366,1340.21702772798,1320.436279296875,1353.5157199612952
pipeline-0166-run-001,2090.8112976074217,1.2095836886761722,2164.3236578143296,2138.13427734375,2044.4245765748983,2099.7121971499814,2155.364990234375,2073.1353344707923,2085.6191909422055,2052.99609375,2090.883813101673,2093.6793629855124,2155.5830078125,2092.3297202504286
pipeline-0167-run-001,961.0677795410156,-2.653702372441093,809.7952199191133,1052.517333984375,932.1917495746321,842.1971982518237,1057.880615234375,950.9164190971418,979.554322805837,930.58203125,967.2709573109802,985.1747256651018,986.656005859375,951.8398676657548
pipeline-0168-run-001,1372.3665649414063,0.1718872248431877,1386.0161499568944,1380.0882568359375,1356.5437071903673,1394.8986781856229,1383.720947265625,1355.8777695539811,1358.0037390038099,1347.3349609375,1341.9963233063515,1376.158343670416,1361.702392578125,1351.460844497931
pipeline-0169-run-001,1549.1643646240234,-1.7190566249709092,1478.3880333380685,1512.6632080078125,1545.1898938149855,1524.7620325135476,1606.5350341796875,1563.1509424737712,1552.3383743937732,1518.059814453125,1540.2417500196043,1544.059952748036,1551.6116943359375,1545.0429517650964
pipeline-0170-run-001,2144.8513366699217,0.5808486434736521,2187.068563489066,2156.2412109375,2151.029986521114,2162.284491783985,2204.87060546875,2136.302777226925,2143.9879225289615,2142.0732421875,2173.5800792340924,2145.114817148592,2099.29443359375,2156.019906341731
pipeline-0171-run-001,1909.2758666992188,-1.2808119589934177,2078.918677900622,1842.33837890625,1894.8514129110938,2087.770836176111,1837.80126953125,1920.550844954032,1980.6342815730777,1964.7296142578125,1918.7700472958252,1948.235490426111,1945.888671875,1914.2441439671977
pipeline-0172-run-001,1963.597505932012,0.3106896567552941,2025.9009543934862,1983.690185546875,1982.0587552005416,2007.8455628530278,2083.08740234375,1967.9392037049145,1957.9465152518226,2059.421875,1958.327370942891,1965.234780388509,1965.661376953125,1960.4943271024783
pipeline-0173-run-001,2045.770538330078,-0.785507963470452,2042.4569356755362,2029.9832763671875,2055.743919780775,2078.814894088727,1961.40625,2056.2488580585537,2037.363971096429,2046.673828125,2034.0842904239362,2043.4299831958895,2088.64794921875,2052.804310902945
pipeline-0174-run-001,1175.3966690063478,-0.3258712250769333,1105.119202648555,1198.312255859375,1175.1174871466667,1122.2616270538597,1240.4273681640625,1171.4015938080004,1179.1533448141336,1179.7288818359375,1181.4790903704766,1182.040461500161,1151.238525390625,1173.5986433718708
pipeline-0175-run-001,1774.2530059814453,2.7707616260051933,1916.7466389412214,1748.6407470703125,1790.1254894857557,1837.541899864722,1730.0018310546875,1777.020023745515,1805.4155802048617,1784.2506103515625,1765.4794087006721,1779.9026970581751,1794.5755615234375,1765.9990440626232
pipeline-0176-run-001,875.6713439941406,-0.4606946729316437,744.2733491992983,910.8693237304688,898.1772118810655,762.0652419220403,926.9566650390625,875.7408158310321,842.3572372639302,918.1259765625,903.743008334106,862.5932672039035,870.223876953125,892.5854613756346
pipeline-0177-run-001,1423.643640136719,-0.6988173712808794,1462.9077684508209,1478.87060546875,1429.4159790213837,1427.1989231414864,1457.600830078125,1428.4175087626734,1429.3904299362537,1370.4051513671875,1413.0066134137653,1436.5467496577749,1426.9803466796875,1432.457486679635
pipeline-0178-run-001,1482.1293731689452,-0.40750286846799,1532.592142551763,1466.0692138671875,1485.3824988383012,1486.9669841029556,1461.062744140625,1484.784306680798,1494.3696631779649,1467.4683837890625,1472.240136990782,1496.4283148144161,1449.2220458984375,1478.9602600536357
pipeline-0179-run-001,1490.6205479645532,2.27321091294303,1499.9316723482852,1425.215087890625,1456.116733500471,1540.999089560149,1443.254150390625,1582.7953244434332,1496.0741522617095,1450.53173828125,1456.766343208589,1563.655760224206,1535.914794921875,1516.9166076898248
pipeline-0180-run-001,2042.6361022949216,4.519738045620076,1853.9881924863996,2096.593505859375,2026.9990281346443,1885.3865452106656,2119.765380859375,2067.138116496848,1972.5235066120495,2094.9296875,2004.4841951518854,2009.2571294371803,2017.3411865234375,2058.9612110706307
pipeline-0181-run-001,1298.646187269983,2.6162641220799325,1355.6350077864493,1319.76416015625,1255.8921737466515,1303.670513503076,1265.5877685546875,1241.2174286171967,1292.7801927324065,1342.185791015625,1278.9526789137324,1274.5097457255802,1292.0732421875,1300.597502158759
pipeline-0182-run-001,1296.9454483032227,2.6403291791791204,1502.8138340118599,1291.91015625,1267.551402830122,1469.39023059441,1271.0501708984375,1279.0059150550062,1374.3143060132654,1279.6229248046875,1298.0825139815252,1352.7501726496994,1302.1123046875,1306.8833029703171
pipeline-0183-run-001,1544.4384765625,-0.1244988364708853,1602.1611951855507,1564.1365966796875,1546.8014270346548,1571.9387545222264,1538.6409912109375,1536.6306615477333,1561.4689059311065,1520.68896484375,1527.0639876449266,1557.5920721021323,1517.2916259765625,1537.5719565433112
pipeline-0184-run-001,1363.4771667480468,3.2902584312780228,1544.2848222877658,1400.4371337890625,1363.1184422214728,1490.3804210361334,1373.5780029296875,1379.6457747037093,1376.3427783771556,1335.1014404296875,1345.3143068515076,1367.9092823215506,1329.736328125,1348.8459047751471
pipeline-0185-run-001,2343.1592346191405,0.183903949639141,2382.0142351428854,2210.369873046875,2340.055868403176,2397.3850253701426,2217.9169921875,2330.837291327816,2304.430710754166,2281.685791015625,2350.3908066174736,2328.1286343375687,2335.387451171875,2334.481618883619
pipeline-0186-run-001,2584.224578857422,4.385894182163143,2372.1795554189503,2502.489990234375,2450.1721378198117,2426.431712995221,2392.22216796875,2504.505942657557,2459.3379875303726,2392.2568359375,2420.602205109792,2437.0482928492356,2457.216064453125,2466.7753522857925
pipeline-0187-run-001,1847.087084960937,2.305656598989544,1931.5794661333493,1816.52783203125,1820.5349126929104,1859.1395374566587,1778.758056640625,1845.369697176007,1829.7673563738624,1808.1981201171875,1855.646715912947,1800.1003752745385,1811.2027587890625,1839.1190563637708
pipeline-0188-run-001,1508.7336120605469,-2.147933254917202,1415.9036934287328,1581.31689453125,1511.7130050319292,1425.7869174690004,1549.6585693359375,1554.5523723367778,1522.6940295917002,1525.5308837890625,1524.6037059762539,1515.1799274080884,1519.3997802734375,1520.0815277742956
pipeline-0189-run-001,2400.5534423828126,-1.7570093489757328,2460.5967187656142,2308.308349609375,2389.2079372862504,2458.636412506331,2252.411865234375,2373.8128321302224,2367.515415675587,2278.169189453125,2348.7030650932516,2390.655467618906,2408.6318359375,2367.187410302271
pipeline-0190-run-001,1014.990510559082,-0.5899742897696671,930.4755013425595,1014.3812866210938,1020.6111105819931,946.4389825490538,1044.7628173828125,1019.1224489769683,998.9613521757501,1030.6624755859375,1012.1904402765291,1016.1675205651854,1015.9989624023438,1013.0390591306644
pipeline-0191-run-001,2083.108709716797,0.9665213826540684,2164.729683134539,2082.801025390625,2115.938335788549,2120.8150592817638,2045.6365966796875,2081.4151208113276,2067.4686169165734,2007.424560546875,2079.27380453631,2075.7367468085495,2069.382568359375,2066.492019995109
pipeline-0192-run-001,1805.7455444335935,-2.510708577486458,1731.331215689137,1790.521484375,1835.6846743211784,1699.4971351054032,1736.7884521484375,1805.34865635837,1760.5327697815997,1741.875732421875,1807.2674252764573,1782.1344725677852,1823.3291015625,1827.5054116870288
pipeline-0193-run-001,1382.7683105468752,1.5393681080676416,1443.172320039207,1356.956787109375,1384.6856561982022,1412.8046815263967,1348.920166015625,1346.7818396638631,1384.2566068352698,1372.098388671875,1390.1814216898308,1401.9791266252982,1401.0245361328125,1377.0740462090944
pipeline-0194-run-001,1205.9787826538086,1.2121737476501238,1279.2048971875802,1172.4781494140625,1216.5442867358472,1242.620230322531,1184.1103515625,1198.1555454049728,1199.201185723235,1214.8206787109375,1193.0941100153275,1219.5992339681911,1178.3050537109375,1208.8828110467891
pipeline-0195-run-001,2329.72216796875,2.3182127422468155,2429.454662693238,2247.8076171875,2355.6707456732206,2371.200485311743,2228.808349609375,2363.118779089528,2339.08211078147,2260.598876953125,2330.9326909247634,2265.8120748508536,2289.1220703125,2318.0609924110827
pipeline-0196-run-001,1630.60048828125,-0.2953340560036157,1637.6434071213089,1654.8958740234375,1626.1372244123766,1641.1714526004268,1658.714599609375,1655.2114286829008,1631.1006534309563,1624.4351806640625,1615.866636898157,1633.7754328110775,1648.050537109375,1624.3375910837894
pipeline-0197-run-001,1378.396923828125,0.1368630229939333,1465.8080590569002,1408.62939453125,1392.4293780833061,1401.6788270741185,1369.13330078125,1373.8210722880933,1375.723577426698,1416.20458984375,1367.2879230956703,1359.6230524293733,1371.681640625,1378.5905832877695
pipeline-0198-run-001,1298.6196533203124,3.153190419794865,1396.647491996629,1434.6158447265625,1472.229675268242,1258.912541667427,1278.1279296875,1295.142566340269,1224.767425691653,1347.0146484375,1271.242119767786,1271.6937054306068,1325.60302734375,1286.150982405259
pipeline-0199-run-001,1364.0867767333984,0.1578210474943993,1302.8207552394852,1406.4967041015625,1372.7081641467078,1315.7280562599797,1437.124755859375,1362.8567473873056,1336.7724129073629,1312.7220458984375,1375.4540768588977,1352.947733980704,1349.3599853515625,1381.2499088332108
pipeline-0200-run-001,2032.6932495117187,-0.9207598786673644,2015.0938366283665,2049.2734375,2048.9923055633676,2061.562238091307,1960.6463623046875,2072.534847569633,2025.94763193551,1932.7569580078125,2034.6287943554,2025.924896026358,2026.462646484375,2034.1753775273746
pipeline-0201-run-001,845.8184631347657,0.5443814759787895,778.1709287499568,895.1922607421875,850.4133078906785,758.5102891284467,893.9712524414062,844.1274659036375,811.3191035695634,885.31982421875,855.1127269663057,840.0278043387102,825.2962036132812,858.1520929941959
pipeline-0202-run-001,1406.9986724853516,0.4507800239739309,1431.7663140036327,1353.66015625,1376.857083562085,1415.1779122485468,1433.1954345703125,1377.4815815338327,1414.517119672978,1366.3338623046875,1397.7392790277972,1419.2273387981809,1374.48583984375,1403.147075531772
pipeline-0203-run-001,1123.4246704101563,-0.3928504592670888,1121.3731787192596,1125.05224609375,1153.356847434424,966.3242011696292,1101.6649169921875,1147.6754390915532,1119.81147561895,1150.687255859375,1120.1251623331716,1124.583915689654,1181.567138671875,1142.8026568047528
pipeline-0204-run-001,1900.2503026536676,-2.827474782146009,1901.3023748417622,1965.40380859375,1890.750738682291,1862.8533338920672,1905.446533203125,1884.3617449146839,1864.71072931399,1883.020751953125,1890.1826469049772,1895.2334240658784,1915.821044921875,1903.7582893514243
pipeline-0205-run-001,2062.128048706055,3.0446290721082456,2144.234074018066,2017.29541015625,2197.19153224727,2064.9994751458,1995.166259765625,2138.448769377379,2095.118819344809,2155.4970703125,2082.5695473707106,2105.489072581378,2103.815673828125,2093.173158771307
pipeline-0206-run-001,962.7394775390624,2.30006650636698,984.1649691361664,951.5352783203125,924.408830960308,962.5917720736718,1014.8341064453125,908.5425332553108,938.367767480469,963.8349609375,937.7785008986544,942.5962279188207,998.40673828125,960.7061578897556
pipeline-0207-run-001,1325.8602600097656,-0.8078355049687658,1235.8310530542394,1385.9788818359375,1304.5210037742836,1295.1268115874454,1395.2415771484375,1298.3971335707174,1318.634002404588,1267.9720458984375,1314.008494431554,1306.5624237006514,1301.1055908203125,1335.8917182977152
pipeline-0208-run-001,1640.7293609619142,1.491742155586944,1721.9760707312112,1616.9124755859375,1625.1093797900428,1614.059258660269,1627.2828369140625,1627.1088602238087,1641.9856775813735,1569.0076904296875,1640.4413938923735,1637.9945593990626,1678.32177734375,1657.556151318503
pipeline-0209-run-001,1983.0043090820316,-1.3944491215148052,1953.7396627241128,1896.1181640625,1977.6712970775163,1968.1736564587823,1864.408935546875,1979.5168197798823,1978.2297952728313,1988.894287109375,1970.7695287075314,1978.1607820469599,1969.1541748046875,1968.5531416683789
pipeline-0210-run-001,1189.0498138427731,-1.4508468764186844,1118.0015859570633,1201.199462890625,1182.0111804558537,1151.8015706080687,1168.92578125,1163.4053843632973,1167.1031157355608,1226.5126953125,1155.5009274644556,1183.9085317772156,1185.89794921875,1172.1329905446667
pipeline-0211-run-001,2267.1717773437504,-1.2478880878592464,2270.45008609819,2194.212158203125,2240.509567939901,2347.4252860395713,2199.718017578125,2281.3547934792055,2226.7928063244867,2181.0341796875,2266.652536854324,2255.077764635397,2246.261962890625,2259.568946170109
pipeline-0212-run-001,2290.394244384765,2.750996675395228,2319.3812241942032,2163.2373046875,2260.3051628511826,2254.164302737664,2081.924560546875,2211.5407456559583,2241.1302008541184,2243.1328125,2184.077881389328,2182.4934916937013,2139.47412109375,2178.9164510546266
pipeline-0213-run-001,1996.8253784179688,-0.8360043887103527,2036.1810649264207,2016.4144287109375,2004.8655165711446,2042.060161809329,2051.026123046875,2001.2372115592989,2002.859911615551,2038.26904296875,2006.0396893546804,2001.5132834856042,2021.736572265625,2001.8130063646092
pipeline-0214-run-001,1428.7352052798942,-1.4785045420117604,1394.010062253872,1514.153076171875,1411.7350802818928,1415.326060075814,1468.7425537109375,1448.2807176194103,1457.0993276415375,1399.163330078125,1440.6227754574036,1422.426842200483,1414.989501953125,1426.2949216071038
pipeline-0215-run-001,1424.8345947265625,-0.1607910546915371,1457.7006342053314,1417.052734375,1417.5894746911924,1457.2934220059544,1522.4991455078125,1433.9074213557803,1445.5185347044016,1423.3671875,1425.8072898906737,1441.9679412131622,1429.0452880859375,1425.7568010638486
pipeline-0216-run-001,1499.381231689453,-0.4029564492592179,1357.3300836315073,1498.07568359375,1510.0728558878184,1448.870071875544,1502.3267822265625,1556.7509743602357,1528.6967426993526,1473.52490234375,1564.8604003774387,1483.8095322887941,1516.139404296875,1534.71751103783
pipeline-0217-run-001,1212.1434188842773,1.5932516220255597,1276.8888832750326,1202.56640625,1180.7910293095852,1262.4142437570551,1267.555908203125,1188.58101882573,1224.0995856344093,1242.332275390625,1196.4887609236303,1229.4629990827152,1208.129150390625,1201.8078839735292
pipeline-0218-run-001,1929.4153228759765,-1.7818955109885235,1950.4576781080714,1858.9013671875,1927.9624513045926,1965.5518229818572,1836.0120849609375,1923.1256974916662,1903.4295475228591,1815.7869873046875,1917.1080439439022,1924.7596130259826,1882.4808349609375,1930.2110088513975
pipeline-0219-run-001,1766.3918640136717,-5.227362105230292,1940.8146042441847,1831.8828125,1805.114657857254,1991.685929758725,1928.144287109375,1861.2084206626653,1813.9362953944196,1836.0279541015625,1792.4526748621975,1776.364221115564,1823.3858642578125,1782.6462970504647
pipeline-0220-run-001,1599.3410430908202,-3.916536284905545,1501.448297189746,1550.279541015625,1618.7020487294287,1642.6164129189228,1547.5565185546875,1568.1984503478006,1663.028585742641,1604.79443359375,1622.298062590721,1613.2294062001515,1634.1978759765625,1603.866859834986
pipeline-0221-run-001,1407.8794021606443,5.524552644008989,1402.83787072512,1308.68359375,1447.9971437277954,1619.040084475525,1420.3233642578125,1465.3591442883162,1474.3217370467466,1433.046875,1412.2635415477853,1423.54359545841,1426.396728515625,1402.644111739095
pipeline-0222-run-001,1537.7974853515627,0.3054331982511246,1488.8902232244345,1478.6773681640625,1523.0118231599592,1446.2745080020343,1523.7794189453125,1536.8321538342304,1536.8812684659256,1464.9669189453125,1525.1707335991694,1520.9458230251573,1531.7396240234375,1535.7377549310138
pipeline-0223-run-001,1875.4426025390624,-5.4010935604855455,2007.8774724395105,1964.8116455078125,1903.743060144513,2201.215317632372,1998.6124267578125,2002.0462437414906,1877.5788758755264,1835.2767333984375,1771.924106494979,1851.5120343396839,1832.7806396484375,1855.3892009061592
pipeline-0224-run-001,1658.8165313720704,2.854839820996028,1772.2609158073371,1639.18359375,1626.34894774272,1691.4072407194956,1659.4462890625,1648.1178579901255,1662.8927878416055,1692.7513427734375,1636.4119942467332,1650.2354756758443,1588.9193115234375,1641.316706676181
pipeline-0225-run-001,1296.7434020996093,0.4741455691376077,1273.6447227818549,1318.7867431640625,1279.4328530188893,1252.188242543684,1331.183837890625,1290.7968127287083,1298.6114981481242,1271.2203369140625,1302.074412391942,1309.386330605504,1284.9244384765625,1295.0758921540926
pipeline-0226-run-001,1973.5115966796875,-4.075895624295656,2005.8588982922365,2033.2279052734375,1956.8465420648402,2020.7203231829408,2082.19580078125,2032.2807901505591,1946.238999092313,1910.2012939453125,1962.931573118194,2004.9009503122634,2003.3590087890625,1993.1000562110196
pipeline-0227-run-001,2131.78203125,0.5588147455691126,2237.6570114613723,2116.93359375,2151.113837577561,2183.013822377838,2140.13037109375,2149.8860619839725,2139.522266937507,2116.03125,2142.4332752936534,2142.1423904421763,2151.96044921875,2149.8846124539828
pipeline-0228-run-001,2437.298260498047,-5.044546318123994,2545.918601686917,2468.5791015625,2482.19864210541,2546.7023444842157,2449.40185546875,2502.9636803464073,2270.766107108483,2251.141357421875,2281.5807591345842,2357.508896546444,2379.17919921875,2366.1652503184687
pipeline-0229-run-001,1831.864535522461,1.3548097298366288,1986.007502521349,1884.557373046875,1877.222347508039,1917.0862025911256,1893.1151123046875,1868.4705238220795,1863.963013500926,1867.64306640625,1849.2434052621911,1823.6629465042367,1855.4522705078125,1835.8240064424917
pipeline-0230-run-001,2442.641778564453,4.260461976773625,2485.172975955287,2568.301025390625,2507.8091291413707,2399.479233784571,2479.034912109375,2373.3552328923615,2574.3108766900277,2513.360107421875,2458.051986559581,2488.363296168085,2480.324462890625,2431.1453429533826
pipeline-0231-run-001,1441.26494140625,-2.381717684493422,1258.4232559157517,1455.5126953125,1458.5386053992286,1337.4707468853314,1453.2938232421875,1423.084012979741,1449.7080548209353,1379.7275390625,1456.287230619132,1429.5250882134392,1440.486572265625,1444.57183712033
pipeline-0232-run-001,1561.734381053073,-1.8886412640299133,1637.2860393804488,1541.0858154296875,1544.6106874129773,1601.8292136593186,1563.78759765625,1567.3563815491386,1582.4210105762174,1616.804443359375,1550.6524217519375,1578.3434776142522,1543.0435791015625,1569.2232109516215
pipeline-0233-run-001,1775.1173278808594,2.188538618116004,1909.339235137122,1759.966064453125,1821.5876538432349,1839.1702088603495,1710.625244140625,1801.997776566933,1787.5976555161546,1773.61279296875,1811.6848110124174,1772.0723934816372,1771.640869140625,1798.171131544081
pipeline-0234-run-001,1992.4070861816408,-0.067339821373508,2014.352276257183,1997.0211181640625,1991.7997483543797,2009.4635327329252,2033.912841796875,1982.4211079751085,1965.5037598350712,2013.0574951171875,2009.8486030190488,1985.3447254235248,2005.60009765625,1991.0045758679291
pipeline-0235-run-001,1707.655316162109,1.1735788694949347,1868.470547654774,1809.2744140625,1699.5812393854296,1768.3797455027736,1834.76953125,1726.364613159181,1720.4217174863381,1663.00634765625,1699.9176161241983,1700.8366880040926,1659.45556640625,1697.4155199615032
pipeline-0236-run-001,1913.1988891601563,0.0879716138063672,1875.9986139741354,1837.59814453125,1912.705203593132,1884.2201158544751,1848.8623046875,1931.4970034097441,1875.9293699359241,1885.011474609375,1933.0971631339569,1894.1997464785165,1942.3997802734375,1918.5264405459147
pipeline-0237-run-001,2978.0632446289064,5.585855038331475,2340.42484413724,2555.597412109375,2673.6885360855345,2484.8849242799533,2758.6689453125,2771.709669910492,2834.155920990993,2976.90234375,2939.3231759659307,2805.503749437966,2977.10009765625,2848.3717131379394
pipeline-0238-run-001,2567.469116210937,0.0524921011383934,2553.9590981201713,2439.484619140625,2509.6157451924814,2533.6518418896526,2508.046875,2531.973447093808,2473.4017939480086,2446.86767578125,2521.631889264688,2519.9283014188304,2437.532958984375,2524.3099903381994
pipeline-0239-run-001,2274.631103515625,-2.1504069801315486,2352.35942739445,2135.476318359375,2240.498316369533,2388.919358286185,2109.9873046875,2223.8587535752467,2250.4780701320597,2208.99853515625,2233.397961280236,2278.721506240615,2314.40185546875,2233.1767693671472
pipeline-0240-run-001,1844.9629150390624,2.6503819931065538,1974.8473780557413,1872.0030517578125,1843.6461652060086,1879.1161481273302,1826.74853515625,1868.1284988498646,1874.364387024235,1856.9105224609375,1841.3924482539178,1897.0176156250216,1810.38427734375,1858.913977254956
pipeline-0241-run-001,1039.1942626953123,-0.1007935175349046,956.1344459120936,1091.482421875,1051.459562338987,944.1515146189224,1113.5308837890625,1051.7978328550837,1022.8737592493756,1017.1813354492188,1072.111314604461,1034.7727862705563,1042.41064453125,1055.356878632061
pipeline-0242-run-001,1661.063491821289,-0.0044461858736602,1663.595064080492,1695.3060302734375,1662.6458840021578,1654.3926647065673,1677.233642578125,1667.451249877268,1679.9082397787902,1629.1575927734375,1657.8864585522078,1664.4988205207164,1629.059814453125,1663.7300605221856
pipeline-0243-run-001,1451.0100158691407,0.815065979420355,1538.8875146052155,1593.3194580078125,1432.7242244665176,1491.830558346333,1578.6614990234375,1444.299951400743,1475.1602988810318,1498.107666015625,1441.754988518044,1461.9453538586326,1444.121826171875,1440.4202781392185
pipeline-0244-run-001,1146.7053619384765,-1.523625847779552,1006.3623452010366,1178.9429931640625,1128.7564914087945,1100.7173856779896,1185.4342041015625,1156.7220694939078,1193.0444126500643,1147.7230224609375,1153.1398851484275,1136.617180527868,1152.0831298828125,1156.0601780772406
pipeline-0245-run-001,1207.4569244384766,5.0249042359800935,1303.6138490727146,1221.415771484375,1204.8203852443737,1359.4744314367206,1197.8756103515625,1271.2101456178143,1213.037424715736,1176.5687255859375,1225.6003704931857,1210.6385324123034,1200.1068115234375,1215.2363160162888
pipeline-0246-run-001,1998.8440246582031,5.852663164169146,1777.5850904001693,1943.053466796875,2064.0835400186484,1913.0074517266337,1859.3116455078125,2055.2019400564927,1922.4103714307,1988.81787109375,2016.3927659368155,1956.219946890629,1946.368896484375,2025.9405216481211
pipeline-0247-run-001,1132.7495361328124,1.7764608482769049,1211.5925410161626,1232.3609619140625,1095.4895190639088,1095.490825927578,1239.76123046875,1150.258114753951,1068.8071512534154,1197.9140625,1113.6928901780925,1125.1919630685682,1152.6790771484375,1150.248114019439
pipeline-0248-run-001,2406.950091552734,5.253298517213016,2380.55181377191,2528.92822265625,2535.3071958421547,2369.4565715672,2577.508056640625,2541.40064667836,2562.582560329083,2449.73486328125,2519.7449718662897,2471.520898729034,2431.55712890625,2492.1965702747807
pipeline-0249-run-001,2331.320364379883,0.4703659969436842,2383.342638005918,2254.500732421875,2327.4022778838967,2337.504101563325,2213.685546875,2324.317922794233,2306.934331829686,2289.32373046875,2354.097762807821,2319.568176386847,2325.01806640625,2321.1993131598124
pipeline-0250-run-001,2111.5551544189457,0.4981180841639527,2365.348425005708,2147.5810546875,2136.5012307430857,2304.6091841188895,2147.009033203125,2134.037043496761,2198.77323021711,2203.090576171875,2153.2738763954194,2138.022575538244,2192.343017578125,2134.6391233457966
train-h-0001-run-001,1638.9377319335938,4.194055594483937,1706.4174372418393,1632.0322265625,1590.770142637596,1729.2314034557237,1618.65966796875,1613.7860222650108,1616.885280397798,1712.861083984375,1645.3740280809423,1627.6879975879715,1618.0369873046875,1631.7980847858528
train-h-0002-run-001,1139.8164337158205,5.611278951893146,1238.2470208202885,1271.795654296875,1150.9644436095807,1257.8472829115703,1242.632080078125,1153.638761871651,1149.2352902131283,1151.9478759765625,1139.8547840685999,1151.7233888778333,1140.3070068359375,1097.7585736576068
train-h-0003-run-001,1943.7562255859373,6.019784128445552,1842.6936196137535,1839.537109375,1914.4989172402209,2054.4173311385675,1775.3885498046875,1998.8020849589066,1959.0996122566044,2100.759765625,2008.380787541823,1939.4416643020093,1927.3297119140625,1985.3380013945543
train-h-0004-run-001,1913.4447021484373,5.225787744668579,1704.1308499835393,1787.7183837890625,1863.0576434873194,1784.4396011884987,1929.298095703125,1881.9519257497047,1763.9404660896853,1804.272216796875,1879.0004481481003,1821.4112878669603,1850.9114990234375,1882.5004535570722
train-h-0005-run-001,1653.0457641601563,4.571210936441985,1841.9556051478069,1569.724853515625,1592.6555749162524,1849.1893236313272,1678.6549072265625,1655.3783662438955,1710.581195246002,1726.83837890625,1636.9130577381602,1688.2436759583732,1614.6495361328125,1623.6884619847951
train-h-0006-run-001,1183.967602539063,5.2894252596462525,1453.2659972817626,1151.4122314453125,1211.5370195026878,1521.3823220706693,1193.4686279296875,1248.9875936400647,1233.8208567330018,1227.3072509765625,1238.4099940824653,1245.6648591121475,1116.4354248046875,1223.4126940508513
train-h-0007-run-001,2378.470880126953,4.817493733807599,2296.27491468048,2284.0107421875,2439.4615680460843,2220.813659844386,2238.479248046875,2332.367379180809,2400.5578382201197,2436.2626953125,2334.6273083390925,2332.5679840758658,2405.5146484375,2356.701405754228
train-h-0008-run-001,2064.1611450195314,4.100185195384973,2087.9805072763593,2136.357666015625,2077.9585105518922,2109.8780413735076,2002.80517578125,2104.078973026204,2121.8023997416435,2257.948486328125,2066.9087098230816,2141.059363880158,2076.365478515625,2116.2238954122513
train-h-0009-run-001,2311.5503845214844,4.222311393791765,2205.126485251599,2375.5263671875,2264.2285436318225,2192.672682560878,2313.97021484375,2231.514089681667,2248.472842486126,2295.203369140625,2211.610780638572,2263.816892113533,2305.562255859375,2245.3575228153254
train-h-0010-run-001,2373.0220458984377,5.486705358261587,2042.9816199359914,2205.160400390625,2263.908113890635,2157.6334091551385,2192.67138671875,2344.573846679906,2297.971728547269,2393.599609375,2381.9877921216485,2311.2537964813564,2373.455810546875,2343.337341333478
train-h-0011-run-001,2354.222769165039,5.331881427276077,2158.834636295919,2270.940185546875,2300.9533394395935,2267.8369833343563,2204.655517578125,2298.9549835348707,2315.5472012771384,2300.040283203125,2310.492281127557,2305.087554492293,2335.957275390625,2307.823489379745
train-h-0012-run-001,1789.287628173828,3.5892394076329994,1838.4958518670476,1795.3438720703125,1797.7232489232483,1784.0414311070083,1745.88671875,1789.7580438078087,1793.233821969059,1800.5289306640625,1794.3450198334951,1799.8880565666482,1787.84912109375,1798.7344503147053
train-h-0013-run-001,1289.7180053710938,4.049420009997594,1505.7861066673388,1394.1138916015625,1326.3217041398536,1466.3934331624903,1354.3695068359375,1329.353841883719,1325.2664857240047,1363.486083984375,1296.815134889053,1324.3493367255824,1301.0245361328125,1289.1160272522025
train-h-0014-run-001,1807.6473388671875,5.688785392305943,1619.5222867882185,1649.3546142578125,1795.3658711768524,1779.4382346222421,1770.333251953125,1809.1334721005394,1744.2303619397387,1785.8126220703125,1764.3862211392413,1763.3196628134665,1777.2930908203125,1784.4054712737607
train-h-0015-run-001,996.7227600097656,4.231483874120441,972.6668436439181,1035.39208984375,1086.4026940567283,964.2150963256282,1042.8408203125,1040.3943936355458,935.2575845828187,942.2487182617188,978.6228562106107,944.4426762040307,1014.966796875,991.24454282408
train-h-0016-run-001,1172.411022949219,4.97267334820358,1340.7138552609138,1278.6861572265625,1214.967520132974,1348.076181176555,1187.2633056640625,1164.4096466119004,1185.8102990689872,1187.392822265625,1146.69080786922,1182.661288023381,1177.88720703125,1144.2678982597783
train-h-0017-run-001,1432.9198379516602,4.666376311892439,1456.1024217422896,1531.5411376953125,1470.5395624797068,1490.2235763479894,1616.1612548828125,1434.1027355072313,1434.5109771314724,1512.710205078125,1446.6749710902207,1458.181142476101,1447.7589111328125,1429.331043779606
train-h-0018-run-001,2325.90641784668,5.639848512083116,2063.614239049073,2113.862060546875,2244.164570994511,2318.1419402840133,2305.86474609375,2402.311693971893,2295.0257951365165,2291.41064453125,2375.9681881444158,2296.6291060711437,2358.32958984375,2346.631900380632
train-h-0019-run-001,1093.7171020507812,4.321786330462615,1184.6184613764021,1212.035400390625,1126.095595647675,1158.4032139247124,1212.8392333984375,1068.8402915291833,1070.7169463468972,1211.337890625,1108.7927623240137,1096.06044092111,1070.517578125,1118.2474656415047
train-h-0020-run-001,2212.822494506836,4.4286918350251705,2215.059908072908,2422.349365234375,2332.1014426048805,2226.7736554988583,2300.045654296875,2331.226123516198,2274.3067606942714,2328.281982421875,2300.5220424601684,2260.9268403181104,2274.306884765625,2309.7380886517167
train-h-0021-run-001,2587.050308227539,4.86174958946509,2513.9244409452263,2536.14111328125,2575.4904893488842,2529.539474820958,2707.298583984375,2665.671375195055,2708.732527755059,2788.78271484375,2638.5664007092482,2630.122538799107,2709.984619140625,2622.948367351149
train-h-0022-run-001,2241.814761352539,4.986782055821365,1971.254940573243,2109.600830078125,2076.318229020145,1939.7826361834873,2260.064697265625,2064.1869198699555,2140.307769763902,2116.54736328125,2161.1085765132225,2170.5016848321047,2195.57763671875,2154.8062837301745
train-h-0023-run-001,2351.6261352539063,3.734412759765728,2390.5883308632874,2421.66943359375,2388.087855659555,2365.1630438433576,2377.720947265625,2390.225262834825,2390.607237043603,2372.2451171875,2374.1234708008087,2385.336025407524,2327.533447265625,2391.1635963007616
train-h-0024-run-001,1444.6102813720704,5.457793596140165,1597.7767646871066,1375.5042724609375,1559.5949028432904,1707.7912813272794,1404.5921630859375,1614.4620017865775,1551.1824710037029,1522.71826171875,1518.8229861803436,1525.3810274364541,1507.27685546875,1502.972711737077
train-h-0026-run-001,2504.883056640625,4.968860576271529,2369.212731379511,2364.976806640625,2524.0766718287973,2473.395006010047,2455.179931640625,2521.1111472928696,2556.7233806324152,2443.380859375,2504.640201620221,2565.96095335915,2480.165283203125,2511.619419163893
train-h-0027-run-001,1329.6113039127067,3.930704221376366,1415.9609116570946,1407.978271484375,1328.7960951286502,1480.6559427960838,1315.568603515625,1374.618337648456,1353.0978302246908,1365.42333984375,1343.0015816032367,1365.4598356182116,1327.5751953125,1349.2136446909892
train-h-0028-run-001,1609.284732055664,4.136661448220183,1736.4286529510114,1932.2977294921875,1596.2347672482447,1720.0734909764205,1849.3480224609375,1576.2830685682957,1655.1200114462727,1726.591064453125,1636.4292882968396,1642.1497544107865,1603.700927734375,1596.0335598690933
train-h-0029-run-001,3027.1533966064453,4.887036361103937,2850.9769140946455,2960.545166015625,3098.7359120993183,2978.4760291593866,2878.060302734375,3144.9183324909814,3140.9270361630124,2979.67138671875,3107.3172373601815,3107.626943847482,2979.373291015625,3090.557799333938
train-h-0030-run-001,2232.156692504883,4.915599912606314,2179.254915191283,2285.80224609375,2335.366319498065,2158.1731725649597,2275.12939453125,2230.1014555506486,2275.3022621798937,2329.693115234375,2277.501869000222,2304.4417848138364,2342.01708984375,2262.5425019091376
train-h-0031-run-001,2947.871597290039,5.054611063834651,2700.1288028268364,2956.741455078125,2972.220543358728,2731.530559377592,2876.2314453125,2899.9359616945862,2925.473387264544,2935.432861328125,2867.4518499706996,2947.2581423304714,2868.568359375,2918.255848741661
train-h-0032-run-001,1660.856607055664,4.669107611915793,1702.0157414299415,1623.255859375,1664.6516074284275,1706.229432610413,1656.407958984375,1617.3289024169799,1651.4976955967084,1705.7945556640625,1646.193957542355,1658.9671771384951,1651.9493408203125,1634.3210983824054
train-h-0033-run-001,3001.2545166015625,5.7249037987744025,2626.930153923188,2733.02880859375,2931.685977322861,2691.7049502231025,2724.036865234375,2881.0959285207246,2971.277532808488,2859.187744140625,2955.2700939968527,2891.739750035623,2899.583251953125,2903.120587076921
train-h-0034-run-001,2563.7697479248045,4.343826153373083,2553.832228092323,2418.63232421875,2600.0653611865496,2561.4647868646452,2453.984130859375,2640.987921402712,2602.619720842058,2618.926025390625,2601.193731730299,2621.380746748313,2562.227783203125,2576.9784427947798
train-h-0035-run-001,3181.5945587158203,5.622548974119736,2593.0773541097406,2598.2587890625,2892.8646337769146,2760.712423619322,2979.190185546875,2912.4462686354896,3016.9377960461247,2666.240234375,3128.1852199534437,3131.00468103443,3010.95166015625,3168.1681852971574
train-h-0036-run-001,1823.1132232666016,5.168163300419239,1664.821686459255,1734.19140625,1721.2431904558316,1715.3129576623958,1825.479248046875,1773.599066272401,1689.2748906136367,1714.8863525390625,1769.3545610239482,1740.6442903883299,1767.4609375,1789.5016243422112
train-h-0037-run-001,2688.596008300781,4.157932071802551,2672.5092116572177,2676.16162109375,2726.929469703866,2638.9818978036233,2652.6708984375,2638.453457705083,2770.7132964765337,2599.673583984375,2695.3942199469057,2746.91542689381,2864.61767578125,2686.3178737494036
train-h-0038-run-001,1255.5875701904297,4.169923609205309,1453.9801493194946,1296.64501953125,1254.6488509060703,1330.1102786967012,1295.0032958984375,1251.2702517182443,1275.5104070344391,1308.318115234375,1277.4100983026503,1271.1171783060895,1250.4200439453125,1258.0742327565365
train-h-0039-run-001,1977.456591796875,4.329640049033042,1932.3610450662788,1854.0089111328125,2002.9981337978206,1925.3544616455506,2182.29052734375,2003.3827686364873,2001.4622694912732,2010.5030517578125,2043.7429760607583,2018.0414669900506,1930.3812255859375,2002.9115378704485
train-h-0040-run-001,2576.376281738281,5.120011002827016,2267.359387587563,2513.608642578125,2563.4659654609836,2339.788009619955,2647.18017578125,2600.3284149037086,2514.8790578029484,2509.89453125,2592.7677495604435,2532.3936780298927,2502.085205078125,2604.162928413233
confirm-h-0001-run-001,1087.087420654297,4.107129052016963,1156.6143572177066,1045.47021484375,1048.0071855601038,1154.31316700126,1098.819091796875,1064.6932905528963,1076.900885020003,1112.385009765625,1064.3640778478748,1072.6870790045623,1069.8699951171875,1079.4316967104257
confirm-h-0002-run-001,1676.2537902327608,3.889506492747892,1806.4683117892635,1702.76025390625,1768.0322917495566,1759.0213763984568,1716.4520263671875,1719.7535143634013,1711.5295566114812,1688.560791015625,1702.9394242661836,1712.649856305064,1705.8607177734375,1713.515219017497
confirm-h-0003-run-001,2483.645495605469,4.86130739977658,2423.5735387765067,2560.6689453125,2491.651415897692,2448.0994901268455,2649.062255859375,2534.081500710931,2612.785107670188,2514.217041015625,2532.7615486725754,2536.037810968054,2598.571044921875,2527.149456271915
confirm-h-0004-run-001,1527.0275482177735,4.787735470777094,1571.6615186715885,1683.9715576171875,1631.6087588432529,1652.8686786787996,1616.757080078125,1594.67153519713,1548.6513363947074,1607.6485595703125,1538.0672524083686,1544.3411304036679,1491.1256103515625,1521.308415940768
confirm-h-0005-run-001,1636.4659606933594,5.513792625748298,1536.272027644319,1623.3046875,1605.8513885980285,1650.9594929907205,1805.8114013671875,1630.4823549590246,1528.0575279129569,1635.6871337890625,1625.1592442860804,1588.1265644437387,1583.444580078125,1597.0155405543912
confirm-h-0006-run-001,2220.583312988281,4.111644319417375,2052.7260537954594,2102.2666015625,2112.5332040935587,2074.072966359278,2121.63134765625,2140.46277774635,2087.696279128764,2126.710205078125,2077.9360750310843,2074.708126849119,2085.259033203125,2107.042101664028
confirm-h-0007-run-001,1735.3849609375,4.124158563363082,1777.1432687655072,1746.294677734375,1778.94284012719,1827.53140854682,1787.970458984375,1827.5055242783703,1753.251521422094,1734.8402099609375,1802.4118192409412,1765.919456211863,1706.5,1806.4825401547885
confirm-h-0008-run-001,1175.3870758056642,5.514002764951087,1471.3301230224938,1277.14453125,1305.509333138766,1509.814500774276,1405.9481201171875,1330.7026746690624,1229.965200718744,1246.79736328125,1169.8381910257147,1203.3431739648267,1143.957275390625,1168.2460379906572
confirm-h-0009-run-001,1797.77626953125,4.976330882450034,1881.3020132633665,1635.61767578125,1827.0444491250782,1885.2210418435693,1704.2447509765625,1791.1611337093318,1795.6651207920295,1827.36181640625,1781.296506836162,1800.9779444485844,1797.0626220703125,1781.3891586420375
confirm-h-0010-run-001,1875.5657897949216,3.9953096726812514,1919.194636182108,1995.718994140625,2023.1084245895509,1928.6096778211158,1965.0770263671875,2001.9517337945254,1919.091895058034,1982.8857421875,1939.5288238697592,1919.750824755291,1864.7178955078125,1943.8476627775951
confirm-h-0011-run-001,2589.1981872558595,4.280403717670584,2579.28224282232,2467.7958984375,2673.023051132673,2563.581546065821,2729.974609375,2576.844146612893,2687.723459926316,2593.287109375,2597.044562880265,2695.1199902180633,2667.74755859375,2591.312171994872
confirm-h-0012-run-001,894.1662719726562,5.076495050929995,1043.077814811202,1026.0137939453125,939.7965149126591,1115.7808609079937,1089.1126708984375,979.9175968259118,914.5355457051759,940.5391845703125,928.3034589620092,904.3213846264287,909.0075073242188,924.8188058948855
confirm-h-0013-run-001,2058.962815970429,5.717256773285859,1786.2442301806034,1987.7489013671875,1951.2029221634848,2042.772375125272,2070.23583984375,2131.7445277309916,2033.2122901907023,2108.612060546875,2146.4470402659576,2014.9016526012626,1982.1611328125,2110.8641620082653
confirm-h-0014-run-001,2856.222463989258,5.393152626599634,2554.258205526114,2848.680419921875,2859.242181486076,2612.5914154650704,2759.90283203125,2863.7481389762593,2819.1773301545027,2681.769287109375,2834.2253871112066,2771.669921440128,2694.92626953125,2860.27202342835
confirm-h-0015-run-001,1292.6104049682615,4.527483829813338,1447.8783237604807,1263.1258544921875,1330.1851280247176,1441.9760972024326,1230.655517578125,1300.1956328801646,1345.079575484531,1309.024169921875,1288.621825396131,1318.7813156529796,1323.4569091796875,1284.0812899032833
confirm-h-0016-run-001,2535.431311035156,5.71820927502707,2068.686416963483,2159.348876953125,2298.4709681647687,2164.7977159892735,2176.2294921875,2349.0409968060208,2410.8187486469956,2360.66064453125,2469.977077508562,2376.4239266158293,2466.48388671875,2412.944883837729
confirm-h-0017-run-001,2548.843963623047,4.306800552044905,2452.6916065347577,2655.163330078125,2572.5916308867177,2427.6517286018798,2621.166748046875,2580.536612149768,2617.080936976072,2525.724365234375,2575.848253596848,2609.3825501937094,2533.38916015625,2591.7722584676585
confirm-h-0018-run-001,2260.0447540283203,5.203517301478895,2115.1343308008845,2271.3935546875,2261.0747737223082,2178.1244108174005,2258.1337890625,2212.8725731683135,2203.317982193419,2229.69287109375,2238.93649865008,2217.9235019885955,2274.414306640625,2247.087009604707
confirm-h-0019-run-001,2297.401763916016,4.02035457549356,2351.4596015866664,2246.25634765625,2368.6683934222815,2285.6287022077017,2139.4951171875,2388.030304879721,2318.2645499690743,2220.424560546875,2344.6679857179174,2330.6714023892764,2321.832763671875,2310.894628605321
confirm-h-0020-run-001,1770.9924850463867,5.015601676911177,1710.2373782732193,1658.6025390625,1637.8103981625027,1704.3047325221412,1626.2933349609375,1703.834095505749,1721.6856825450423,1819.457275390625,1700.0807599100908,1730.4887903187223,1760.82421875,1706.303899716552
confirm-h-0021-run-001,1702.768295288086,5.348564282346843,1772.8219976215485,1674.5400390625,1768.3714807709212,1856.9138401954647,1684.1668701171875,1757.8969293355149,1729.5617854946192,1796.3038330078125,1793.123373456446,1748.4097621763053,1716.8511962890625,1763.4109354401273
confirm-h-0022-run-001,1418.3005310058593,4.723168710308157,1544.9126223285632,1375.2745361328125,1467.19131538764,1545.301070809577,1361.377197265625,1437.2931484356777,1452.2925905781062,1382.0325927734375,1426.1421042212478,1425.2064271502475,1393.0067138671875,1428.1439680016156
confirm-h-0023-run-001,3176.650854492188,5.708220904399844,2731.1814390985937,2778.935302734375,2867.9257884447347,3004.6965689237895,2953.945068359375,3077.8149328764507,3252.3550986936784,3005.73388671875,3182.730672326709,3287.4993513687723,3002.551513671875,3123.8720583536765
confirm-h-0024-run-001,2070.235452270508,4.244113375250592,2141.7668232436795,2144.184326171875,2147.63185511212,2069.681443415404,2096.980224609375,2084.6823093867133,2123.790227864157,2184.092041015625,2057.452782071088,2085.5826136745172,2119.92724609375,2084.3301148037467
confirm-h-0025-run-001,2529.3296661376958,5.628667496115066,2319.9700176974998,2596.70263671875,2693.774183813464,2379.0103995122745,2765.909423828125,2614.111941160824,2627.7865828762874,2770.23193359375,2698.207822038355,2683.2367525767063,2703.762939453125,2678.269008218495
confirm-h-0026-run-001,1727.854214477539,4.73384813842906,1896.963725092543,1728.4381103515625,1760.8352643282642,1820.404829523277,1658.4322509765625,1793.7665195471327,1754.824790093319,1694.212890625,1721.2518993130132,1739.618983464568,1742.05712890625,1746.810507147932
confirm-h-0027-run-001,1386.8132553100586,5.418605383448342,1358.360242826495,1365.3087158203125,1344.371910916136,1405.7483158565165,1423.24365234375,1362.7851456734666,1365.8321423791745,1362.4832763671875,1364.244159565442,1358.6498993157516,1385.277587890625,1375.5659144009433
confirm-h-0028-run-001,2268.424072265625,4.866115866911973,2205.4246367318883,1990.2049560546875,2169.906513316598,2200.9923334281207,1971.920166015625,2177.7784657877055,2245.0139446361,2196.509521484375,2228.574745921723,2246.0485184260756,2230.38525390625,2235.277089980641
confirm-h-0029-run-001,2463.625134277344,4.134618951007591,2467.1619030401353,2664.19873046875,2535.703831237581,2448.6071571294733,2587.640869140625,2537.243157026771,2544.5296920548135,2578.983154296875,2520.2074308844662,2539.953246219487,2513.361328125,2500.5418790152944
confirm-h-0030-run-001,1972.6209564208984,4.0225826100462445,2079.494373422364,1951.51953125,2019.7204082065282,2058.3236595221006,1894.3951416015625,2007.9618459252472,2032.93638872882,2075.18212890625,1995.2258884382009,2008.8856536059905,1962.200927734375,2001.226533701437
confirm-g-0001-run-001,773.4890991210938,-1.1958488870210453,662.3715706888295,810.7621459960938,760.3563939924061,696.6042293077135,843.7744750976562,766.4631050238559,768.759203196166,869.4697265625,774.9112410434442,768.46714585213,821.8961791992188,783.8283704069377
confirm-g-0002-run-001,1292.765658569336,-1.841833936095796,1292.073879516637,1328.7225341796875,1296.3537914521755,1224.3997227685077,1372.27734375,1308.79844432351,1263.0921309544337,1290.3736572265625,1272.6639039200318,1283.2336410792568,1296.47802734375,1298.094210634429
confirm-g-0003-run-001,1145.8548278808594,-0.7264532672026888,1120.417781649851,1233.3984375,1132.2142863337328,1121.8399427250038,1230.697265625,1134.7104067160242,1115.5736593779661,1127.8037109375,1128.411112529406,1125.968583736703,1170.65478515625,1132.2223362914901
confirm-g-0004-run-001,1804.197216796875,2.31764695605677,1913.1481275538852,1714.1673583984375,1863.4808816940615,1845.5039241265986,1732.402099609375,1808.6008072207494,1810.8119642223617,1814.9364013671875,1840.6682210684412,1813.0263106922653,1787.1541748046875,1806.8304789713404
confirm-g-0005-run-001,1965.78505859375,-1.8851771187099395,1946.3784746802967,1960.946044921875,1960.7991729109424,1980.4152210092675,1977.2972412109375,1995.187587807355,1929.6235305944858,1978.137451171875,1965.178526691078,1958.3630424212447,1993.4263916015625,1978.8720542691524
confirm-g-0006-run-001,1917.0913330078124,1.6390601717923847,2028.0912506826244,1908.0751953125,1897.2122525875022,1960.282086792382,1888.895751953125,1876.7634841631116,1921.5762034154343,2006.5286865234375,1891.9716799609603,1845.0318963798086,1841.7252197265625,1866.0711111666753
confirm-g-0007-run-001,1522.1342926025393,-0.7822712852973087,1530.452581795017,1563.34521484375,1528.2935312578693,1515.0353427543523,1625.1343994140625,1500.1182426505018,1487.6780473701842,1469.7733154296875,1490.7178332266046,1515.4287158619666,1522.5472412109375,1518.4834246950247
confirm-g-0008-run-001,1580.9285827636718,3.99510260122244,1591.2621864678601,1629.774169921875,1595.319631307327,1558.7180084148172,1669.39599609375,1621.2898703627325,1585.915140945176,1624.925537109375,1626.6075680872593,1618.056180652164,1618.169189453125,1652.2055497778692
confirm-g-0009-run-001,1875.27900390625,1.72034736317421,1944.1138220353985,1890.9501953125,1852.68320498723,1870.8511000135616,1860.1375732421875,1826.1810189925297,1851.0985837887492,1930.1829833984375,1851.9445845862938,1797.6654911812789,1828.49365234375,1829.488128761206
confirm-g-0010-run-001,2282.788250732422,0.4280691937718522,2415.2090143212263,2274.46630859375,2264.081787637961,2394.966430521526,2217.384765625,2246.035661010277,2322.2587707015073,2202.515869140625,2275.2724992996723,2293.4427881607025,2321.0498046875,2254.5203175926454
confirm-g-0011-run-001,1551.6343261718748,1.2740689058189096,1605.4476926508773,1582.57666015625,1520.9814966770184,1519.1029144723122,1576.6053466796875,1527.3598787101216,1556.6061624484182,1542.9180908203125,1547.0543660182357,1555.990498623717,1557.4644775390625,1566.8677722311077
confirm-g-0012-run-001,2198.243096923828,2.274890566501894,2444.9962763432873,2108.375,2418.2574815471203,2333.002670220256,2102.04052734375,2251.933649805431,2283.641621755179,2199.801025390625,2217.133325305032,2252.3534325884266,2215.454833984375,2214.590687309121
confirm-g-0013-run-001,1986.5328369140625,-0.1715089756255126,2064.6198396614204,2034.5001220703125,1993.9545659917137,2094.5084633324986,1911.5859375,1987.9674269531708,1963.166923539865,1980.399169921875,1981.1663734834772,1985.129489106871,1974.0772705078125,1981.702118112138
confirm-g-0014-run-001,2625.800109863281,4.697062475781292,2252.6745662931003,2403.8603515625,2350.9874217295246,2198.763847785527,2713.33154296875,2384.016353837657,2427.551719698012,2546.73193359375,2451.7056327612313,2541.965483640697,2588.76416015625,2540.0581634446553
confirm-g-0015-run-001,1724.824951171875,0.7825548639518456,1759.7838134423403,1820.1717529296875,1716.1962671981519,1677.5103721477612,1816.85107421875,1678.2663444284126,1716.619267861633,1708.01318359375,1686.673235480542,1705.1474519798435,1726.997314453125,1709.801218120717
confirm-g-0016-run-001,1906.0237121582031,0.1063918804203681,1976.1632173829626,1984.6279296875,1917.4368182372218,1934.8267590623373,1955.905029296875,1892.6177713293853,1900.5335202679169,2000.7275390625,1899.766168141733,1907.2269901021964,1901.441162109375,1906.3653982758015
confirm-g-0017-run-001,1083.9841445922852,2.9016301224403747,1188.2302147907735,1092.04248046875,1074.5933752048973,1023.607058803799,1133.5062255859375,1127.625327689506,1093.4065834662201,1124.4849853515625,1122.8337847222144,1066.175577191265,1102.56005859375,1114.2765768986264
confirm-g-0018-run-001,1777.4994964599612,-2.3729851629930785,1815.4227975624735,1774.684326171875,1785.65771281176,1817.4948248230696,1798.96533203125,1758.966538737729,1805.666294074088,1831.3597412109375,1771.4480969432007,1804.6734609078478,1780.7816162109375,1765.799099409105
confirm-g-0019-run-001,1153.594683837891,-0.3610507873888831,1103.134231390893,1193.6466064453125,1142.4954033011215,1116.685354253216,1142.847900390625,1133.1148916146087,1136.5779964400435,1183.5059814453125,1125.5966961110228,1148.2725938537517,1155.181884765625,1143.1566417589927
confirm-g-0020-run-001,1424.6585540771484,1.8189294489290075,1547.2551308880593,1367.4393310546875,1399.671561298711,1474.8517927159926,1449.59912109375,1407.627647646367,1438.6260626556177,1368.03076171875,1419.0418619167674,1435.8611247877443,1400.85205078125,1422.2758792504094
confirm-g-0021-run-001,2396.749658203125,4.6216627373394745,2499.127663328128,2286.8291015625,2509.4200425921676,2459.9448413420278,2388.524658203125,2515.6174792585894,2489.51257587286,2339.633544921875,2496.995083236608,2437.2632531272684,2394.89990234375,2467.568647585609
confirm-g-0022-run-001,2364.7326049804688,4.7448997773238855,2285.0718819844037,2371.2724609375,2476.1641823831915,2388.104347026059,2400.22021484375,2439.5011461852237,2420.1108185668877,2317.5751953125,2396.741826320625,2434.7667110917246,2367.96875,2414.7896702219846
confirm-g-0023-run-001,1301.7000207822184,-2.2151985033732577,1142.3709863560541,1298.0379638671875,1306.7962078884811,1163.5896632673857,1239.0458984375,1323.7147967517756,1259.885160565861,1292.0791015625,1344.262704312442,1277.565105759953,1293.653076171875,1333.2546524468974
confirm-g-0024-run-001,1372.4795288085938,-0.0127381994029196,1329.8262010615992,1331.842041015625,1377.4702417602805,1378.4021381321922,1347.9505615234375,1371.1461479025656,1366.506168178593,1356.3953857421875,1348.4413972601617,1370.806656299411,1361.144287109375,1350.6199470776303
confirm-g-0025-run-001,1080.0181045532229,-0.8541080197857103,966.7740476421824,1047.3433837890625,1080.4110849124415,1055.0557008547444,1050.4176025390625,1057.4674784873125,1162.7081288425543,1001.9393920898438,1102.5967075523479,1114.5610962372316,1064.2862548828125,1060.6091782531898
confirm-g-0026-run-001,1330.7890380859376,0.6629489968562339,1380.2773744342915,1275.201171875,1311.914764804661,1335.694885523748,1339.4188232421875,1328.5529230919465,1342.6420696352834,1381.396240234375,1326.6524399510824,1349.521244200504,1341.7391357421875,1330.8055904637638
confirm-g-0027-run-001,1739.1835327148435,-3.179083967269344,1655.794563104485,1816.5894775390625,1748.6845124215934,1694.8217934395973,1763.377685546875,1738.9425681010378,1748.2881006691184,1804.830322265625,1725.363949583986,1723.6431808532718,1747.981201171875,1734.9190807394295
confirm-g-0028-run-001,2103.6061676025392,3.852618119767312,2024.1514924925489,1868.158203125,2016.3350566585395,2197.236465106972,1895.6231689453125,2162.6559150667886,2087.518845982242,1983.8511962890625,2102.220191648771,2158.4570025843364,2188.549072265625,2146.9438544526315
confirm-g-0029-run-001,802.0707092285156,-4.7400529638202,725.3692452837395,818.7771606445312,809.3027739027999,831.2062460477559,822.1044921875,750.0012972130938,906.0395706395855,855.59912109375,815.9777498523594,858.0805154970561,778.8438110351562,828.0670835085706
confirm-g-0030-run-001,1433.744888305664,0.2248087887119003,1344.8634251180142,1434.455078125,1444.6597592152166,1292.6016198468292,1487.4476318359375,1443.4565135075445,1440.894116950626,1425.3272705078125,1457.4398290213137,1439.760096700292,1443.1075439453125,1431.719935626738
